<?xml version="1.0" encoding="UTF-8"?><CodeSystem xmlns="http://hl7.org/fhir"><id value="dk-core-regional-subdivision-codes"/><text><status value="generated"/><div xmlns="http://www.w3.org/1999/xhtml"><p>This case-insensitive code system <code>http://hl7.dk/fhir/core/CodeSystem/dk-core-regional-subdivision-codes</code> defines the following codes:</p><table class="codes"><tr><td style="white-space:nowrap"><b>Code</b></td><td><b>Display</b></td><td><b>Dansk (Danish, da)</b></td></tr><tr><td style="white-space:nowrap">DK-84<a name="dk-core-regional-subdivision-codes-DK-84"> </a></td><td>Capital Region of Denmark</td><td>Hovedstaden</td></tr><tr><td style="white-space:nowrap">DK-82<a name="dk-core-regional-subdivision-codes-DK-82"> </a></td><td>Central Denmark Region</td><td>Midtjylland</td></tr><tr><td style="white-space:nowrap">DK-81<a name="dk-core-regional-subdivision-codes-DK-81"> </a></td><td>Nord Denmark Region</td><td>Nordjylland</td></tr><tr><td style="white-space:nowrap">DK-85<a name="dk-core-regional-subdivision-codes-DK-85"> </a></td><td>Region Zealand</td><td>Sjælland</td></tr><tr><td style="white-space:nowrap">DK-83<a name="dk-core-regional-subdivision-codes-DK-83"> </a></td><td>Region of Southern Denmark</td><td>Syddanmark</td></tr></table></div></text><url value="http://hl7.dk/fhir/core/CodeSystem/dk-core-regional-subdivision-codes"/><version value="3.1.0"/><name value="DKCoreRegionalSubdivisionCodes"/><title value="DK Regional Subdivision Codes"/><status value="active"/><experimental value="false"/><date value="2024-01-08T21:47:11+01:00"/><publisher value="HL7 Denmark"/><contact><name value="HL7 Denmark"/><telecom><system value="url"/><value value="http://www.hl7.dk"/></telecom><telecom><system value="email"/><value value="jenskristianvilladsen@gmail.com"/></telecom></contact><description value="Subdivision codes (Regional codes) used in Denmark as found on https://www.iso.org/obp/ui/#iso:code:3166:DK"/><jurisdiction><coding><system value="urn:iso:std:iso:3166"/><code value="DK"/><display value="Denmark"/></coding></jurisdiction><caseSensitive value="false"/><content value="complete"/><count value="5"/><concept><code value="DK-84"/><display value="Capital Region of Denmark"/><designation><language value="da"/><value value="Hovedstaden"/></designation></concept><concept><code value="DK-82"/><display value="Central Denmark Region"/><designation><language value="da"/><value value="Midtjylland"/></designation></concept><concept><code value="DK-81"/><display value="Nord Denmark Region"/><designation><language value="da"/><value value="Nordjylland"/></designation></concept><concept><code value="DK-85"/><display value="Region Zealand"/><designation><language value="da"/><value value="Sjælland"/></designation></concept><concept><code value="DK-83"/><display value="Region of Southern Denmark"/><designation><language value="da"/><value value="Syddanmark"/></designation></concept></CodeSystem>