<?xml version="1.0" encoding="UTF-8"?>

<CapabilityStatement xmlns="http://hl7.org/fhir">
  <id value="example-ipa-server"/>
  <text>
    <status value="extensions"/><div xmlns="http://www.w3.org/1999/xhtml"><p class="res-header-id"><b>Generated Narrative: CapabilityStatement example-ipa-server</b></p><a name="example-ipa-server"> </a><a name="hcexample-ipa-server"> </a><a name="example-ipa-server-da-DK"> </a><h2 id="title"/><ul><li>Implementation Guide Version: 1.0.0 </li><li>FHIR Version: 4.0.1 </li><li>Supported Formats: <code>application/fhir+xml</code>, <code>xml</code>, <code>application/fhir+json</code>, <code>json</code>, <code>application/x-turtle</code>, <code>ttl</code></li><li>Supported Patch Formats: </li><li>Published on: 2024-05-13 08:59:01+0000 </li><li>Published by: HL7 Denmark </li></ul><blockquote class="impl-note"><p><strong>Note to Implementers: FHIR Capabilities</strong></p><p>Any FHIR capability may be 'allowed' by the system unless explicitly marked as 'SHALL NOT'. A few items are marked as MAY in the Implementation Guide to highlight their potential relevance to the use case.</p></blockquote><h2 id="rest">FHIR RESTful Capabilities</h2><div class="panel panel-default"><div class="panel-heading"><h3 id="mode1" class="panel-title">Mode: <code>server</code></h3></div><div class="panel-body"><div class="lead"><em>Security</em></div><div class="row"><div class="col-lg-6">Enable CORS: yes</div><div class="col-lg-6">Security services supported: <code>OAuth</code>, <code>SMART-on-FHIR</code>, <code>Basic</code></div></div><div class="lead"><em>Summary of System-wide Interactions</em></div></div></div><h3 id="resourcesCap1">Capabilities by Resource/Profile</h3><h4 id="resourcesSummary1">Summary</h4><p>The summary table lists the resources that are part of this configuration, and for each resource it lists:</p><ul><li>The relevant profiles (if any)</li><li>The interactions supported by each resource (<b><span class="bg-info">R</span></b>ead, <b><span class="bg-info">S</span></b>earch, <b><span class="bg-info">U</span></b>pdate, and <b><span class="bg-info">C</span></b>reate, are always shown, while <b><span class="bg-info">VR</span></b>ead, <b><span class="bg-info">P</span></b>atch, <b><span class="bg-info">D</span></b>elete, <b><span class="bg-info">H</span></b>istory on <b><span class="bg-info">I</span></b>nstance, or <b><span class="bg-info">H</span></b>istory on <b><span class="bg-info">T</span></b>ype are only present if at least one of the resources has support for them.</li><li><span>The required, recommended, and some optional search parameters (if any). </span></li><li>The linked resources enabled for <code>_include</code></li><li>The other resources enabled for <code>_revinclude</code></li><li>The operations on the resource (if any)</li></ul><div class="table-responsive"><table class="table table-condensed table-hover"><thead><tr><th><b>Resource Type</b></th><th><b>Profile</b></th><th class="text-center"><b title="GET a resource (read interaction)">R</b></th><th class="text-center"><b title="GET past versions of resources (vread interaction)">V-R</b></th><th class="text-center"><b title="GET all set of resources of the type (search interaction)">S</b></th><th class="text-center"><b title="PUT a new resource version (update interaction)">U</b></th><th class="text-center"><b title="POST a new resource (create interaction)">C</b></th><th><b title="Required and recommended search parameters">Searches</b></th><th><code><b>_include</b></code></th><th><code><b>_revinclude</b></code></th><th><b>Operations</b></th></tr></thead><tbody><tr><td><a href="#Condition1-1">Condition</a></td><td><a href="http://hl7.org/fhir/R4/condition.html">http://hl7.org/fhir/StructureDefinition/Condition</a></td><td class="text-center"></td><td class="text-center"></td><td class="text-center">y</td><td class="text-center"></td><td class="text-center"></td><td></td><td><code>*</code></td><td/><td/></tr><tr><td><a href="#Immunization1-2">Immunization</a></td><td><a href="http://hl7.org/fhir/R4/immunization.html">http://hl7.org/fhir/StructureDefinition/Immunization</a></td><td class="text-center"></td><td class="text-center"></td><td class="text-center">y</td><td class="text-center"></td><td class="text-center"></td><td></td><td><code>*</code></td><td/><td/></tr><tr><td><a href="#Medication1-3">Medication</a></td><td><a href="http://hl7.org/fhir/R4/medication.html">http://hl7.org/fhir/StructureDefinition/Medication</a></td><td class="text-center"></td><td class="text-center"></td><td class="text-center">y</td><td class="text-center"></td><td class="text-center"></td><td></td><td><code>*</code></td><td/><td/></tr><tr><td><a href="#MedicationRequest1-4">MedicationRequest</a></td><td><a href="http://hl7.org/fhir/R4/medicationrequest.html">http://hl7.org/fhir/StructureDefinition/MedicationRequest</a></td><td class="text-center"></td><td class="text-center"></td><td class="text-center">y</td><td class="text-center"></td><td class="text-center"></td><td>_id</td><td><code>*</code></td><td/><td/></tr><tr><td><a href="#MedicationStatement1-5">MedicationStatement</a></td><td><a href="http://hl7.org/fhir/R4/medicationstatement.html">http://hl7.org/fhir/StructureDefinition/MedicationStatement</a></td><td class="text-center"></td><td class="text-center"></td><td class="text-center">y</td><td class="text-center"></td><td class="text-center"></td><td></td><td><code>*</code></td><td/><td/></tr><tr><td><a href="#Observation1-6">Observation</a></td><td><a href="http://hl7.org/fhir/R4/observation.html">http://hl7.org/fhir/StructureDefinition/Observation</a></td><td class="text-center"></td><td class="text-center"></td><td class="text-center">y</td><td class="text-center"></td><td class="text-center"></td><td></td><td><code>*</code></td><td/><td/></tr><tr><td><a href="#OperationDefinition1-7">OperationDefinition</a></td><td><a href="http://hl7.org/fhir/R4/operationdefinition.html">http://hl7.org/fhir/StructureDefinition/OperationDefinition</a></td><td class="text-center">y</td><td class="text-center"></td><td class="text-center"></td><td class="text-center"></td><td class="text-center"></td><td></td><td><code>*</code></td><td/><td/></tr><tr><td><a href="#Patient1-8">Patient</a></td><td><a href="http://hl7.org/fhir/R4/patient.html">http://hl7.org/fhir/StructureDefinition/Patient</a></td><td class="text-center">y</td><td class="text-center">y</td><td class="text-center">y</td><td class="text-center"></td><td class="text-center"></td><td></td><td><code>*</code></td><td/><td><code>$summary</code></td></tr><tr><td><a href="#Practitioner1-9">Practitioner</a></td><td><a href="http://hl7.org/fhir/R4/practitioner.html">http://hl7.org/fhir/StructureDefinition/Practitioner</a></td><td class="text-center"></td><td class="text-center"></td><td class="text-center">y</td><td class="text-center"></td><td class="text-center"></td><td></td><td><code>*</code></td><td/><td/></tr></tbody></table></div><hr/><div class="panel panel-default"><div class="panel-heading"><h4 id="Condition1-1" class="panel-title"><span style="float: right;">Resource Conformance: supported </span>Condition</h4></div><div class="panel-body"><div class="container"><div class="row"><div class="col-lg-6"><span class="lead">Base System Profile</span><br/><a href="http://hl7.org/fhir/R4/condition.html">Condition</a></div><div class="col-lg-3"><span class="lead">Profile Conformance</span><br/><b>SHALL</b></div><div class="col-lg-3"><span class="lead">Reference Policy</span><br/></div></div><p/><div class="row"><div class="col-lg-6"><span class="lead">Interaction summary</span><br/><ul><li>Supports <code>search-type</code>.</li></ul></div></div><p/></div></div></div><div class="panel panel-default"><div class="panel-heading"><h4 id="Immunization1-2" class="panel-title"><span style="float: right;">Resource Conformance: supported </span>Immunization</h4></div><div class="panel-body"><div class="container"><div class="row"><div class="col-lg-6"><span class="lead">Base System Profile</span><br/><a href="http://hl7.org/fhir/R4/immunization.html">Immunization</a></div><div class="col-lg-3"><span class="lead">Profile Conformance</span><br/><b>SHALL</b></div><div class="col-lg-3"><span class="lead">Reference Policy</span><br/></div></div><p/><div class="row"><div class="col-lg-6"><span class="lead">Interaction summary</span><br/><ul><li>Supports <code>search-type</code>.</li></ul></div></div><p/></div></div></div><div class="panel panel-default"><div class="panel-heading"><h4 id="Medication1-3" class="panel-title"><span style="float: right;">Resource Conformance: supported </span>Medication</h4></div><div class="panel-body"><div class="container"><div class="row"><div class="col-lg-6"><span class="lead">Base System Profile</span><br/><a href="http://hl7.org/fhir/R4/medication.html">Medication</a></div><div class="col-lg-3"><span class="lead">Profile Conformance</span><br/><b>SHALL</b></div><div class="col-lg-3"><span class="lead">Reference Policy</span><br/></div></div><p/><div class="row"><div class="col-lg-6"><span class="lead">Interaction summary</span><br/><ul><li>Supports <code>search-type</code>.</li></ul></div></div><p/></div></div></div><div class="panel panel-default"><div class="panel-heading"><h4 id="MedicationRequest1-4" class="panel-title"><span style="float: right;">Resource Conformance: supported </span>MedicationRequest</h4></div><div class="panel-body"><div class="container"><div class="row"><div class="col-lg-6"><span class="lead">Base System Profile</span><br/><a href="http://hl7.org/fhir/R4/medicationrequest.html">MedicationRequest</a></div><div class="col-lg-3"><span class="lead">Profile Conformance</span><br/><b>SHALL</b></div><div class="col-lg-3"><span class="lead">Reference Policy</span><br/></div></div><p/><div class="row"><div class="col-lg-6"><span class="lead">Interaction summary</span><br/><ul><li>Supports <code>search-type</code>.</li></ul></div></div><p/><div class="row"><div class="col-lg-7"><span class="lead">Search Parameters</span><table class="table table-condensed table-hover"><thead><tr><th>Conformance</th><th>Parameter</th><th>Type</th><th>Documentation</th></tr></thead><tbody><tr><td><b>SHALL</b></td><td>_id</td><td><code>token</code></td><td><div><p>The ID of the resource</p>
</div></td></tr></tbody></table></div><div class="col-lg-5"> </div></div></div></div></div><div class="panel panel-default"><div class="panel-heading"><h4 id="MedicationStatement1-5" class="panel-title"><span style="float: right;">Resource Conformance: supported </span>MedicationStatement</h4></div><div class="panel-body"><div class="container"><div class="row"><div class="col-lg-6"><span class="lead">Base System Profile</span><br/><a href="http://hl7.org/fhir/R4/medicationstatement.html">MedicationStatement</a></div><div class="col-lg-3"><span class="lead">Profile Conformance</span><br/><b>SHALL</b></div><div class="col-lg-3"><span class="lead">Reference Policy</span><br/></div></div><p/><div class="row"><div class="col-lg-6"><span class="lead">Interaction summary</span><br/><ul><li>Supports <code>search-type</code>.</li></ul></div></div><p/></div></div></div><div class="panel panel-default"><div class="panel-heading"><h4 id="Observation1-6" class="panel-title"><span style="float: right;">Resource Conformance: supported </span>Observation</h4></div><div class="panel-body"><div class="container"><div class="row"><div class="col-lg-6"><span class="lead">Base System Profile</span><br/><a href="http://hl7.org/fhir/R4/observation.html">Observation</a></div><div class="col-lg-3"><span class="lead">Profile Conformance</span><br/><b>SHALL</b></div><div class="col-lg-3"><span class="lead">Reference Policy</span><br/></div></div><p/><div class="row"><div class="col-lg-6"><span class="lead">Interaction summary</span><br/><ul><li>Supports <code>search-type</code>.</li></ul></div></div><p/></div></div></div><div class="panel panel-default"><div class="panel-heading"><h4 id="OperationDefinition1-7" class="panel-title"><span style="float: right;">Resource Conformance: supported </span>OperationDefinition</h4></div><div class="panel-body"><div class="container"><div class="row"><div class="col-lg-6"><span class="lead">Base System Profile</span><br/><a href="http://hl7.org/fhir/R4/operationdefinition.html">OperationDefinition</a></div><div class="col-lg-3"><span class="lead">Profile Conformance</span><br/><b>SHALL</b></div><div class="col-lg-3"><span class="lead">Reference Policy</span><br/></div></div><p/><div class="row"><div class="col-lg-6"><span class="lead">Interaction summary</span><br/><ul><li>Supports <code>read</code>.</li></ul></div></div><p/></div></div></div><div class="panel panel-default"><div class="panel-heading"><h4 id="Patient1-8" class="panel-title"><span style="float: right;">Resource Conformance: supported </span>Patient</h4></div><div class="panel-body"><div class="container"><div class="row"><div class="col-lg-6"><span class="lead">Base System Profile</span><br/><a href="http://hl7.org/fhir/R4/patient.html">Patient</a></div><div class="col-lg-3"><span class="lead">Profile Conformance</span><br/><b>SHALL</b></div><div class="col-lg-3"><span class="lead">Reference Policy</span><br/></div></div><p/><div class="row"><div class="col-lg-6"><span class="lead">Interaction summary</span><br/><ul><li>Supports <code>search-type</code>, <code>vread</code>, <code>read</code>.</li></ul></div></div><p/><div class="row"><div class="col-12"><span class="lead">Extended Operations</span><table class="table table-condensed table-hover"><thead><tr><th>Conformance</th><th>Operation</th><th>Documentation</th></tr></thead><tbody><tr><td><b>SHALL</b></td><td>$summary</td><td><div/></td></tr></tbody></table></div></div></div></div></div><div class="panel panel-default"><div class="panel-heading"><h4 id="Practitioner1-9" class="panel-title"><span style="float: right;">Resource Conformance: supported </span>Practitioner</h4></div><div class="panel-body"><div class="container"><div class="row"><div class="col-lg-6"><span class="lead">Base System Profile</span><br/><a href="http://hl7.org/fhir/R4/practitioner.html">Practitioner</a></div><div class="col-lg-3"><span class="lead">Profile Conformance</span><br/><b>SHALL</b></div><div class="col-lg-3"><span class="lead">Reference Policy</span><br/></div></div><p/><div class="row"><div class="col-lg-6"><span class="lead">Interaction summary</span><br/><ul><li>Supports <code>search-type</code>.</li></ul></div></div><p/></div></div></div></div>
  </text>
  <url value="http://hl7.dk/fhir/smart/CapabilityStatement/example-ipa-server"/>
  <version value="1.0.0"/>
  <name value="RestServer"/>
  <status value="active"/>
  <date value="2024-05-13T08:59:01.007+00:00"/>
  <publisher value="HL7 Denmark"/>
  <contact>
    <name value="HL7 Denmark"/>
    <telecom>
      <system value="url"/>
      <value value="https://www.hl7.dk/"/>
    </telecom>
    <telecom>
      <system value="email"/>
      <value value="jenskristianvilladsen@gmail.com"/>
    </telecom>
  </contact>
  <jurisdiction>
    <coding>
      <system value="urn:iso:std:iso:3166"/>
      <code value="DK"/>
      <display value="Denmark"/>
    </coding>
  </jurisdiction>
  <kind value="instance"/>
  <software>
    <name value="HL7 Denmark example FHIR Server"/>
    <version value="0.9.0"/>
  </software>
  <implementation>
    <description value="HAPI FHIR"/>
    <url value="https://gravitate-ips.gravitate.tcs.trifork.dev/fhir/metadata"/>
  </implementation>
  <fhirVersion value="4.0.1"/>
  <format value="application/fhir+xml"/>
  <format value="xml"/>
  <format value="application/fhir+json"/>
  <format value="json"/>
  <format value="application/x-turtle"/>
  <format value="ttl"/>
  <rest>
    <mode value="server"/>
    <security>
      <extension url="http://fhir-registry.smarthealthit.org/StructureDefinition/oauth-uris">
        <extension url="authorize">
          <valueUri value="https://gravitate-ips.gravitate.tcs.trifork.dev/oauth2/authorize"/>
        </extension>
        <extension url="token">
          <valueUri value="https://gravitate-ips.gravitate.tcs.trifork.dev/oauth2/token"/>
        </extension>
      </extension>
      <cors value="true"/>
      <service>
        <coding>
          <system value="http://terminology.hl7.org/CodeSystem/restful-security-service"/>
          <code value="OAuth"/>
          <display value="OAuth"/>
        </coding>
        <text value="OAuth"/>
      </service>
      <service>
        <coding>
          <system value="http://terminology.hl7.org/CodeSystem/restful-security-service"/>
          <code value="SMART-on-FHIR"/>
          <display value="SMART-on-FHIR"/>
        </coding>
        <text value="SMART-on-FHIR"/>
      </service>
      <service>
        <coding>
          <system value="http://terminology.hl7.org/CodeSystem/restful-security-service"/>
          <code value="Basic"/>
          <display value="Basic"/>
        </coding>
        <text value="Basic"/>
      </service>
    </security>
    <resource>
      <type value="Condition"/>
      <profile value="http://hl7.org/fhir/StructureDefinition/Condition"/>
      <interaction>
        <code value="search-type"/>
      </interaction>
      <searchInclude value="*"/>
    </resource>
    <resource>
      <type value="Immunization"/>
      <profile value="http://hl7.org/fhir/StructureDefinition/Immunization"/>
      <interaction>
        <code value="search-type"/>
      </interaction>
      <searchInclude value="*"/>
    </resource>
    <resource>
      <type value="Medication"/>
      <profile value="http://hl7.org/fhir/StructureDefinition/Medication"/>
      <interaction>
        <code value="search-type"/>
      </interaction>
      <searchInclude value="*"/>
    </resource>
    <resource>
      <type value="MedicationRequest"/>
      <profile value="http://hl7.org/fhir/StructureDefinition/MedicationRequest"/>
      <interaction>
        <code value="search-type"/>
      </interaction>
      <searchInclude value="*"/>
      <searchParam>
        <name value="_id"/>
        <type value="token"/>
        <documentation value="The ID of the resource"/>
      </searchParam>
    </resource>
    <resource>
      <type value="MedicationStatement"/>
      <profile value="http://hl7.org/fhir/StructureDefinition/MedicationStatement"/>
      <interaction>
        <code value="search-type"/>
      </interaction>
      <searchInclude value="*"/>
    </resource>
    <resource>
      <type value="Observation"/>
      <profile value="http://hl7.org/fhir/StructureDefinition/Observation"/>
      <interaction>
        <code value="search-type"/>
      </interaction>
      <searchInclude value="*"/>
    </resource>
    <resource>
      <type value="OperationDefinition"/>
      <profile value="http://hl7.org/fhir/StructureDefinition/OperationDefinition"/>
      <interaction>
        <code value="read"/>
      </interaction>
      <searchInclude value="*"/>
    </resource>
    <resource>
      <type value="Patient"/>
      <profile value="http://hl7.org/fhir/StructureDefinition/Patient"/>
      <interaction>
        <code value="search-type"/>
      </interaction>
      <interaction>
        <code value="vread"/>
      </interaction>
      <interaction>
        <code value="read"/>
      </interaction>
      <searchInclude value="*"/>
      <operation>
        <name value="summary"/>
        <definition value="https://gravitate-ips.gravitate.tcs.trifork.dev/fhir/metadata/OperationDefinition/Patient-t-summary"/>
      </operation>
    </resource>
    <resource>
      <type value="Practitioner"/>
      <profile value="http://hl7.org/fhir/StructureDefinition/Practitioner"/>
      <interaction>
        <code value="search-type"/>
      </interaction>
      <searchInclude value="*"/>
    </resource>
  </rest>
</CapabilityStatement>