{
  "resourceType" : "ValueSet",
  "id" : "98041a14-e3f2-454e-a5c8-0d1560df48e9-8",
  "url" : "http://hl7.org/fhir/comparison/ValueSet/98041a14-e3f2-454e-a5c8-0d1560df48e9-8",
  "name" : "UnionMarital Status CodesAndnull",
  "title" : "Union of MaritalStatus And DK MaritalStatus",
  "status" : "active",
  "date" : "2023-05-04T21:41:45+02:00",
  "jurisdiction" : [{
    "coding" : [{
      "system" : "urn:iso:std:iso:3166",
      "code" : "DK",
      "display" : "Denmark"
    }]
  }],
  "compose" : {
    "include" : [{
      "system" : "http://terminology.hl7.org/CodeSystem/v3-MaritalStatus"
    },
    {
      "system" : "http://terminology.hl7.org/CodeSystem/v3-NullFlavor",
      "concept" : [{
        "code" : "UNK"
      }]
    },
    {
      "valueSet" : ["http://hl7.org/fhir/ValueSet/marital-status"]
    },
    {
      "system" : "http://hl7.dk/fhir/core/CodeSystem/dk-marital-status",
      "concept" : [{
        "code" : "P",
        "display" : "Registered partnership",
        "designation" : [{
          "language" : "da",
          "value" : "Registreret partnerskab"
        }]
      },
      {
        "code" : "O",
        "display" : "Dissolved partnership",
        "designation" : [{
          "language" : "da",
          "value" : "Ophævet partnerskab"
        }]
      }]
    }]
  },
  "expansion" : {
    "contains" : [{
      "system" : "http://terminology.hl7.org/CodeSystem/v3-MaritalStatus",
      "code" : "A",
      "display" : "Annulled"
    },
    {
      "system" : "http://terminology.hl7.org/CodeSystem/v3-MaritalStatus",
      "code" : "D",
      "display" : "Divorced"
    },
    {
      "system" : "http://terminology.hl7.org/CodeSystem/v3-MaritalStatus",
      "code" : "I",
      "display" : "Interlocutory"
    },
    {
      "system" : "http://terminology.hl7.org/CodeSystem/v3-MaritalStatus",
      "code" : "L",
      "display" : "Legally Separated"
    },
    {
      "system" : "http://terminology.hl7.org/CodeSystem/v3-MaritalStatus",
      "code" : "M",
      "display" : "Married"
    },
    {
      "system" : "http://terminology.hl7.org/CodeSystem/v3-MaritalStatus",
      "code" : "C",
      "display" : "Common Law"
    },
    {
      "system" : "http://terminology.hl7.org/CodeSystem/v3-MaritalStatus",
      "code" : "P",
      "display" : "Polygamous"
    },
    {
      "system" : "http://terminology.hl7.org/CodeSystem/v3-MaritalStatus",
      "code" : "T",
      "display" : "Domestic partner"
    },
    {
      "system" : "http://terminology.hl7.org/CodeSystem/v3-MaritalStatus",
      "code" : "U",
      "display" : "unmarried"
    },
    {
      "system" : "http://terminology.hl7.org/CodeSystem/v3-MaritalStatus",
      "code" : "S",
      "display" : "Never Married"
    },
    {
      "system" : "http://terminology.hl7.org/CodeSystem/v3-MaritalStatus",
      "code" : "W",
      "display" : "Widowed"
    },
    {
      "system" : "http://terminology.hl7.org/CodeSystem/v3-NullFlavor",
      "code" : "UNK",
      "display" : "unknown"
    },
    {
      "system" : "http://hl7.dk/fhir/core/CodeSystem/dk-marital-status",
      "code" : "P",
      "display" : "Registered partnership"
    },
    {
      "system" : "http://hl7.dk/fhir/core/CodeSystem/dk-marital-status",
      "code" : "O",
      "display" : "Dissolved partnership"
    }]
  }
}