<?xml version="1.0" encoding="UTF-8"?><CodeSystem xmlns="http://hl7.org/fhir"><id value="dk-npu-fragment"/><text><status value="generated"/><div xmlns="http://www.w3.org/1999/xhtml"><p class="res-header-id"><b>Generated Narrative: CodeSystem dk-npu-fragment</b></p><a name="dk-npu-fragment"> </a><a name="hcdk-npu-fragment"> </a><a name="dk-npu-fragment-da-DK"> </a><p><b>Properties</b></p><p><b>This code system defines the following properties for its concepts</b></p><table class="grid"><tr><td><b>Name</b></td><td><b>Code</b></td><td><b>URI</b></td><td><b>Type</b></td><td><b>Description</b></td></tr><tr><td>comment</td><td>comment</td><td>http://hl7.org/fhir/concept-properties#comment</td><td>string</td><td>A string that provides additional detail pertinent to the use or understanding of the concept</td></tr><tr><td>effectiveDate</td><td>effectiveDate</td><td>http://hl7.org/fhir/concept-properties#effectiveDate</td><td>dateTime</td><td>The date at which the concept status was last changed</td></tr><tr><td>status</td><td>status</td><td>http://hl7.org/fhir/concept-properties#status</td><td>code</td><td>A code that indicates the status of the concept. Typical values are active, experimental, deprecated, and retired</td></tr><tr><td>Inactive</td><td>inactive</td><td>http://hl7.org/fhir/concept-properties#inactive</td><td>boolean</td><td>True if the concept is not considered active - e.g. not a valid concept any more. Property type is boolean, default value is false. Note that the status property may also be used to indicate that a concept is inactive</td></tr><tr><td>ChangeDate</td><td>ChangeDate</td><td>https://iupac.org/fhir/npu/concept-properties#ChangeDate</td><td>dateTime</td><td/></tr><tr><td>CreatedDate</td><td>CreatedDate</td><td>https://iupac.org/fhir/npu/concept-properties#CreatedDate</td><td>dateTime</td><td/></tr><tr><td>System</td><td>System</td><td>https://iupac.org/fhir/npu/concept-properties#System</td><td>string</td><td/></tr><tr><td>SysSpec</td><td>SysSpec</td><td>https://iupac.org/fhir/npu/concept-properties#SysSpec</td><td>string</td><td/></tr><tr><td>Component</td><td>Component</td><td>https://iupac.org/fhir/npu/concept-properties#Component</td><td>string</td><td/></tr><tr><td>CompSpec</td><td>CompSpec</td><td>https://iupac.org/fhir/npu/concept-properties#CompSpec</td><td>string</td><td/></tr><tr><td>Kind-of-property</td><td>Kind-of-property</td><td>https://iupac.org/fhir/npu/concept-properties#Kind-of-property</td><td>string</td><td/></tr><tr><td>Speciality</td><td>Speciality</td><td>https://iupac.org/fhir/npu/concept-properties#Speciality</td><td>string</td><td/></tr><tr><td>Code value</td><td>Code value</td><td>https://iupac.org/fhir/npu/concept-properties#Code-value</td><td>string</td><td/></tr><tr><td>Scale type</td><td>Scale type</td><td>https://iupac.org/fhir/npu/concept-properties#Scale-type</td><td>string</td><td/></tr><tr><td>Proc</td><td>Proc</td><td>https://iupac.org/fhir/npu/concept-properties#Proc</td><td>string</td><td/></tr><tr><td>Unit</td><td>Unit</td><td>https://iupac.org/fhir/npu/concept-properties#Unit</td><td>string</td><td/></tr><tr><td>STATUS</td><td>STATUS</td><td>https://iupac.org/fhir/npu/concept-properties#STATUS</td><td>string</td><td/></tr></table><p><b>Concepts</b></p><p>This case-insensitive code system <code>urn:oid:1.2.208.176.2.1</code> provides <b>a fragment</b> that includes following codes:</p><table class="codes"><tr><td style="white-space:nowrap"><b>Code</b></td><td><b>Display</b></td><td><b>comment</b></td><td><b>effectiveDate</b></td><td><b>status</b></td><td><b>Inactive</b></td><td><b>Dansk (Danish, da)</b></td></tr><tr><td style="white-space:nowrap">NPU03011<a name="dk-npu-fragment-NPU03011"> </a></td><td>Hb(Fe; O₂-bind.; aB)—Oxygen(O₂); sat. = ?</td><td>Unit defined</td><td>2000-12-20T00:00:00+01:00</td><td>active</td><td/><td>Hb(Fe; O₂-bind.;aB)—Oxygen(O₂); mætn. = ?</td></tr><tr><td style="white-space:nowrap">NPU27280<a name="dk-npu-fragment-NPU27280"> </a></td><td>Hb(Fe; O₂-bind.; aB)—Oxygen(O₂); sat.(Pulse oximetry) = ?</td><td>Unit defined</td><td>2007-11-23T00:00:00+01:00</td><td>active</td><td/><td>Hb(Fe; O₂-bind.;aB)—Oxygen(O₂); mætn.(pulsoximetri) = ?</td></tr><tr><td style="white-space:nowrap">NPU04034<a name="dk-npu-fragment-NPU04034"> </a></td><td>Pt(spec.)—Blood; temp. = ? °C</td><td>Unit defined</td><td>1996-05-08T00:00:00+02:00</td><td>active</td><td/><td>Pt(spec.)—Blod; temp. = ? °C</td></tr><tr><td style="white-space:nowrap">NPU08676<a name="dk-npu-fragment-NPU08676"> </a></td><td>Pt—Body; temp. = ? °C</td><td>Unit defined</td><td>1997-04-15T00:00:00+02:00</td><td>active</td><td/><td>Pt—Legeme; temp. = ? °C</td></tr><tr style="background-color: #ffeeee"><td style="white-space:nowrap">NPU58033<a name="dk-npu-fragment-NPU58033"> </a></td><td>Artery(spec.)—Blood pressure(systolic); pr.(proc.) = ? mmHg</td><td>Specification changed</td><td>2021-03-19T00:00:00+01:00</td><td>deprecated</td><td>true</td><td>Arterie(spec.)—Blodtryk(systolisk); tryk(proc.) = ? mmHg</td></tr><tr><td style="white-space:nowrap">NPU57947<a name="dk-npu-fragment-NPU57947"> </a></td><td>Artery(spec.)—Blood; pr.(systolic; proc.) = ? mmHg</td><td>Unit defined</td><td>2017-12-05T00:00:00+01:00</td><td>active</td><td/><td>Arterie(spec.)—Blod; tryk(systolisk;proc.) = ? mmHg</td></tr><tr style="background-color: #ffeeee"><td style="white-space:nowrap">NPU58034<a name="dk-npu-fragment-NPU58034"> </a></td><td>Artery(spec.)—Blood pressure(diastolic); pr.(proc.) = ? mmHg</td><td>Specification changed</td><td>2017-12-18T00:00:00+01:00</td><td>deprecated</td><td>true</td><td>Arterie(spec.)—Blodtryk(diastolisk); tryk(proc.) = ? mmHg</td></tr><tr><td style="white-space:nowrap">NPU57948<a name="dk-npu-fragment-NPU57948"> </a></td><td>Artery(spec.)—Blood; pr.(diastolic; proc.) = ? mmHg</td><td>Unit defined</td><td>2017-12-05T00:00:00+01:00</td><td>active</td><td/><td>Arterie(spec.)—Blod; tryk(diastolisk;proc.) = ? mmHg</td></tr><tr><td style="white-space:nowrap">NPU21692<a name="dk-npu-fragment-NPU21692"> </a></td><td>Heart—Systole; frequency = ? × 1/min</td><td>Unit defined</td><td>2004-09-29T00:00:00+02:00</td><td>active</td><td/><td>Hjerte—Systole; frekv. = ? × 1/min</td></tr><tr><td style="white-space:nowrap">NPU03794<a name="dk-npu-fragment-NPU03794"> </a></td><td>Pt—Body; height = ? m</td><td>Unit defined</td><td>1997-04-15T00:00:00+02:00</td><td>active</td><td/><td>Pt—Legeme; højde = ? m</td></tr><tr><td style="white-space:nowrap">NPU03804<a name="dk-npu-fragment-NPU03804"> </a></td><td>Pt—Body; mass = ? kg</td><td>Unit defined</td><td>1996-01-01T00:00:00+01:00</td><td>active</td><td/><td>Pt—Legeme; masse = ? kg</td></tr><tr><td style="white-space:nowrap">NPU27281<a name="dk-npu-fragment-NPU27281"> </a></td><td>Pt—Body; mass coefficient(mass/squared height) = ? kg/m²</td><td>Unit defined</td><td>2007-12-06T00:00:00+01:00</td><td>active</td><td/><td>Pt—Legeme; massekoefficient(masse/kvadreret højde) = ? kg/m²</td></tr></table></div></text><url value="urn:oid:1.2.208.176.2.1"/><version value="3.4.0"/><name value="NPU"/><title value="DK NPU Subset"/><status value="active"/><experimental value="false"/><date value="2025-02-01T19:23:09+01:00"/><publisher value="HL7 Denmark"/><contact><name value="HL7 Denmark"/><telecom><system value="url"/><value value="http://www.hl7.dk"/></telecom><telecom><system value="email"/><value value="jenskristianvilladsen@gmail.com"/></telecom></contact><description value="DK NPU Subsetted code system used in DK Core. The full version of NPU can be found at http://labterm.dk"/><jurisdiction><coding><system value="urn:iso:std:iso:3166"/><code value="DK"/><display value="Denmark"/></coding></jurisdiction><copyright value="The International Union of Pure and Applied Chemistry (IUPAC) and the International Federation of Clinical Chemistry and laboratory medicine (IFCC)"/><caseSensitive value="false"/><content value="fragment"/><property><code value="comment"/><uri value="http://hl7.org/fhir/concept-properties#comment"/><description value="A string that provides additional detail pertinent to the use or understanding of the concept"/><type value="string"/></property><property><code value="effectiveDate"/><uri value="http://hl7.org/fhir/concept-properties#effectiveDate"/><description value="The date at which the concept status was last changed"/><type value="dateTime"/></property><property><code value="status"/><uri value="http://hl7.org/fhir/concept-properties#status"/><description value="A code that indicates the status of the concept. Typical values are active, experimental, deprecated, and retired"/><type value="code"/></property><property><code value="inactive"/><uri value="http://hl7.org/fhir/concept-properties#inactive"/><description value="True if the concept is not considered active - e.g. not a valid concept any more. Property type is boolean, default value is false. Note that the status property may also be used to indicate that a concept is inactive"/><type value="boolean"/></property><property><code value="ChangeDate"/><uri value="https://iupac.org/fhir/npu/concept-properties#ChangeDate"/><type value="dateTime"/></property><property><code value="CreatedDate"/><uri value="https://iupac.org/fhir/npu/concept-properties#CreatedDate"/><type value="dateTime"/></property><property><code value="System"/><uri value="https://iupac.org/fhir/npu/concept-properties#System"/><type value="string"/></property><property><code value="SysSpec"/><uri value="https://iupac.org/fhir/npu/concept-properties#SysSpec"/><type value="string"/></property><property><code value="Component"/><uri value="https://iupac.org/fhir/npu/concept-properties#Component"/><type value="string"/></property><property><code value="CompSpec"/><uri value="https://iupac.org/fhir/npu/concept-properties#CompSpec"/><type value="string"/></property><property><code value="Kind-of-property"/><uri value="https://iupac.org/fhir/npu/concept-properties#Kind-of-property"/><type value="string"/></property><property><code value="Speciality"/><uri value="https://iupac.org/fhir/npu/concept-properties#Speciality"/><type value="string"/></property><property><code value="Code value"/><uri value="https://iupac.org/fhir/npu/concept-properties#Code-value"/><type value="string"/></property><property><code value="Scale type"/><uri value="https://iupac.org/fhir/npu/concept-properties#Scale-type"/><type value="string"/></property><property><code value="Proc"/><uri value="https://iupac.org/fhir/npu/concept-properties#Proc"/><type value="string"/></property><property><code value="Unit"/><uri value="https://iupac.org/fhir/npu/concept-properties#Unit"/><type value="string"/></property><property><code value="STATUS"/><uri value="https://iupac.org/fhir/npu/concept-properties#STATUS"/><type value="string"/></property><concept><code value="NPU03011"/><display value="Hb(Fe; O₂-bind.; aB)—Oxygen(O₂); sat. = ?"/><designation><language value="da"/><value value="Hb(Fe; O₂-bind.;aB)—Oxygen(O₂); mætn. = ?"/></designation><property><code value="ChangeDate"/><valueDateTime value="2000-12-20T00:00:00+01:00"/></property><property><code value="CreatedDate"/><valueDateTime value="1996-12-24T00:00:00+01:00"/></property><property><code value="System"/><valueString value="Hb"/></property><property><code value="SysSpec"/><valueString value="Fe; O₂-bind.;aB"/></property><property><code value="Component"/><valueString value="Oxygen"/></property><property><code value="CompSpec"/><valueString value="O₂"/></property><property><code value="Kind-of-property"/><valueString value="sat."/></property><property><code value="Speciality"/><valueString value="CLC"/></property><property><code value="Code value"/><valueString value="3011"/></property><property><code value="Scale type"/><valueString value="Ratio"/></property><property><code value="STATUS"/><valueString value="ACTIVE"/></property><property><code value="effectiveDate"/><valueDateTime value="2000-12-20T00:00:00+01:00"/></property><property><code value="status"/><valueCode value="active"/></property><property><code value="comment"/><valueString value="Unit defined"/></property></concept><concept><code value="NPU27280"/><display value="Hb(Fe; O₂-bind.; aB)—Oxygen(O₂); sat.(Pulse oximetry) = ?"/><designation><language value="da"/><value value="Hb(Fe; O₂-bind.;aB)—Oxygen(O₂); mætn.(pulsoximetri) = ?"/></designation><property><code value="CreatedDate"/><valueDateTime value="2007-11-23T00:00:00+01:00"/></property><property><code value="System"/><valueString value="Hb"/></property><property><code value="SysSpec"/><valueString value="Fe; O₂-bind.;aB"/></property><property><code value="Component"/><valueString value="Oxygen"/></property><property><code value="CompSpec"/><valueString value="O₂"/></property><property><code value="Kind-of-property"/><valueString value="sat."/></property><property><code value="Proc"/><valueString value="Pulse oximetry"/></property><property><code value="Speciality"/><valueString value="CLC"/></property><property><code value="Code value"/><valueString value="27280"/></property><property><code value="Scale type"/><valueString value="Ratio"/></property><property><code value="STATUS"/><valueString value="ACTIVE"/></property><property><code value="effectiveDate"/><valueDateTime value="2007-11-23T00:00:00+01:00"/></property><property><code value="status"/><valueCode value="active"/></property><property><code value="comment"/><valueString value="Unit defined"/></property></concept><concept><code value="NPU04034"/><display value="Pt(spec.)—Blood; temp. = ? °C"/><designation><language value="da"/><value value="Pt(spec.)—Blod; temp. = ? °C"/></designation><property><code value="CreatedDate"/><valueDateTime value="1996-05-08T00:00:00+02:00"/></property><property><code value="System"/><valueString value="Pt"/></property><property><code value="SysSpec"/><valueString value="spec."/></property><property><code value="Component"/><valueString value="Blood"/></property><property><code value="Kind-of-property"/><valueString value="temp."/></property><property><code value="Unit"/><valueString value="°C"/></property><property><code value="Speciality"/><valueString value="CLC"/></property><property><code value="Code value"/><valueString value="4034"/></property><property><code value="Scale type"/><valueString value="Differential"/></property><property><code value="STATUS"/><valueString value="ACTIVE"/></property><property><code value="effectiveDate"/><valueDateTime value="1996-05-08T00:00:00+02:00"/></property><property><code value="status"/><valueCode value="active"/></property><property><code value="comment"/><valueString value="Unit defined"/></property></concept><concept><code value="NPU08676"/><display value="Pt—Body; temp. = ? °C"/><designation><language value="da"/><value value="Pt—Legeme; temp. = ? °C"/></designation><property><code value="CreatedDate"/><valueDateTime value="1997-04-15T00:00:00+02:00"/></property><property><code value="System"/><valueString value="Pt"/></property><property><code value="Component"/><valueString value="Body"/></property><property><code value="Kind-of-property"/><valueString value="temp."/></property><property><code value="Unit"/><valueString value="°C"/></property><property><code value="Speciality"/><valueString value="CLC"/></property><property><code value="Code value"/><valueString value="8676"/></property><property><code value="Scale type"/><valueString value="Differential"/></property><property><code value="STATUS"/><valueString value="ACTIVE"/></property><property><code value="effectiveDate"/><valueDateTime value="1997-04-15T00:00:00+02:00"/></property><property><code value="status"/><valueCode value="active"/></property><property><code value="comment"/><valueString value="Unit defined"/></property></concept><concept><code value="NPU58033"/><display value="Artery(spec.)—Blood pressure(systolic); pr.(proc.) = ? mmHg"/><designation><language value="da"/><value value="Arterie(spec.)—Blodtryk(systolisk); tryk(proc.) = ? mmHg"/></designation><property><code value="ChangeDate"/><valueDateTime value="2021-03-19T00:00:00+01:00"/></property><property><code value="CreatedDate"/><valueDateTime value="2017-12-18T00:00:00+01:00"/></property><property><code value="System"/><valueString value="Artery"/></property><property><code value="SysSpec"/><valueString value="spec."/></property><property><code value="Component"/><valueString value="Blood pressure"/></property><property><code value="CompSpec"/><valueString value="systolic"/></property><property><code value="Kind-of-property"/><valueString value="pr."/></property><property><code value="Proc"/><valueString value="proc."/></property><property><code value="Unit"/><valueString value="mmHg"/></property><property><code value="Speciality"/><valueString value="CLC"/></property><property><code value="Code value"/><valueString value="58033"/></property><property><code value="Scale type"/><valueString value="Ratio"/></property><property><code value="STATUS"/><valueString value="ACTIVE"/></property><property><code value="effectiveDate"/><valueDateTime value="2021-03-19T00:00:00+01:00"/></property><property><code value="status"/><valueCode value="deprecated"/></property><property><code value="comment"/><valueString value="Specification changed"/></property><property><code value="inactive"/><valueBoolean value="true"/></property></concept><concept><code value="NPU57947"/><display value="Artery(spec.)—Blood; pr.(systolic; proc.) = ? mmHg"/><designation><language value="da"/><value value="Arterie(spec.)—Blod; tryk(systolisk;proc.) = ? mmHg"/></designation><property><code value="CreatedDate"/><valueDateTime value="2017-12-05T00:00:00+01:00"/></property><property><code value="System"/><valueString value="Artery"/></property><property><code value="SysSpec"/><valueString value="spec."/></property><property><code value="Component"/><valueString value="Blood"/></property><property><code value="Kind-of-property"/><valueString value="pr."/></property><property><code value="Proc"/><valueString value="systolic;proc."/></property><property><code value="Unit"/><valueString value="mmHg"/></property><property><code value="Speciality"/><valueString value="CLC"/></property><property><code value="Code value"/><valueString value="57947"/></property><property><code value="Scale type"/><valueString value="Ratio"/></property><property><code value="STATUS"/><valueString value="ACTIVE"/></property><property><code value="effectiveDate"/><valueDateTime value="2017-12-05T00:00:00+01:00"/></property><property><code value="status"/><valueCode value="active"/></property><property><code value="comment"/><valueString value="Unit defined"/></property></concept><concept><code value="NPU58034"/><display value="Artery(spec.)—Blood pressure(diastolic); pr.(proc.) = ? mmHg"/><designation><language value="da"/><value value="Arterie(spec.)—Blodtryk(diastolisk); tryk(proc.) = ? mmHg"/></designation><property><code value="CreatedDate"/><valueDateTime value="2017-12-18T00:00:00+01:00"/></property><property><code value="System"/><valueString value="Artery"/></property><property><code value="SysSpec"/><valueString value="spec."/></property><property><code value="Component"/><valueString value="Blood pressure"/></property><property><code value="CompSpec"/><valueString value="diastolic"/></property><property><code value="Kind-of-property"/><valueString value="pr."/></property><property><code value="Proc"/><valueString value="proc."/></property><property><code value="Unit"/><valueString value="mmHg"/></property><property><code value="Speciality"/><valueString value="CLC"/></property><property><code value="Code value"/><valueString value="58034"/></property><property><code value="Scale type"/><valueString value="Ratio"/></property><property><code value="STATUS"/><valueString value="ACTIVE"/></property><property><code value="effectiveDate"/><valueDateTime value="2017-12-18T00:00:00+01:00"/></property><property><code value="status"/><valueCode value="deprecated"/></property><property><code value="comment"/><valueString value="Specification changed"/></property><property><code value="inactive"/><valueBoolean value="true"/></property></concept><concept><code value="NPU57948"/><display value="Artery(spec.)—Blood; pr.(diastolic; proc.) = ? mmHg"/><designation><language value="da"/><value value="Arterie(spec.)—Blod; tryk(diastolisk;proc.) = ? mmHg"/></designation><property><code value="CreatedDate"/><valueDateTime value="2017-12-05T00:00:00+01:00"/></property><property><code value="System"/><valueString value="Artery"/></property><property><code value="SysSpec"/><valueString value="spec."/></property><property><code value="Component"/><valueString value="Blood"/></property><property><code value="Kind-of-property"/><valueString value="pr."/></property><property><code value="Proc"/><valueString value="diastolic;proc."/></property><property><code value="Unit"/><valueString value="mmHg"/></property><property><code value="Speciality"/><valueString value="CLC"/></property><property><code value="Code value"/><valueString value="57948"/></property><property><code value="Scale type"/><valueString value="Ratio"/></property><property><code value="STATUS"/><valueString value="ACTIVE"/></property><property><code value="effectiveDate"/><valueDateTime value="2017-12-05T00:00:00+01:00"/></property><property><code value="status"/><valueCode value="active"/></property><property><code value="comment"/><valueString value="Unit defined"/></property></concept><concept><code value="NPU21692"/><display value="Heart—Systole; frequency = ? × 1/min"/><designation><language value="da"/><value value="Hjerte—Systole; frekv. = ? × 1/min"/></designation><property><code value="CreatedDate"/><valueDateTime value="2004-09-29T00:00:00+02:00"/></property><property><code value="System"/><valueString value="Heart"/></property><property><code value="Component"/><valueString value="Systole"/></property><property><code value="Kind-of-property"/><valueString value="frequency"/></property><property><code value="Unit"/><valueString value="× 1/min"/></property><property><code value="Speciality"/><valueString value="FUN"/></property><property><code value="Code value"/><valueString value="21692"/></property><property><code value="Scale type"/><valueString value="Ratio"/></property><property><code value="STATUS"/><valueString value="ACTIVE"/></property><property><code value="effectiveDate"/><valueDateTime value="2004-09-29T00:00:00+02:00"/></property><property><code value="status"/><valueCode value="active"/></property><property><code value="comment"/><valueString value="Unit defined"/></property></concept><concept><code value="NPU03794"/><display value="Pt—Body; height = ? m"/><designation><language value="da"/><value value="Pt—Legeme; højde = ? m"/></designation><property><code value="CreatedDate"/><valueDateTime value="1997-04-15T00:00:00+02:00"/></property><property><code value="System"/><valueString value="Pt"/></property><property><code value="Component"/><valueString value="Body"/></property><property><code value="Kind-of-property"/><valueString value="height"/></property><property><code value="Unit"/><valueString value="m"/></property><property><code value="Speciality"/><valueString value="CLC"/></property><property><code value="Code value"/><valueString value="3794"/></property><property><code value="Scale type"/><valueString value="Ratio"/></property><property><code value="STATUS"/><valueString value="ACTIVE"/></property><property><code value="effectiveDate"/><valueDateTime value="1997-04-15T00:00:00+02:00"/></property><property><code value="status"/><valueCode value="active"/></property><property><code value="comment"/><valueString value="Unit defined"/></property></concept><concept><code value="NPU03804"/><display value="Pt—Body; mass = ? kg"/><designation><language value="da"/><value value="Pt—Legeme; masse = ? kg"/></designation><property><code value="CreatedDate"/><valueDateTime value="1996-01-01T00:00:00+01:00"/></property><property><code value="System"/><valueString value="Pt"/></property><property><code value="Component"/><valueString value="Body"/></property><property><code value="Kind-of-property"/><valueString value="mass"/></property><property><code value="Unit"/><valueString value="kg"/></property><property><code value="Speciality"/><valueString value="CLC"/></property><property><code value="Code value"/><valueString value="3804"/></property><property><code value="Scale type"/><valueString value="Ratio"/></property><property><code value="STATUS"/><valueString value="ACTIVE"/></property><property><code value="effectiveDate"/><valueDateTime value="1996-01-01T00:00:00+01:00"/></property><property><code value="status"/><valueCode value="active"/></property><property><code value="comment"/><valueString value="Unit defined"/></property></concept><concept><code value="NPU27281"/><display value="Pt—Body; mass coefficient(mass/squared height) = ? kg/m²"/><designation><language value="da"/><value value="Pt—Legeme; massekoefficient(masse/kvadreret højde) = ? kg/m²"/></designation><property><code value="ChangeDate"/><valueDateTime value="2007-12-06T00:00:00+01:00"/></property><property><code value="CreatedDate"/><valueDateTime value="2007-11-23T00:00:00+01:00"/></property><property><code value="System"/><valueString value="Pt"/></property><property><code value="Component"/><valueString value="Body"/></property><property><code value="Kind-of-property"/><valueString value="mass coefficient"/></property><property><code value="Proc"/><valueString value="mass/squared height"/></property><property><code value="Unit"/><valueString value="kg/m²"/></property><property><code value="Speciality"/><valueString value="CLC"/></property><property><code value="Code value"/><valueString value="27281"/></property><property><code value="Scale type"/><valueString value="Ratio"/></property><property><code value="STATUS"/><valueString value="ACTIVE"/></property><property><code value="effectiveDate"/><valueDateTime value="2007-12-06T00:00:00+01:00"/></property><property><code value="status"/><valueCode value="active"/></property><property><code value="comment"/><valueString value="Unit defined"/></property></concept></CodeSystem>