<?xml version="1.0" encoding="UTF-8"?><CodeSystem xmlns="http://hl7.org/fhir"><id value="request-status-dk-supplement"/><text><status value="generated"/><div xmlns="http://www.w3.org/1999/xhtml"><p class="res-header-id"><b>Generated Narrative: CodeSystem request-status-dk-supplement</b></p><a name="request-status-dk-supplement"> </a><a name="hcrequest-status-dk-supplement"> </a><p>This code system supplement <code>http://hl7.dk/fhir/core/CodeSystem/request-status-dk-supplement</code> defines displays on the following codes:</p><table class="codes"><tr><td style="white-space:nowrap"><b>Code</b></td><td><b>Dansk (Danish, da)</b></td></tr><tr><td><a style="white-space:nowrap" href="http://hl7.org/fhir/R4/codesystem-request-status.html#request-status-draft">draft</a><a name="request-status-dk-supplement-draft"> </a></td><td>Udkast</td></tr><tr><td><a style="white-space:nowrap" href="http://hl7.org/fhir/R4/codesystem-request-status.html#request-status-active">active</a><a name="request-status-dk-supplement-active"> </a></td><td>Aktiv</td></tr><tr><td><a style="white-space:nowrap" href="http://hl7.org/fhir/R4/codesystem-request-status.html#request-status-on-hold">on-hold</a><a name="request-status-dk-supplement-on-hold"> </a></td><td>Suspenderet</td></tr><tr><td><a style="white-space:nowrap" href="http://hl7.org/fhir/R4/codesystem-request-status.html#request-status-revoked">revoked</a><a name="request-status-dk-supplement-revoked"> </a></td><td>Annulleret</td></tr><tr><td><a style="white-space:nowrap" href="http://hl7.org/fhir/R4/codesystem-request-status.html#request-status-completed">completed</a><a name="request-status-dk-supplement-completed"> </a></td><td>Afsluttet</td></tr><tr><td><a style="white-space:nowrap" href="http://hl7.org/fhir/R4/codesystem-request-status.html#request-status-entered-in-error">entered-in-error</a><a name="request-status-dk-supplement-entered-in-error"> </a></td><td>Fejlindtastning</td></tr><tr><td><a style="white-space:nowrap" href="http://hl7.org/fhir/R4/codesystem-request-status.html#request-status-unknown">unknown</a><a name="request-status-dk-supplement-unknown"> </a></td><td>Ukendt</td></tr></table></div></text><url value="http://hl7.dk/fhir/core/CodeSystem/request-status-dk-supplement"/><version value="3.5.0"/><name value="RequestStatus"/><title value="DK Request Status"/><status value="active"/><experimental value="false"/><date value="2025-12-19T17:27:08+01:00"/><publisher value="HL7 Denmark"/><contact><name value="HL7 Denmark"/><telecom><system value="url"/><value value="http://www.hl7.dk"/></telecom><telecom><system value="email"/><value value="dk-affiliate@hl7.dk"/></telecom></contact><description value="Codes identifying the stage lifecycle stage of a request"/><jurisdiction><coding><system value="urn:iso:std:iso:3166"/><code value="DK"/><display value="Denmark"/></coding></jurisdiction><content value="supplement"/><supplements value="http://hl7.org/fhir/request-status"/><concept><code value="draft"/><designation><language value="da"/><use><system value="http://snomed.info/sct"/><version value="http://snomed.info/sct/554471000005108"/><code value="900000000000013009"/></use><value value="Udkast"/></designation></concept><concept><code value="active"/><designation><language value="da"/><use><system value="http://snomed.info/sct"/><version value="http://snomed.info/sct/554471000005108"/><code value="900000000000013009"/></use><value value="Aktiv"/></designation></concept><concept><code value="on-hold"/><designation><language value="da"/><use><system value="http://snomed.info/sct"/><version value="http://snomed.info/sct/554471000005108"/><code value="900000000000013009"/></use><value value="Suspenderet"/></designation></concept><concept><code value="revoked"/><designation><language value="da"/><use><system value="http://snomed.info/sct"/><version value="http://snomed.info/sct/554471000005108"/><code value="900000000000013009"/></use><value value="Annulleret"/></designation></concept><concept><code value="completed"/><designation><language value="da"/><use><system value="http://snomed.info/sct"/><version value="http://snomed.info/sct/554471000005108"/><code value="900000000000013009"/></use><value value="Afsluttet"/></designation></concept><concept><code value="entered-in-error"/><designation><language value="da"/><use><system value="http://snomed.info/sct"/><version value="http://snomed.info/sct/554471000005108"/><code value="900000000000013009"/></use><value value="Fejlindtastning"/></designation></concept><concept><code value="unknown"/><designation><language value="da"/><use><system value="http://snomed.info/sct"/><version value="http://snomed.info/sct/554471000005108"/><code value="900000000000013009"/></use><value value="Ukendt"/></designation></concept></CodeSystem>