<?xml version="1.0" encoding="UTF-8"?><CodeSystem xmlns="http://hl7.org/fhir"><id value="DkCoreProfessionGroupCodes"/><text><status value="generated"/><div xmlns="http://www.w3.org/1999/xhtml"><p class="res-header-id"><b>Generated Narrative: CodeSystem DkCoreProfessionGroupCodes</b></p><a name="DkCoreProfessionGroupCodes"> </a><a name="hcDkCoreProfessionGroupCodes"> </a><p>This case-insensitive code system <code>http://hl7.dk/fhir/core/CodeSystem/DkCoreProfessionGroupCodes</code> defines the following codes:</p><table class="codes"><tr><td style="white-space:nowrap"><b>Code</b></td><td><b>Display</b></td></tr><tr><td style="white-space:nowrap">C511<a name="DkCoreProfessionGroupCodes-C511"> </a></td><td>Ambulancebehandler</td></tr><tr><td style="white-space:nowrap">9495<a name="DkCoreProfessionGroupCodes-9495"> </a></td><td>Bandagist</td></tr><tr><td style="white-space:nowrap">B511<a name="DkCoreProfessionGroupCodes-B511"> </a></td><td>Behandlerfarmaceut</td></tr><tr><td style="white-space:nowrap">5159<a name="DkCoreProfessionGroupCodes-5159"> </a></td><td>Bioanalytiker</td></tr><tr><td style="white-space:nowrap">5153<a name="DkCoreProfessionGroupCodes-5153"> </a></td><td>Ergoterapeut</td></tr><tr><td style="white-space:nowrap">5155<a name="DkCoreProfessionGroupCodes-5155"> </a></td><td>Fodterapeut</td></tr><tr><td style="white-space:nowrap">5151<a name="DkCoreProfessionGroupCodes-5151"> </a></td><td>Fysioterapeut</td></tr><tr><td style="white-space:nowrap">5175<a name="DkCoreProfessionGroupCodes-5175"> </a></td><td>Jordemoder</td></tr><tr><td style="white-space:nowrap">5265<a name="DkCoreProfessionGroupCodes-5265"> </a></td><td>Kiropraktor</td></tr><tr><td style="white-space:nowrap">5451<a name="DkCoreProfessionGroupCodes-5451"> </a></td><td>Klinisk diætist</td></tr><tr><td style="white-space:nowrap">5432<a name="DkCoreProfessionGroupCodes-5432"> </a></td><td>Klinisk tandtekniker</td></tr><tr><td style="white-space:nowrap">5176a<a name="DkCoreProfessionGroupCodes-5176a"> </a></td><td>Kontaktlinseoptiker</td></tr><tr><td style="white-space:nowrap">7170<a name="DkCoreProfessionGroupCodes-7170"> </a></td><td>Læge</td></tr><tr><td style="white-space:nowrap">4498<a name="DkCoreProfessionGroupCodes-4498"> </a></td><td>Optiker</td></tr><tr><td style="white-space:nowrap">5176b<a name="DkCoreProfessionGroupCodes-5176b"> </a></td><td>Optometrist</td></tr><tr><td style="white-space:nowrap">A511<a name="DkCoreProfessionGroupCodes-A511"> </a></td><td>Osteopat</td></tr><tr><td style="white-space:nowrap">5158<a name="DkCoreProfessionGroupCodes-5158"> </a></td><td>Radiograf</td></tr><tr><td style="white-space:nowrap">5152<a name="DkCoreProfessionGroupCodes-5152"> </a></td><td>Social- og sundhedsassistent</td></tr><tr><td style="white-space:nowrap">5166<a name="DkCoreProfessionGroupCodes-5166"> </a></td><td>Sygeplejerske</td></tr><tr><td style="white-space:nowrap">5433<a name="DkCoreProfessionGroupCodes-5433"> </a></td><td>Tandlæge</td></tr><tr><td style="white-space:nowrap">5431<a name="DkCoreProfessionGroupCodes-5431"> </a></td><td>Tandplejer</td></tr></table></div></text><url value="http://hl7.dk/fhir/core/CodeSystem/DkCoreProfessionGroupCodes"/><version value="3.5.0"/><name value="DkCoreProfessionGroupCodes"/><title value="DK Profession Group Codes"/><status value="active"/><experimental value="false"/><date value="2025-12-19T17:27:08+01:00"/><publisher value="HL7 Denmark"/><contact><name value="HL7 Denmark"/><telecom><system value="url"/><value value="http://www.hl7.dk"/></telecom><telecom><system value="email"/><value value="dk-affiliate@hl7.dk"/></telecom></contact><description value="DK health ProfessionGroup codes as defined by https://www.retsinformation.dk/eli/lta/2019/731, and derived from http://autregwebservice.sst.dk/autregservice.asmx/GetAllProfessionGroups. Code (5176) was not uniqe, and have been converted to 5176a and 5176b"/><jurisdiction><coding><system value="urn:iso:std:iso:3166"/><code value="DK"/><display value="Denmark"/></coding></jurisdiction><caseSensitive value="false"/><content value="complete"/><count value="21"/><concept><code value="C511"/><display value="Ambulancebehandler"/><designation><use><system value="http://terminology.hl7.org/CodeSystem/hl7TermMaintInfra"/><code value="preferredForLanguage"/></use><value value="Ambulancebehandler"/></designation></concept><concept><code value="9495"/><display value="Bandagist"/><designation><use><system value="http://terminology.hl7.org/CodeSystem/hl7TermMaintInfra"/><code value="preferredForLanguage"/></use><value value="Bandagist"/></designation></concept><concept><code value="B511"/><display value="Behandlerfarmaceut"/><designation><use><system value="http://terminology.hl7.org/CodeSystem/hl7TermMaintInfra"/><code value="preferredForLanguage"/></use><value value="Behandlerfarmaceut"/></designation></concept><concept><code value="5159"/><display value="Bioanalytiker"/><designation><use><system value="http://terminology.hl7.org/CodeSystem/hl7TermMaintInfra"/><code value="preferredForLanguage"/></use><value value="Bioanalytiker"/></designation></concept><concept><code value="5153"/><display value="Ergoterapeut"/><designation><use><system value="http://terminology.hl7.org/CodeSystem/hl7TermMaintInfra"/><code value="preferredForLanguage"/></use><value value="Ergoterapeut"/></designation></concept><concept><code value="5155"/><display value="Fodterapeut"/><designation><use><system value="http://terminology.hl7.org/CodeSystem/hl7TermMaintInfra"/><code value="preferredForLanguage"/></use><value value="Fodterapeut"/></designation></concept><concept><code value="5151"/><display value="Fysioterapeut"/><designation><use><system value="http://terminology.hl7.org/CodeSystem/hl7TermMaintInfra"/><code value="preferredForLanguage"/></use><value value="Fysioterapeut"/></designation></concept><concept><code value="5175"/><display value="Jordemoder"/><designation><use><system value="http://terminology.hl7.org/CodeSystem/hl7TermMaintInfra"/><code value="preferredForLanguage"/></use><value value="Jordemoder"/></designation></concept><concept><code value="5265"/><display value="Kiropraktor"/><designation><use><system value="http://terminology.hl7.org/CodeSystem/hl7TermMaintInfra"/><code value="preferredForLanguage"/></use><value value="Kiropraktor"/></designation></concept><concept><code value="5451"/><display value="Klinisk diætist"/><designation><use><system value="http://terminology.hl7.org/CodeSystem/hl7TermMaintInfra"/><code value="preferredForLanguage"/></use><value value="Klinisk diætist"/></designation></concept><concept><code value="5432"/><display value="Klinisk tandtekniker"/><designation><use><system value="http://terminology.hl7.org/CodeSystem/hl7TermMaintInfra"/><code value="preferredForLanguage"/></use><value value="Klinisk tandtekniker"/></designation></concept><concept><code value="5176a"/><display value="Kontaktlinseoptiker"/><designation><use><system value="http://terminology.hl7.org/CodeSystem/hl7TermMaintInfra"/><code value="preferredForLanguage"/></use><value value="Kontaktlinseoptiker"/></designation></concept><concept><code value="7170"/><display value="Læge"/><designation><use><system value="http://terminology.hl7.org/CodeSystem/hl7TermMaintInfra"/><code value="preferredForLanguage"/></use><value value="Læge"/></designation></concept><concept><code value="4498"/><display value="Optiker"/><designation><use><system value="http://terminology.hl7.org/CodeSystem/hl7TermMaintInfra"/><code value="preferredForLanguage"/></use><value value="Optiker"/></designation></concept><concept><code value="5176b"/><display value="Optometrist"/><designation><use><system value="http://terminology.hl7.org/CodeSystem/hl7TermMaintInfra"/><code value="preferredForLanguage"/></use><value value="Optometrist"/></designation></concept><concept><code value="A511"/><display value="Osteopat"/><designation><use><system value="http://terminology.hl7.org/CodeSystem/hl7TermMaintInfra"/><code value="preferredForLanguage"/></use><value value="Osteopat"/></designation></concept><concept><code value="5158"/><display value="Radiograf"/><designation><use><system value="http://terminology.hl7.org/CodeSystem/hl7TermMaintInfra"/><code value="preferredForLanguage"/></use><value value="Radiograf"/></designation></concept><concept><code value="5152"/><display value="Social- og sundhedsassistent"/><designation><use><system value="http://terminology.hl7.org/CodeSystem/hl7TermMaintInfra"/><code value="preferredForLanguage"/></use><value value="Social- og sundhedsassistent"/></designation></concept><concept><code value="5166"/><display value="Sygeplejerske"/><designation><use><system value="http://terminology.hl7.org/CodeSystem/hl7TermMaintInfra"/><code value="preferredForLanguage"/></use><value value="Sygeplejerske"/></designation></concept><concept><code value="5433"/><display value="Tandlæge"/><designation><use><system value="http://terminology.hl7.org/CodeSystem/hl7TermMaintInfra"/><code value="preferredForLanguage"/></use><value value="Tandlæge"/></designation></concept><concept><code value="5431"/><display value="Tandplejer"/><designation><use><system value="http://terminology.hl7.org/CodeSystem/hl7TermMaintInfra"/><code value="preferredForLanguage"/></use><value value="Tandplejer"/></designation></concept></CodeSystem>