<?xml version="1.0" encoding="UTF-8"?><CodeSystem xmlns="http://hl7.org/fhir"><id value="consent-state-codes-dk-supplement"/><text><status value="generated"/><div xmlns="http://www.w3.org/1999/xhtml"><p>This code system <code>http://hl7.dk/fhir/core/CodeSystem/consent-state-codes-dk-supplement</code> defines displays on the following codes:</p><table class="codes"><tr><td style="white-space:nowrap"><b>Code</b></td><td><b>Dansk (Danish, da)</b></td></tr><tr><td><a style="white-space:nowrap" href="http://hl7.org/fhir/R4/codesystem-consent-state-codes.html#consent-state-codes-draft">draft</a><a name="consent-state-codes-dk-supplement-draft"> </a></td><td>Under udarbejdelse</td></tr><tr><td><a style="white-space:nowrap" href="http://hl7.org/fhir/R4/codesystem-consent-state-codes.html#consent-state-codes-proposed">proposed</a><a name="consent-state-codes-dk-supplement-proposed"> </a></td><td>Forslag</td></tr><tr><td><a style="white-space:nowrap" href="http://hl7.org/fhir/R4/codesystem-consent-state-codes.html#consent-state-codes-active">active</a><a name="consent-state-codes-dk-supplement-active"> </a></td><td>Aktiv</td></tr><tr><td><a style="white-space:nowrap" href="http://hl7.org/fhir/R4/codesystem-consent-state-codes.html#consent-state-codes-rejected">rejected</a><a name="consent-state-codes-dk-supplement-rejected"> </a></td><td>Afvist</td></tr><tr><td><a style="white-space:nowrap" href="http://hl7.org/fhir/R4/codesystem-consent-state-codes.html#consent-state-codes-inactive">inactive</a><a name="consent-state-codes-dk-supplement-inactive"> </a></td><td>Inaktiv</td></tr><tr><td><a style="white-space:nowrap" href="http://hl7.org/fhir/R4/codesystem-consent-state-codes.html#consent-state-codes-entered-in-error">entered-in-error</a><a name="consent-state-codes-dk-supplement-entered-in-error"> </a></td><td>Fejlindtastning</td></tr></table></div></text><url value="http://hl7.dk/fhir/core/CodeSystem/consent-state-codes-dk-supplement"/><version value="2.2.0"/><name value="ConsentState"/><title value="DK Consent State"/><status value="active"/><experimental value="false"/><date value="2023-05-05T01:43:00+02:00"/><publisher value="HL7 Denmark"/><contact><name value="HL7 Denmark"/><telecom><system value="url"/><value value="http://www.hl7.dk"/></telecom><telecom><system value="email"/><value value="jenskristianvilladsen@gmail.com"/></telecom></contact><description value="Indicates the state of the consent"/><jurisdiction><coding><system value="urn:iso:std:iso:3166"/><code value="DK"/><display value="Denmark"/></coding></jurisdiction><content value="supplement"/><supplements value="http://hl7.org/fhir/consent-state-codes"/><concept><code value="draft"/><designation><language value="da"/><use><system value="http://snomed.info/sct"/><code value="900000000000013009"/></use><value value="Under udarbejdelse"/></designation></concept><concept><code value="proposed"/><designation><language value="da"/><use><system value="http://snomed.info/sct"/><code value="900000000000013009"/></use><value value="Forslag"/></designation></concept><concept><code value="active"/><designation><language value="da"/><use><system value="http://snomed.info/sct"/><code value="900000000000013009"/></use><value value="Aktiv"/></designation></concept><concept><code value="rejected"/><designation><language value="da"/><use><system value="http://snomed.info/sct"/><code value="900000000000013009"/></use><value value="Afvist"/></designation></concept><concept><code value="inactive"/><designation><language value="da"/><use><system value="http://snomed.info/sct"/><code value="900000000000013009"/></use><value value="Inaktiv"/></designation></concept><concept><code value="entered-in-error"/><designation><language value="da"/><use><system value="http://snomed.info/sct"/><code value="900000000000013009"/></use><value value="Fejlindtastning"/></designation></concept></CodeSystem>