<?xml version="1.0" encoding="UTF-8"?><ImplementationGuide xmlns="http://hl7.org/fhir"><id value="hl7.fhir.dk.core"/><text><status value="extensions"/><div xmlns="http://www.w3.org/1999/xhtml"><h2>DKCore</h2><p>The official URL for this implementation guide is: </p><pre>http://hl7.dk/fhir/core/ImplementationGuide/hl7.fhir.dk.core</pre><div><p>A FHIR Implementation Guide for the Danish common needs across healthcare sectors</p>
</div></div></text><url value="http://hl7.dk/fhir/core/ImplementationGuide/hl7.fhir.dk.core"/><version value="3.0.0"/><name value="DKCore"/><title value="HL7 FHIR Implementation Guide: DK Core"/><status value="active"/><date value="2023-12-01T14:04:08+01:00"/><publisher value="HL7 Denmark"/><contact><name value="HL7 Denmark"/><telecom><system value="url"/><value value="http://www.hl7.dk"/></telecom><telecom><system value="email"/><value value="jenskristianvilladsen@gmail.com"/></telecom></contact><description value="A FHIR Implementation Guide for the Danish common needs across healthcare sectors"/><jurisdiction><coding><system value="urn:iso:std:iso:3166"/><code value="DK"/><display value="Denmark"/></coding></jurisdiction><packageId value="hl7.fhir.dk.core"/><license value="CC0-1.0"/><fhirVersion value="4.0.1"/><dependsOn id="hl7tx"><extension url="http://hl7.org/fhir/tools/StructureDefinition/implementationguide-dependency-comment"><valueMarkdown value="Automatically added as a dependency - all IGs depend on HL7 Terminology"/></extension><uri value="http://terminology.hl7.org/ImplementationGuide/hl7.terminology"/><packageId value="hl7.terminology.r4"/><version value="5.3.0"/></dependsOn><dependsOn id="hl7ext"><extension url="http://hl7.org/fhir/tools/StructureDefinition/implementationguide-dependency-comment"><valueMarkdown value="Automatically added as a dependency - all IGs depend on the HL7 Extension Pack"/></extension><uri value="http://hl7.org/fhir/extensions/ImplementationGuide/hl7.fhir.uv.extensions"/><packageId value="hl7.fhir.uv.extensions.r4"/><version value="1.0.0"/></dependsOn><dependsOn id="hl7_fhir_uv_phd"><uri value="http://hl7.org/fhir/uv/phd/ImplementationGuide/hl7.fhir.uv.phd"/><packageId value="hl7.fhir.uv.phd"/><version value="1.0.0"/></dependsOn><definition><extension url="http://hl7.org/fhir/tools/StructureDefinition/ig-parameter"><extension url="code"><valueString value="copyrightyear"/></extension><extension url="value"><valueString value="2021+"/></extension></extension><extension url="http://hl7.org/fhir/tools/StructureDefinition/ig-parameter"><extension url="code"><valueString value="releaselabel"/></extension><extension url="value"><valueString value="release"/></extension></extension><extension url="http://hl7.org/fhir/tools/StructureDefinition/ig-parameter"><extension url="code"><valueString value="show-inherited-invariants"/></extension><extension url="value"><valueString value="false"/></extension></extension><extension url="http://hl7.org/fhir/tools/StructureDefinition/ig-parameter"><extension url="code"><valueString value="ipa-comparison"/></extension><extension url="value"><valueString value="{last}"/></extension></extension><extension url="http://hl7.org/fhir/tools/StructureDefinition/ig-parameter"><extension url="code"><valueString value="special-url"/></extension><extension url="value"><valueString value="urn:oid:1.2.208.176.2.1"/></extension></extension><extension url="http://hl7.org/fhir/tools/StructureDefinition/ig-parameter"><extension url="code"><valueString value="special-url"/></extension><extension url="value"><valueString value="urn:iso:std:iso:11073:10101"/></extension></extension><extension url="http://hl7.org/fhir/tools/StructureDefinition/ig-parameter"><extension url="code"><valueString value="special-url"/></extension><extension url="value"><valueString value="urn:oid:1.2.208.176.2.4"/></extension></extension><extension url="http://hl7.org/fhir/tools/StructureDefinition/ig-parameter"><extension url="code"><valueString value="special-url"/></extension><extension url="value"><valueString value="urn:oid:1.2.208.176.2.21"/></extension></extension><extension url="http://hl7.org/fhir/tools/StructureDefinition/ig-parameter"><extension url="code"><valueString value="special-url"/></extension><extension url="value"><valueString value="urn:oid:1.2.208.176.2.4.12"/></extension></extension><extension url="http://hl7.org/fhir/tools/StructureDefinition/ig-parameter"><extension url="code"><valueString value="autoload-resources"/></extension><extension url="value"><valueString value="true"/></extension></extension><extension url="http://hl7.org/fhir/tools/StructureDefinition/ig-parameter"><extension url="code"><valueString value="path-liquid"/></extension><extension url="value"><valueString value="template/liquid"/></extension></extension><extension url="http://hl7.org/fhir/tools/StructureDefinition/ig-parameter"><extension url="code"><valueString value="path-liquid"/></extension><extension url="value"><valueString value="input/liquid"/></extension></extension><extension url="http://hl7.org/fhir/tools/StructureDefinition/ig-parameter"><extension url="code"><valueString value="path-qa"/></extension><extension url="value"><valueString value="temp/qa"/></extension></extension><extension url="http://hl7.org/fhir/tools/StructureDefinition/ig-parameter"><extension url="code"><valueString value="path-temp"/></extension><extension url="value"><valueString value="temp/pages"/></extension></extension><extension url="http://hl7.org/fhir/tools/StructureDefinition/ig-parameter"><extension url="code"><valueString value="path-output"/></extension><extension url="value"><valueString value="output"/></extension></extension><extension url="http://hl7.org/fhir/tools/StructureDefinition/ig-parameter"><extension url="code"><valueString value="path-suppressed-warnings"/></extension><extension url="value"><valueString value="input/ignoreWarnings.txt"/></extension></extension><extension url="http://hl7.org/fhir/tools/StructureDefinition/ig-parameter"><extension url="code"><valueString value="path-history"/></extension><extension url="value"><valueString value="http://hl7.dk/fhir/core/history.html"/></extension></extension><extension url="http://hl7.org/fhir/tools/StructureDefinition/ig-parameter"><extension url="code"><valueString value="template-html"/></extension><extension url="value"><valueString value="template-page.html"/></extension></extension><extension url="http://hl7.org/fhir/tools/StructureDefinition/ig-parameter"><extension url="code"><valueString value="template-md"/></extension><extension url="value"><valueString value="template-page-md.html"/></extension></extension><extension url="http://hl7.org/fhir/tools/StructureDefinition/ig-parameter"><extension url="code"><valueString value="apply-contact"/></extension><extension url="value"><valueString value="true"/></extension></extension><extension url="http://hl7.org/fhir/tools/StructureDefinition/ig-parameter"><extension url="code"><valueString value="apply-context"/></extension><extension url="value"><valueString value="true"/></extension></extension><extension url="http://hl7.org/fhir/tools/StructureDefinition/ig-parameter"><extension url="code"><valueString value="apply-copyright"/></extension><extension url="value"><valueString value="true"/></extension></extension><extension url="http://hl7.org/fhir/tools/StructureDefinition/ig-parameter"><extension url="code"><valueString value="apply-jurisdiction"/></extension><extension url="value"><valueString value="true"/></extension></extension><extension url="http://hl7.org/fhir/tools/StructureDefinition/ig-parameter"><extension url="code"><valueString value="apply-license"/></extension><extension url="value"><valueString value="true"/></extension></extension><extension url="http://hl7.org/fhir/tools/StructureDefinition/ig-parameter"><extension url="code"><valueString value="apply-publisher"/></extension><extension url="value"><valueString value="true"/></extension></extension><extension url="http://hl7.org/fhir/tools/StructureDefinition/ig-parameter"><extension url="code"><valueString value="apply-version"/></extension><extension url="value"><valueString value="true"/></extension></extension><extension url="http://hl7.org/fhir/tools/StructureDefinition/ig-parameter"><extension url="code"><valueString value="apply-wg"/></extension><extension url="value"><valueString value="true"/></extension></extension><extension url="http://hl7.org/fhir/tools/StructureDefinition/ig-parameter"><extension url="code"><valueString value="active-tables"/></extension><extension url="value"><valueString value="true"/></extension></extension><extension url="http://hl7.org/fhir/tools/StructureDefinition/ig-parameter"><extension url="code"><valueString value="fmm-definition"/></extension><extension url="value"><valueString value="http://hl7.org/fhir/versions.html#maturity"/></extension></extension><extension url="http://hl7.org/fhir/tools/StructureDefinition/ig-parameter"><extension url="code"><valueString value="propagate-status"/></extension><extension url="value"><valueString value="true"/></extension></extension><extension url="http://hl7.org/fhir/tools/StructureDefinition/ig-parameter"><extension url="code"><valueString value="excludelogbinaryformat"/></extension><extension url="value"><valueString value="true"/></extension></extension><extension url="http://hl7.org/fhir/tools/StructureDefinition/ig-parameter"><extension url="code"><valueString value="tabbed-snapshots"/></extension><extension url="value"><valueString value="true"/></extension></extension><extension url="http://hl7.org/fhir/tools/StructureDefinition/ig-internal-dependency"><valueCode value="hl7.fhir.uv.tools#current"/></extension><extension url="http://hl7.org/fhir/tools/StructureDefinition/ig-parameter"><extension url="code"><valueCode value="copyrightyear"/></extension><extension url="value"><valueString value="2021+"/></extension></extension><extension url="http://hl7.org/fhir/tools/StructureDefinition/ig-parameter"><extension url="code"><valueCode value="releaselabel"/></extension><extension url="value"><valueString value="release"/></extension></extension><extension url="http://hl7.org/fhir/tools/StructureDefinition/ig-parameter"><extension url="code"><valueCode value="show-inherited-invariants"/></extension><extension url="value"><valueString value="false"/></extension></extension><extension url="http://hl7.org/fhir/tools/StructureDefinition/ig-parameter"><extension url="code"><valueCode value="ipa-comparison"/></extension><extension url="value"><valueString value="{last}"/></extension></extension><extension url="http://hl7.org/fhir/tools/StructureDefinition/ig-parameter"><extension url="code"><valueCode value="special-url"/></extension><extension url="value"><valueString value="urn:oid:1.2.208.176.2.1"/></extension></extension><extension url="http://hl7.org/fhir/tools/StructureDefinition/ig-parameter"><extension url="code"><valueCode value="special-url"/></extension><extension url="value"><valueString value="urn:iso:std:iso:11073:10101"/></extension></extension><extension url="http://hl7.org/fhir/tools/StructureDefinition/ig-parameter"><extension url="code"><valueCode value="special-url"/></extension><extension url="value"><valueString value="urn:oid:1.2.208.176.2.4"/></extension></extension><extension url="http://hl7.org/fhir/tools/StructureDefinition/ig-parameter"><extension url="code"><valueCode value="special-url"/></extension><extension url="value"><valueString value="urn:oid:1.2.208.176.2.21"/></extension></extension><extension url="http://hl7.org/fhir/tools/StructureDefinition/ig-parameter"><extension url="code"><valueCode value="special-url"/></extension><extension url="value"><valueString value="urn:oid:1.2.208.176.2.4.12"/></extension></extension><extension url="http://hl7.org/fhir/tools/StructureDefinition/ig-parameter"><extension url="code"><valueCode value="autoload-resources"/></extension><extension url="value"><valueString value="true"/></extension></extension><extension url="http://hl7.org/fhir/tools/StructureDefinition/ig-parameter"><extension url="code"><valueCode value="path-liquid"/></extension><extension url="value"><valueString value="template/liquid"/></extension></extension><extension url="http://hl7.org/fhir/tools/StructureDefinition/ig-parameter"><extension url="code"><valueCode value="path-liquid"/></extension><extension url="value"><valueString value="input/liquid"/></extension></extension><extension url="http://hl7.org/fhir/tools/StructureDefinition/ig-parameter"><extension url="code"><valueCode value="path-qa"/></extension><extension url="value"><valueString value="temp/qa"/></extension></extension><extension url="http://hl7.org/fhir/tools/StructureDefinition/ig-parameter"><extension url="code"><valueCode value="path-temp"/></extension><extension url="value"><valueString value="temp/pages"/></extension></extension><extension url="http://hl7.org/fhir/tools/StructureDefinition/ig-parameter"><extension url="code"><valueCode value="path-output"/></extension><extension url="value"><valueString value="output"/></extension></extension><extension url="http://hl7.org/fhir/tools/StructureDefinition/ig-parameter"><extension url="code"><valueCode value="path-suppressed-warnings"/></extension><extension url="value"><valueString value="input/ignoreWarnings.txt"/></extension></extension><extension url="http://hl7.org/fhir/tools/StructureDefinition/ig-parameter"><extension url="code"><valueCode value="path-history"/></extension><extension url="value"><valueString value="http://hl7.dk/fhir/core/history.html"/></extension></extension><extension url="http://hl7.org/fhir/tools/StructureDefinition/ig-parameter"><extension url="code"><valueCode value="template-html"/></extension><extension url="value"><valueString value="template-page.html"/></extension></extension><extension url="http://hl7.org/fhir/tools/StructureDefinition/ig-parameter"><extension url="code"><valueCode value="template-md"/></extension><extension url="value"><valueString value="template-page-md.html"/></extension></extension><extension url="http://hl7.org/fhir/tools/StructureDefinition/ig-parameter"><extension url="code"><valueCode value="apply-contact"/></extension><extension url="value"><valueString value="true"/></extension></extension><extension url="http://hl7.org/fhir/tools/StructureDefinition/ig-parameter"><extension url="code"><valueCode value="apply-context"/></extension><extension url="value"><valueString value="true"/></extension></extension><extension url="http://hl7.org/fhir/tools/StructureDefinition/ig-parameter"><extension url="code"><valueCode value="apply-copyright"/></extension><extension url="value"><valueString value="true"/></extension></extension><extension url="http://hl7.org/fhir/tools/StructureDefinition/ig-parameter"><extension url="code"><valueCode value="apply-jurisdiction"/></extension><extension url="value"><valueString value="true"/></extension></extension><extension url="http://hl7.org/fhir/tools/StructureDefinition/ig-parameter"><extension url="code"><valueCode value="apply-license"/></extension><extension url="value"><valueString value="true"/></extension></extension><extension url="http://hl7.org/fhir/tools/StructureDefinition/ig-parameter"><extension url="code"><valueCode value="apply-publisher"/></extension><extension url="value"><valueString value="true"/></extension></extension><extension url="http://hl7.org/fhir/tools/StructureDefinition/ig-parameter"><extension url="code"><valueCode value="apply-version"/></extension><extension url="value"><valueString value="true"/></extension></extension><extension url="http://hl7.org/fhir/tools/StructureDefinition/ig-parameter"><extension url="code"><valueCode value="apply-wg"/></extension><extension url="value"><valueString value="true"/></extension></extension><extension url="http://hl7.org/fhir/tools/StructureDefinition/ig-parameter"><extension url="code"><valueCode value="active-tables"/></extension><extension url="value"><valueString value="true"/></extension></extension><extension url="http://hl7.org/fhir/tools/StructureDefinition/ig-parameter"><extension url="code"><valueCode value="fmm-definition"/></extension><extension url="value"><valueString value="http://hl7.org/fhir/versions.html#maturity"/></extension></extension><extension url="http://hl7.org/fhir/tools/StructureDefinition/ig-parameter"><extension url="code"><valueCode value="propagate-status"/></extension><extension url="value"><valueString value="true"/></extension></extension><extension url="http://hl7.org/fhir/tools/StructureDefinition/ig-parameter"><extension url="code"><valueCode value="excludelogbinaryformat"/></extension><extension url="value"><valueString value="true"/></extension></extension><extension url="http://hl7.org/fhir/tools/StructureDefinition/ig-parameter"><extension url="code"><valueCode value="tabbed-snapshots"/></extension><extension url="value"><valueString value="true"/></extension></extension><extension url="http://hl7.org/fhir/tools/StructureDefinition/ig-parameter"><extension url="code"><valueCode value="copyrightyear"/></extension><extension url="value"><valueString value="2021+"/></extension></extension><extension url="http://hl7.org/fhir/tools/StructureDefinition/ig-parameter"><extension url="code"><valueCode value="releaselabel"/></extension><extension url="value"><valueString value="release"/></extension></extension><extension url="http://hl7.org/fhir/tools/StructureDefinition/ig-parameter"><extension url="code"><valueCode value="show-inherited-invariants"/></extension><extension url="value"><valueString value="false"/></extension></extension><extension url="http://hl7.org/fhir/tools/StructureDefinition/ig-parameter"><extension url="code"><valueCode value="ipa-comparison"/></extension><extension url="value"><valueString value="{last}"/></extension></extension><extension url="http://hl7.org/fhir/tools/StructureDefinition/ig-parameter"><extension url="code"><valueCode value="special-url"/></extension><extension url="value"><valueString value="urn:oid:1.2.208.176.2.1"/></extension></extension><extension url="http://hl7.org/fhir/tools/StructureDefinition/ig-parameter"><extension url="code"><valueCode value="special-url"/></extension><extension url="value"><valueString value="urn:iso:std:iso:11073:10101"/></extension></extension><extension url="http://hl7.org/fhir/tools/StructureDefinition/ig-parameter"><extension url="code"><valueCode value="special-url"/></extension><extension url="value"><valueString value="urn:oid:1.2.208.176.2.4"/></extension></extension><extension url="http://hl7.org/fhir/tools/StructureDefinition/ig-parameter"><extension url="code"><valueCode value="special-url"/></extension><extension url="value"><valueString value="urn:oid:1.2.208.176.2.21"/></extension></extension><extension url="http://hl7.org/fhir/tools/StructureDefinition/ig-parameter"><extension url="code"><valueCode value="special-url"/></extension><extension url="value"><valueString value="urn:oid:1.2.208.176.2.4.12"/></extension></extension><extension url="http://hl7.org/fhir/tools/StructureDefinition/ig-parameter"><extension url="code"><valueCode value="autoload-resources"/></extension><extension url="value"><valueString value="true"/></extension></extension><extension url="http://hl7.org/fhir/tools/StructureDefinition/ig-parameter"><extension url="code"><valueCode value="path-liquid"/></extension><extension url="value"><valueString value="template/liquid"/></extension></extension><extension url="http://hl7.org/fhir/tools/StructureDefinition/ig-parameter"><extension url="code"><valueCode value="path-liquid"/></extension><extension url="value"><valueString value="input/liquid"/></extension></extension><extension url="http://hl7.org/fhir/tools/StructureDefinition/ig-parameter"><extension url="code"><valueCode value="path-qa"/></extension><extension url="value"><valueString value="temp/qa"/></extension></extension><extension url="http://hl7.org/fhir/tools/StructureDefinition/ig-parameter"><extension url="code"><valueCode value="path-temp"/></extension><extension url="value"><valueString value="temp/pages"/></extension></extension><extension url="http://hl7.org/fhir/tools/StructureDefinition/ig-parameter"><extension url="code"><valueCode value="path-output"/></extension><extension url="value"><valueString value="output"/></extension></extension><extension url="http://hl7.org/fhir/tools/StructureDefinition/ig-parameter"><extension url="code"><valueCode value="path-suppressed-warnings"/></extension><extension url="value"><valueString value="input/ignoreWarnings.txt"/></extension></extension><extension url="http://hl7.org/fhir/tools/StructureDefinition/ig-parameter"><extension url="code"><valueCode value="path-history"/></extension><extension url="value"><valueString value="http://hl7.dk/fhir/core/history.html"/></extension></extension><extension url="http://hl7.org/fhir/tools/StructureDefinition/ig-parameter"><extension url="code"><valueCode value="template-html"/></extension><extension url="value"><valueString value="template-page.html"/></extension></extension><extension url="http://hl7.org/fhir/tools/StructureDefinition/ig-parameter"><extension url="code"><valueCode value="template-md"/></extension><extension url="value"><valueString value="template-page-md.html"/></extension></extension><extension url="http://hl7.org/fhir/tools/StructureDefinition/ig-parameter"><extension url="code"><valueCode value="apply-contact"/></extension><extension url="value"><valueString value="true"/></extension></extension><extension url="http://hl7.org/fhir/tools/StructureDefinition/ig-parameter"><extension url="code"><valueCode value="apply-context"/></extension><extension url="value"><valueString value="true"/></extension></extension><extension url="http://hl7.org/fhir/tools/StructureDefinition/ig-parameter"><extension url="code"><valueCode value="apply-copyright"/></extension><extension url="value"><valueString value="true"/></extension></extension><extension url="http://hl7.org/fhir/tools/StructureDefinition/ig-parameter"><extension url="code"><valueCode value="apply-jurisdiction"/></extension><extension url="value"><valueString value="true"/></extension></extension><extension url="http://hl7.org/fhir/tools/StructureDefinition/ig-parameter"><extension url="code"><valueCode value="apply-license"/></extension><extension url="value"><valueString value="true"/></extension></extension><extension url="http://hl7.org/fhir/tools/StructureDefinition/ig-parameter"><extension url="code"><valueCode value="apply-publisher"/></extension><extension url="value"><valueString value="true"/></extension></extension><extension url="http://hl7.org/fhir/tools/StructureDefinition/ig-parameter"><extension url="code"><valueCode value="apply-version"/></extension><extension url="value"><valueString value="true"/></extension></extension><extension url="http://hl7.org/fhir/tools/StructureDefinition/ig-parameter"><extension url="code"><valueCode value="apply-wg"/></extension><extension url="value"><valueString value="true"/></extension></extension><extension url="http://hl7.org/fhir/tools/StructureDefinition/ig-parameter"><extension url="code"><valueCode value="active-tables"/></extension><extension url="value"><valueString value="true"/></extension></extension><extension url="http://hl7.org/fhir/tools/StructureDefinition/ig-parameter"><extension url="code"><valueCode value="fmm-definition"/></extension><extension url="value"><valueString value="http://hl7.org/fhir/versions.html#maturity"/></extension></extension><extension url="http://hl7.org/fhir/tools/StructureDefinition/ig-parameter"><extension url="code"><valueCode value="propagate-status"/></extension><extension url="value"><valueString value="true"/></extension></extension><extension url="http://hl7.org/fhir/tools/StructureDefinition/ig-parameter"><extension url="code"><valueCode value="excludelogbinaryformat"/></extension><extension url="value"><valueString value="true"/></extension></extension><extension url="http://hl7.org/fhir/tools/StructureDefinition/ig-parameter"><extension url="code"><valueCode value="tabbed-snapshots"/></extension><extension url="value"><valueString value="true"/></extension></extension><grouping id="-str-profile"><name value="Structures: Resource Profiles"/><description value="These define constraints on FHIR resources for systems conforming to this implementation guide."/></grouping><grouping id="-str-datatype"><name value="Structures: Data Type Profiles"/><description value="These define constraints on FHIR data types for systems conforming to this implementation guide."/></grouping><grouping id="-str-extension"><name value="Structures: Extension Definitions"/><description value="These define constraints on FHIR data types for systems conforming to this implementation guide."/></grouping><grouping id="-term-valueset"><name value="Terminology: Value Sets"/><description value="These define sets of codes used by systems conforming to this implementation guide."/></grouping><grouping id="-term-codesystem"><name value="Terminology: Code Systems"/><description value="These define new code systems used by systems conforming to this implementation guide."/></grouping><grouping id="-term-namingsystem"><name value="Terminology: Naming Systems"/><description value="These define identifier and/or code system identities used by systems conforming to this implementation guide."/></grouping><grouping id="-ex-example"><name value="Example: Example Instances"/><description value="These are example instances that show what data produced and consumed by systems conforming with this implementation guide might look like."/></grouping><resource><extension url="http://hl7.org/fhir/tools/StructureDefinition/resource-sort"><valueInteger value="999999999"/></extension><extension url="http://hl7.org/fhir/StructureDefinition/implementationguide-page"><valueUri value="StructureDefinition-dk-core-condition.html"/></extension><reference><reference value="StructureDefinition/dk-core-condition"/></reference><name value="Danish Core Condition Profile"/><description value="HL7 Denmark core profile for professionally asserted conditions, as specified by danish health and social care organizations"/><exampleBoolean value="false"/><groupingId value="-str-profile"/></resource><resource><extension url="http://hl7.org/fhir/tools/StructureDefinition/resource-sort"><valueInteger value="999999999"/></extension><extension url="http://hl7.org/fhir/StructureDefinition/implementationguide-page"><valueUri value="StructureDefinition-dk-core-observation.html"/></extension><reference><reference value="StructureDefinition/dk-core-observation"/></reference><name value="Danish Core Observation Profiles"/><description value="HL7 Denmark core profile for observations"/><exampleBoolean value="false"/><groupingId value="-str-profile"/></resource><resource><extension url="http://hl7.org/fhir/tools/StructureDefinition/resource-sort"><valueInteger value="999999999"/></extension><extension url="http://hl7.org/fhir/StructureDefinition/implementationguide-page"><valueUri value="StructureDefinition-dk-core-organization.html"/></extension><reference><reference value="StructureDefinition/dk-core-organization"/></reference><name value="Danish Core Organization Profile"/><description value="HL7 Denmark core profile for a danish health organization"/><exampleBoolean value="false"/><groupingId value="-str-profile"/></resource><resource><extension url="http://hl7.org/fhir/tools/StructureDefinition/resource-sort"><valueInteger value="999999999"/></extension><extension url="http://hl7.org/fhir/StructureDefinition/implementationguide-page"><valueUri value="StructureDefinition-dk-core-patient.html"/></extension><reference><reference value="StructureDefinition/dk-core-patient"/></reference><name value="Danish Core Patient Profile"/><description value="HL7 Denmark core profile for a patient"/><exampleBoolean value="false"/><groupingId value="-str-profile"/></resource><resource><extension url="http://hl7.org/fhir/tools/StructureDefinition/resource-sort"><valueInteger value="999999999"/></extension><extension url="http://hl7.org/fhir/StructureDefinition/implementationguide-page"><valueUri value="StructureDefinition-dk-core-practitioner.html"/></extension><reference><reference value="StructureDefinition/dk-core-practitioner"/></reference><name value="Danish Core Practitioner Profile"/><description value="HL7 Denmark core profile for health professionals and other actors relevant in citizen and patient pathways"/><exampleBoolean value="false"/><groupingId value="-str-profile"/></resource><resource><extension url="http://hl7.org/fhir/tools/StructureDefinition/resource-sort"><valueInteger value="999999999"/></extension><extension url="http://hl7.org/fhir/StructureDefinition/implementationguide-page"><valueUri value="StructureDefinition-dk-core-cvr-identifier.html"/></extension><reference><reference value="StructureDefinition/dk-core-cvr-identifier"/></reference><name value="Danish Central Business Register (CVR) Identifier"/><description value="Identifier holding a danish [CVR](https://datacvr.virk.dk/data/) number."/><exampleBoolean value="false"/><groupingId value="-str-datatype"/></resource><resource><extension url="http://hl7.org/fhir/tools/StructureDefinition/resource-sort"><valueInteger value="999999999"/></extension><extension url="http://hl7.org/fhir/StructureDefinition/implementationguide-page"><valueUri value="StructureDefinition-dk-core-cpr-identifier.html"/></extension><reference><reference value="StructureDefinition/dk-core-cpr-identifier"/></reference><name value="Danish Central Person Register (CPR) Identifier"/><description value="This structure holds the danish [CPR](https://cpr.dk/) identifier"/><exampleBoolean value="false"/><groupingId value="-str-datatype"/></resource><resource><extension url="http://hl7.org/fhir/tools/StructureDefinition/resource-sort"><valueInteger value="999999999"/></extension><extension url="http://hl7.org/fhir/StructureDefinition/implementationguide-page"><valueUri value="StructureDefinition-dk-core-authorization-identifier.html"/></extension><reference><reference value="StructureDefinition/dk-core-authorization-identifier"/></reference><name value="Danish Health Professionals Authorization Identifier"/><description value="Identifier holding the official [authorization identifier](https://en.stps.dk/en/health-professionals-and-authorities/online-register-registered-health-professionals/) for a practitioner."/><exampleBoolean value="false"/><groupingId value="-str-datatype"/></resource><resource><extension url="http://hl7.org/fhir/tools/StructureDefinition/resource-sort"><valueInteger value="999999999"/></extension><extension url="http://hl7.org/fhir/StructureDefinition/implementationguide-page"><valueUri value="StructureDefinition-dk-core-gln-identifier.html"/></extension><reference><reference value="StructureDefinition/dk-core-gln-identifier"/></reference><name value="GLN Identifier"/><description value="Identifier holding a 13 digit GLN"/><exampleBoolean value="false"/><groupingId value="-str-datatype"/></resource><resource><extension url="http://hl7.org/fhir/tools/StructureDefinition/resource-sort"><valueInteger value="999999999"/></extension><extension url="http://hl7.org/fhir/StructureDefinition/implementationguide-page"><valueUri value="StructureDefinition-dk-core-kombit-org-identifier.html"/></extension><reference><reference value="StructureDefinition/dk-core-kombit-org-identifier"/></reference><name value="Kombit Org Identifier"/><description value="Identifier holding the organization code issued by KOMBIT"/><exampleBoolean value="false"/><groupingId value="-str-datatype"/></resource><resource><extension url="http://hl7.org/fhir/tools/StructureDefinition/resource-sort"><valueInteger value="999999999"/></extension><extension url="http://hl7.org/fhir/StructureDefinition/implementationguide-page"><valueUri value="StructureDefinition-dk-core-sor-identifier.html"/></extension><reference><reference value="StructureDefinition/dk-core-sor-identifier"/></reference><name value="SOR Identifier"/><description value="Identifier holding the official SOR identifier for a danish healthcare organization"/><exampleBoolean value="false"/><groupingId value="-str-datatype"/></resource><resource><extension url="http://hl7.org/fhir/tools/StructureDefinition/resource-sort"><valueInteger value="999999999"/></extension><extension url="http://hl7.org/fhir/StructureDefinition/implementationguide-page"><valueUri value="StructureDefinition-ConditionLastAssertedDate.html"/></extension><reference><reference value="StructureDefinition/ConditionLastAssertedDate"/></reference><name value="ConditionLastAssertedDate"/><description value="Extension for the last date a Condition-instance was confirmed valid in its current state. E.g. with its current clinical- and verification status, stage and severity. Typically the last performed follow-up"/><exampleBoolean value="false"/><groupingId value="-str-extension"/></resource><resource><extension url="http://hl7.org/fhir/tools/StructureDefinition/resource-sort"><valueInteger value="999999999"/></extension><extension url="http://hl7.org/fhir/StructureDefinition/implementationguide-page"><valueUri value="StructureDefinition-dk-core-municipalityCodes.html"/></extension><reference><reference value="StructureDefinition/dk-core-municipalityCodes"/></reference><name value="Danish Core Municipality codes"/><description value="Identifier holding the official identifier for a danish municipality"/><exampleBoolean value="false"/><groupingId value="-str-extension"/></resource><resource><extension url="http://hl7.org/fhir/tools/StructureDefinition/resource-sort"><valueInteger value="999999999"/></extension><extension url="http://hl7.org/fhir/StructureDefinition/implementationguide-page"><valueUri value="StructureDefinition-dk-core-RegionalSubDivisionCodes.html"/></extension><reference><reference value="StructureDefinition/dk-core-RegionalSubDivisionCodes"/></reference><name value="Danish Core Regional Sub Division Codes Extension"/><description value="Identifier holding the official organization identifier for a danish region"/><exampleBoolean value="false"/><groupingId value="-str-extension"/></resource><resource><extension url="http://hl7.org/fhir/tools/StructureDefinition/resource-sort"><valueInteger value="999999999"/></extension><extension url="http://hl7.org/fhir/StructureDefinition/implementationguide-page"><valueUri value="StructureDefinition-NotFollowedAnymore.html"/></extension><reference><reference value="StructureDefinition/NotFollowedAnymore"/></reference><name value="NotFollowedAnymore"/><description value="Extension for the date where a condition lost focus in a specific clinical context"/><exampleBoolean value="false"/><groupingId value="-str-extension"/></resource><resource><extension url="http://hl7.org/fhir/tools/StructureDefinition/resource-sort"><valueInteger value="999999999"/></extension><extension url="http://hl7.org/fhir/StructureDefinition/implementationguide-page"><valueUri value="ValueSet-dk-marital-status.html"/></extension><reference><reference value="ValueSet/dk-marital-status"/></reference><name value="DK Core Marital Status"/><description value="This value set defines the set of codes that can be used to indicate the marital status of a person in Denmark."/><exampleBoolean value="false"/><groupingId value="-term-valueset"/></resource><resource><extension url="http://hl7.org/fhir/tools/StructureDefinition/resource-sort"><valueInteger value="999999999"/></extension><extension url="http://hl7.org/fhir/StructureDefinition/implementationguide-page"><valueUri value="ValueSet-sor-organization-type.html"/></extension><reference><reference value="ValueSet/sor-organization-type"/></reference><name value="DK Core SOR Organization Type"/><description value="Value set used for indicating the organization type for organizations from SOR"/><exampleBoolean value="false"/><groupingId value="-term-valueset"/></resource><resource><extension url="http://hl7.org/fhir/tools/StructureDefinition/resource-sort"><valueInteger value="999999999"/></extension><extension url="http://hl7.org/fhir/StructureDefinition/implementationguide-page"><valueUri value="ValueSet-dk-core-LoincVitalSigns.html"/></extension><reference><reference value="ValueSet/dk-core-LoincVitalSigns"/></reference><name value="DK Core Vital Signs"/><description value="LOINC codes describing vital signs."/><exampleBoolean value="false"/><groupingId value="-term-valueset"/></resource><resource><extension url="http://hl7.org/fhir/tools/StructureDefinition/resource-sort"><valueInteger value="999999999"/></extension><extension url="http://hl7.org/fhir/StructureDefinition/implementationguide-page"><valueUri value="ValueSet-dk-core-MunicipalityCodes.html"/></extension><reference><reference value="ValueSet/dk-core-MunicipalityCodes"/></reference><name value="DK Municipality Codes"/><description value="Municipality codes used in Denmark"/><exampleBoolean value="false"/><groupingId value="-term-valueset"/></resource><resource><extension url="http://hl7.org/fhir/tools/StructureDefinition/resource-sort"><valueInteger value="999999999"/></extension><extension url="http://hl7.org/fhir/StructureDefinition/implementationguide-page"><valueUri value="ValueSet-DkCoreProfessionGroupValueSet.html"/></extension><reference><reference value="ValueSet/DkCoreProfessionGroupValueSet"/></reference><name value="DK Profession Group"/><description value="DK Profession Group codes"/><exampleBoolean value="false"/><groupingId value="-term-valueset"/></resource><resource><extension url="http://hl7.org/fhir/tools/StructureDefinition/resource-sort"><valueInteger value="999999999"/></extension><extension url="http://hl7.org/fhir/StructureDefinition/implementationguide-page"><valueUri value="ValueSet-dk-core-RegionalSubDivisionCodes.html"/></extension><reference><reference value="ValueSet/dk-core-RegionalSubDivisionCodes"/></reference><name value="DK Regional Subdivision Codes"/><description value="Subdivision codes (Regional codes) used in Denmark"/><exampleBoolean value="false"/><groupingId value="-term-valueset"/></resource><resource><extension url="http://hl7.org/fhir/tools/StructureDefinition/resource-sort"><valueInteger value="999999999"/></extension><extension url="http://hl7.org/fhir/StructureDefinition/implementationguide-page"><valueUri value="ValueSet-dk-core-TechniquesSCTCodes.html"/></extension><reference><reference value="ValueSet/dk-core-TechniquesSCTCodes"/></reference><name value="DK TechniquesSCTCodes"/><description value="SNOMED CT Codes for the technique used when obtaining an observation"/><exampleBoolean value="false"/><groupingId value="-term-valueset"/></resource><resource><extension url="http://hl7.org/fhir/tools/StructureDefinition/resource-sort"><valueInteger value="999999999"/></extension><extension url="http://hl7.org/fhir/StructureDefinition/implementationguide-page"><valueUri value="CodeSystem-address-type-dk-supplement.html"/></extension><reference><reference value="CodeSystem/address-type-dk-supplement"/></reference><name value="DK Address Type"/><description value="The type of an address (physical / postal)"/><exampleBoolean value="false"/><groupingId value="-term-codesystem"/></resource><resource><extension url="http://hl7.org/fhir/tools/StructureDefinition/resource-sort"><valueInteger value="999999999"/></extension><extension url="http://hl7.org/fhir/StructureDefinition/implementationguide-page"><valueUri value="CodeSystem-address-use-dk-supplement.html"/></extension><reference><reference value="CodeSystem/address-use-dk-supplement"/></reference><name value="DK Address Use"/><description value="The use of an address"/><exampleBoolean value="false"/><groupingId value="-term-codesystem"/></resource><resource><extension url="http://hl7.org/fhir/tools/StructureDefinition/resource-sort"><valueInteger value="999999999"/></extension><extension url="http://hl7.org/fhir/StructureDefinition/implementationguide-page"><valueUri value="CodeSystem-administrative-gender-supplement.html"/></extension><reference><reference value="CodeSystem/administrative-gender-supplement"/></reference><name value="DK Administrative Gender Supplement"/><description value="CodeSystem supplement with danish translations for administrative gender"/><exampleBoolean value="false"/><groupingId value="-term-codesystem"/></resource><resource><extension url="http://hl7.org/fhir/tools/StructureDefinition/resource-sort"><valueInteger value="999999999"/></extension><extension url="http://hl7.org/fhir/StructureDefinition/implementationguide-page"><valueUri value="CodeSystem-care-team-status-dk-supplement.html"/></extension><reference><reference value="CodeSystem/care-team-status-dk-supplement"/></reference><name value="DK CareTeam Status"/><description value="Indicates the status of the care team."/><exampleBoolean value="false"/><groupingId value="-term-codesystem"/></resource><resource><extension url="http://hl7.org/fhir/tools/StructureDefinition/resource-sort"><valueInteger value="999999999"/></extension><extension url="http://hl7.org/fhir/StructureDefinition/implementationguide-page"><valueUri value="CodeSystem-consent-state-codes-dk-supplement.html"/></extension><reference><reference value="CodeSystem/consent-state-codes-dk-supplement"/></reference><name value="DK Consent State"/><description value="Indicates the state of the consent"/><exampleBoolean value="false"/><groupingId value="-term-codesystem"/></resource><resource><extension url="http://hl7.org/fhir/tools/StructureDefinition/resource-sort"><valueInteger value="999999999"/></extension><extension url="http://hl7.org/fhir/StructureDefinition/implementationguide-page"><valueUri value="CodeSystem-days-of-week-dk-supplement.html"/></extension><reference><reference value="CodeSystem/days-of-week-dk-supplement"/></reference><name value="DK Days Of Week"/><description value="The days of the week."/><exampleBoolean value="false"/><groupingId value="-term-codesystem"/></resource><resource><extension url="http://hl7.org/fhir/tools/StructureDefinition/resource-sort"><valueInteger value="999999999"/></extension><extension url="http://hl7.org/fhir/StructureDefinition/implementationguide-page"><valueUri value="CodeSystem-episode-of-care-status-dk-supplement.html"/></extension><reference><reference value="CodeSystem/episode-of-care-status-dk-supplement"/></reference><name value="DK Episode Of Care Status"/><description value="The status of the episode of care."/><exampleBoolean value="false"/><groupingId value="-term-codesystem"/></resource><resource><extension url="http://hl7.org/fhir/tools/StructureDefinition/resource-sort"><valueInteger value="999999999"/></extension><extension url="http://hl7.org/fhir/StructureDefinition/implementationguide-page"><valueUri value="CodeSystem-dk-core-municipality-codes-greenland.html"/></extension><reference><reference value="CodeSystem/dk-core-municipality-codes-greenland"/></reference><name value="DK Greenland Municipality Codes"/><description value="Greenland municipality codes as defined by https://www.iso.org/obp/ui/#iso:code:3166:GL and https://cpr.dk/cpr-systemet/kommunesammenlaegninger-opdeling/groenland-2018/"/><exampleBoolean value="false"/><groupingId value="-term-codesystem"/></resource><resource><extension url="http://hl7.org/fhir/tools/StructureDefinition/resource-sort"><valueInteger value="999999999"/></extension><extension url="http://hl7.org/fhir/StructureDefinition/implementationguide-page"><valueUri value="CodeSystem-dk-marital-status.html"/></extension><reference><reference value="CodeSystem/dk-marital-status"/></reference><name value="DK Marital Statuses"/><description value="DK marital statuses"/><exampleBoolean value="false"/><groupingId value="-term-codesystem"/></resource><resource><extension url="http://hl7.org/fhir/tools/StructureDefinition/resource-sort"><valueInteger value="999999999"/></extension><extension url="http://hl7.org/fhir/StructureDefinition/implementationguide-page"><valueUri value="CodeSystem-dk-core-municipality-codes.html"/></extension><reference><reference value="CodeSystem/dk-core-municipality-codes"/></reference><name value="DK Municipality Codes"/><description value="Municipality codes as defined by https://danmarksadresser.dk/adressedata/kodelister/kommunekodeliste/ and https://sundhedsdatastyrelsen.dk/-/media/sds/filer/rammer-og-retningslinjer/patientregistrering/relaterede/kommuneklassifikation.pdf"/><exampleBoolean value="false"/><groupingId value="-term-codesystem"/></resource><resource><extension url="http://hl7.org/fhir/tools/StructureDefinition/resource-sort"><valueInteger value="999999999"/></extension><extension url="http://hl7.org/fhir/StructureDefinition/implementationguide-page"><valueUri value="CodeSystem-DkCoreProfessionGroupCodes.html"/></extension><reference><reference value="CodeSystem/DkCoreProfessionGroupCodes"/></reference><name value="DK Profession Group Codes"/><description value="DK health ProfessionGroup codes as defined by https://www.retsinformation.dk/eli/lta/2019/731, and derived from http://autregwebservice.sst.dk/autregservice.asmx/GetAllProfessionGroups. Code (5176) was not uniqe, and have been converted to 5176a and 5176b"/><exampleBoolean value="false"/><groupingId value="-term-codesystem"/></resource><resource><extension url="http://hl7.org/fhir/tools/StructureDefinition/resource-sort"><valueInteger value="999999999"/></extension><extension url="http://hl7.org/fhir/StructureDefinition/implementationguide-page"><valueUri value="CodeSystem-publication-status-dk-supplement.html"/></extension><reference><reference value="CodeSystem/publication-status-dk-supplement"/></reference><name value="DK Publication Status"/><description value="The lifecycle status of a Value Set or Concept Map."/><exampleBoolean value="false"/><groupingId value="-term-codesystem"/></resource><resource><extension url="http://hl7.org/fhir/tools/StructureDefinition/resource-sort"><valueInteger value="999999999"/></extension><extension url="http://hl7.org/fhir/StructureDefinition/implementationguide-page"><valueUri value="CodeSystem-dk-core-regional-subdivision-codes.html"/></extension><reference><reference value="CodeSystem/dk-core-regional-subdivision-codes"/></reference><name value="DK Regional Subdivision Codes"/><description value="Subdivision codes (Regional codes) used in Denmark as found on https://www.iso.org/obp/ui/#iso:code:3166:DK"/><exampleBoolean value="false"/><groupingId value="-term-codesystem"/></resource><resource><extension url="http://hl7.org/fhir/tools/StructureDefinition/resource-sort"><valueInteger value="999999999"/></extension><extension url="http://hl7.org/fhir/StructureDefinition/implementationguide-page"><valueUri value="CodeSystem-request-status-dk-supplement.html"/></extension><reference><reference value="CodeSystem/request-status-dk-supplement"/></reference><name value="DK Request Status"/><description value="Codes identifying the stage lifecycle stage of a request"/><exampleBoolean value="false"/><groupingId value="-term-codesystem"/></resource><resource><extension url="http://hl7.org/fhir/tools/StructureDefinition/resource-sort"><valueInteger value="999999999"/></extension><extension url="http://hl7.org/fhir/StructureDefinition/implementationguide-page"><valueUri value="NamingSystem-cpr.html"/></extension><reference><reference value="NamingSystem/cpr"/></reference><name value="cpr"/><description value="The Danish civil registration system (&quot;CPR&quot;) encompasses basic personal data about anyone with a civil registration number. A civil registration number shall be allocated to anyone who: 1) is registered in the national register in Denmark on the grounds of birth or relocation from abroad; 2) is included under Arbejdsmarkedets TillægsPension (ATP); 3) according to the tax authorities, is required to have a civil registration number for the purpose of tax processing in Denmark."/><exampleBoolean value="false"/><groupingId value="-term-namingsystem"/></resource><resource><extension url="http://hl7.org/fhir/tools/StructureDefinition/resource-sort"><valueInteger value="999999999"/></extension><extension url="http://hl7.org/fhir/StructureDefinition/implementationguide-page"><valueUri value="NamingSystem-sor.html"/></extension><reference><reference value="NamingSystem/sor"/></reference><name value="sor"/><description value="SOR is provided by the Danish Health Data Authority under the Danish Ministry of Health. The register holds organizations within the Danish health sector, their geographical and virtual addresses as well as codes for their identification and for EDI-communication. Danish Health Data Authority is responsible for issuing and publishing codes to identify organizations across health care sectors and related public and private services. SOR includes organizational data on hospitals, the primary care sector (physiotherapists, general practitioners, dentists etc.) and municipal health service organizations as well as non-health care organizations that need to be able to receive data from the former."/><exampleBoolean value="false"/><groupingId value="-term-namingsystem"/></resource><resource><extension url="http://hl7.org/fhir/tools/StructureDefinition/resource-sort"><valueInteger value="999999999"/></extension><extension url="http://hl7.org/fhir/StructureDefinition/implementationguide-page"><valueUri value="Practitioner-AbrahamLaege.html"/></extension><reference><reference value="Practitioner/AbrahamLaege"/></reference><name value="AbrahamLæge"/><description value="Eksempel på lægen Abraham fra akutsygeplejen"/><exampleCanonical value="http://hl7.dk/fhir/core/StructureDefinition/dk-core-practitioner"/><groupingId value="-ex-example"/></resource><resource><extension url="http://hl7.org/fhir/tools/StructureDefinition/resource-sort"><valueInteger value="999999999"/></extension><extension url="http://hl7.org/fhir/StructureDefinition/implementationguide-page"><valueUri value="Device-BPMonitor.C4F312FFFE53F2C9.html"/></extension><reference><reference value="Device/BPMonitor.C4F312FFFE53F2C9"/></reference><name value="BPMonitor.C4F312FFFE53F2C9"/><exampleBoolean value="true"/><groupingId value="-ex-example"/></resource><resource><extension url="http://hl7.org/fhir/tools/StructureDefinition/resource-sort"><valueInteger value="999999999"/></extension><extension url="http://hl7.org/fhir/StructureDefinition/implementationguide-page"><valueUri value="Organization-CenterForDiabetes.html"/></extension><reference><reference value="Organization/CenterForDiabetes"/></reference><name value="Center for Diabetes"/><description value="Center for Diabetes"/><exampleCanonical value="http://hl7.dk/fhir/core/StructureDefinition/dk-core-organization"/><groupingId value="-ex-example"/></resource><resource><extension url="http://hl7.org/fhir/tools/StructureDefinition/resource-sort"><valueInteger value="999999999"/></extension><extension url="http://hl7.org/fhir/StructureDefinition/implementationguide-page"><valueUri value="Organization-CenterForDiabetesTeamDiabetes.html"/></extension><reference><reference value="Organization/CenterForDiabetesTeamDiabetes"/></reference><name value="Center for Diabetes Team Diabetes"/><description value="Center for Diabetes Team Diabetes"/><exampleCanonical value="http://hl7.dk/fhir/core/StructureDefinition/dk-core-organization"/><groupingId value="-ex-example"/></resource><resource><extension url="http://hl7.org/fhir/tools/StructureDefinition/resource-sort"><valueInteger value="999999999"/></extension><extension url="http://hl7.org/fhir/StructureDefinition/implementationguide-page"><valueUri value="Organization-CenterForDiabetesTeamHjerte.html"/></extension><reference><reference value="Organization/CenterForDiabetesTeamHjerte"/></reference><name value="Center for Diabetes Team Hjerte"/><description value="Center for Diabetes Team Hjerte"/><exampleCanonical value="http://hl7.dk/fhir/core/StructureDefinition/dk-core-organization"/><groupingId value="-ex-example"/></resource><resource><extension url="http://hl7.org/fhir/tools/StructureDefinition/resource-sort"><valueInteger value="999999999"/></extension><extension url="http://hl7.org/fhir/StructureDefinition/implementationguide-page"><valueUri value="Organization-CenterForDiabetesTeamKvalitet.html"/></extension><reference><reference value="Organization/CenterForDiabetesTeamKvalitet"/></reference><name value="Center for Diabetes Team Kvalitet"/><description value="Center for Diabetes Team Kvalitet"/><exampleCanonical value="http://hl7.dk/fhir/core/StructureDefinition/dk-core-organization"/><groupingId value="-ex-example"/></resource><resource><extension url="http://hl7.org/fhir/tools/StructureDefinition/resource-sort"><valueInteger value="999999999"/></extension><extension url="http://hl7.org/fhir/StructureDefinition/implementationguide-page"><valueUri value="Observation-CoincidentTimeStamp.0222.html"/></extension><reference><reference value="Observation/CoincidentTimeStamp.0222"/></reference><name value="CoincidentTimeStamp.0222"/><exampleCanonical value="http://hl7.dk/fhir/core/StructureDefinition/dk-core-observation"/><groupingId value="-ex-example"/></resource><resource><extension url="http://hl7.org/fhir/tools/StructureDefinition/resource-sort"><valueInteger value="999999999"/></extension><extension url="http://hl7.org/fhir/StructureDefinition/implementationguide-page"><valueUri value="Condition-ElseGraviditet.html"/></extension><reference><reference value="Condition/ElseGraviditet"/></reference><name value="Else Graviditet"/><description value="Else Graviditet, tilstandskode som indberettes ifm Elses ambulante forløb (fx jordemoder), og ved eventuel indlæggelse i graviditeten"/><exampleCanonical value="http://hl7.dk/fhir/core/StructureDefinition/dk-core-condition"/><groupingId value="-ex-example"/></resource><resource><extension url="http://hl7.org/fhir/tools/StructureDefinition/resource-sort"><valueInteger value="999999999"/></extension><extension url="http://hl7.org/fhir/StructureDefinition/implementationguide-page"><valueUri value="Observation-ElsePainVRS.html"/></extension><reference><reference value="Observation/ElsePainVRS"/></reference><name value="ElsePainVRS"/><description value="Elses smerte målt med VRS"/><exampleCanonical value="http://hl7.dk/fhir/core/StructureDefinition/dk-core-observation"/><groupingId value="-ex-example"/></resource><resource><extension url="http://hl7.org/fhir/tools/StructureDefinition/resource-sort"><valueInteger value="999999999"/></extension><extension url="http://hl7.org/fhir/StructureDefinition/implementationguide-page"><valueUri value="Patient-Confidential.html"/></extension><reference><reference value="Patient/Confidential"/></reference><name value="Example of a patient with confidential adress and name"/><description value="Example of a patient with confidential adress and name"/><exampleCanonical value="http://hl7.dk/fhir/core/StructureDefinition/dk-core-patient"/><groupingId value="-ex-example"/></resource><resource><extension url="http://hl7.org/fhir/tools/StructureDefinition/resource-sort"><valueInteger value="999999999"/></extension><extension url="http://hl7.org/fhir/StructureDefinition/implementationguide-page"><valueUri value="Patient-else.html"/></extension><reference><reference value="Patient/else"/></reference><name value="Example of a woman of childbearing age"/><description value="Example of a woman of childbearing age. Else is a MedCom test-patient"/><exampleCanonical value="http://hl7.dk/fhir/core/StructureDefinition/dk-core-patient"/><groupingId value="-ex-example"/></resource><resource><extension url="http://hl7.org/fhir/tools/StructureDefinition/resource-sort"><valueInteger value="999999999"/></extension><extension url="http://hl7.org/fhir/StructureDefinition/implementationguide-page"><valueUri value="Patient-ukendt.html"/></extension><reference><reference value="Patient/ukendt"/></reference><name value="Example of valid patient unknown identifier registry"/><description value="Example of valid patient unknown identifier registry. The patient is a 'John Doe' with an Identifier from an unofficial register"/><exampleCanonical value="http://hl7.dk/fhir/core/StructureDefinition/dk-core-patient"/><groupingId value="-ex-example"/></resource><resource><extension url="http://hl7.org/fhir/tools/StructureDefinition/resource-sort"><valueInteger value="999999999"/></extension><extension url="http://hl7.org/fhir/StructureDefinition/implementationguide-page"><valueUri value="Patient-mogensen.html"/></extension><reference><reference value="Patient/mogensen"/></reference><name value="Example of valid patient with danish marital status"/><description value="Example of valid patient with danish marital status"/><exampleCanonical value="http://hl7.dk/fhir/core/StructureDefinition/dk-core-patient"/><groupingId value="-ex-example"/></resource><resource><extension url="http://hl7.org/fhir/tools/StructureDefinition/resource-sort"><valueInteger value="999999999"/></extension><extension url="http://hl7.org/fhir/StructureDefinition/implementationguide-page"><valueUri value="Patient-283.html"/></extension><reference><reference value="Patient/283"/></reference><name value="Example of valid patient with full address"/><description value="Example of valid patient with full address"/><exampleCanonical value="http://hl7.dk/fhir/core/StructureDefinition/dk-core-patient"/><groupingId value="-ex-example"/></resource><resource><extension url="http://hl7.org/fhir/tools/StructureDefinition/resource-sort"><valueInteger value="999999999"/></extension><extension url="http://hl7.org/fhir/StructureDefinition/implementationguide-page"><valueUri value="Patient-john.html"/></extension><reference><reference value="Patient/john"/></reference><name value="Example of valid patient with multiple names"/><description value="Example of valid patient with multiple names"/><exampleCanonical value="http://hl7.dk/fhir/core/StructureDefinition/dk-core-patient"/><groupingId value="-ex-example"/></resource><resource><extension url="http://hl7.org/fhir/tools/StructureDefinition/resource-sort"><valueInteger value="999999999"/></extension><extension url="http://hl7.org/fhir/StructureDefinition/implementationguide-page"><valueUri value="Practitioner-HanneSocialraadgiver.html"/></extension><reference><reference value="Practitioner/HanneSocialraadgiver"/></reference><name value="HanneSocialrådgiver"/><description value="Eksempel på socialrådgiveren Hanne"/><exampleCanonical value="http://hl7.dk/fhir/core/StructureDefinition/dk-core-practitioner"/><groupingId value="-ex-example"/></resource><resource><extension url="http://hl7.org/fhir/tools/StructureDefinition/resource-sort"><valueInteger value="999999999"/></extension><extension url="http://hl7.org/fhir/StructureDefinition/implementationguide-page"><valueUri value="Observation-HeartRate.Poul.1974654.html"/></extension><reference><reference value="Observation/HeartRate.Poul.1974654"/></reference><name value="HeartRate.Poul.1974654"/><exampleCanonical value="http://hl7.dk/fhir/core/StructureDefinition/dk-core-observation"/><groupingId value="-ex-example"/></resource><resource><extension url="http://hl7.org/fhir/tools/StructureDefinition/resource-sort"><valueInteger value="999999999"/></extension><extension url="http://hl7.org/fhir/StructureDefinition/implementationguide-page"><valueUri value="ServiceRequest-HenvisningFraLageTilSygehus.html"/></extension><reference><reference value="ServiceRequest/HenvisningFraLageTilSygehus"/></reference><name value="Henvisning vedr. modermærkekræft"/><description value="Henvisning fra læge til sygehus vedr. mistanke om at John har modermærkekræft"/><exampleBoolean value="true"/><groupingId value="-ex-example"/></resource><resource><extension url="http://hl7.org/fhir/tools/StructureDefinition/resource-sort"><valueInteger value="999999999"/></extension><extension url="http://hl7.org/fhir/StructureDefinition/implementationguide-page"><valueUri value="Condition-JohnDiabetes.html"/></extension><reference><reference value="Condition/JohnDiabetes"/></reference><name value="John diabetes"/><description value="Johns diabetes-diagnose, udskrivningsdiagnose fra hospitalet fx til brug i indberetning og epikrise"/><exampleCanonical value="http://hl7.dk/fhir/core/StructureDefinition/dk-core-condition"/><groupingId value="-ex-example"/></resource><resource><extension url="http://hl7.org/fhir/tools/StructureDefinition/resource-sort"><valueInteger value="999999999"/></extension><extension url="http://hl7.org/fhir/StructureDefinition/implementationguide-page"><valueUri value="Condition-JohnFracture.html"/></extension><reference><reference value="Condition/JohnFracture"/></reference><name value="John fraktur"/><description value="Johns fraktur-diagnose, udskrivningsdiagnose fra hospitalet med tillægskode"/><exampleCanonical value="http://hl7.dk/fhir/core/StructureDefinition/dk-core-condition"/><groupingId value="-ex-example"/></resource><resource><extension url="http://hl7.org/fhir/tools/StructureDefinition/resource-sort"><valueInteger value="999999999"/></extension><extension url="http://hl7.org/fhir/StructureDefinition/implementationguide-page"><valueUri value="Condition-JohnMelanoma.html"/></extension><reference><reference value="Condition/JohnMelanoma"/></reference><name value="John mistanke om Modermærkekræft"/><description value="Johns mistanke om modermærkekræft i huden, kan fx bruges som henvisningsdiagnosese"/><exampleCanonical value="http://hl7.dk/fhir/core/StructureDefinition/dk-core-condition"/><groupingId value="-ex-example"/></resource><resource><extension url="http://hl7.org/fhir/tools/StructureDefinition/resource-sort"><valueInteger value="999999999"/></extension><extension url="http://hl7.org/fhir/StructureDefinition/implementationguide-page"><valueUri value="Condition-JohnPacemaker.html"/></extension><reference><reference value="Condition/JohnPacemaker"/></reference><name value="John pacemaker"/><description value="Johns status efter pacemakeroperation, udtrykt semantisk korrekt med fund frem for operationskode"/><exampleCanonical value="http://hl7.dk/fhir/core/StructureDefinition/dk-core-condition"/><groupingId value="-ex-example"/></resource><resource><extension url="http://hl7.org/fhir/tools/StructureDefinition/resource-sort"><valueInteger value="999999999"/></extension><extension url="http://hl7.org/fhir/StructureDefinition/implementationguide-page"><valueUri value="Condition-ConditionPressureUlcer.html"/></extension><reference><reference value="Condition/ConditionPressureUlcer"/></reference><name value="John tryksår"/><description value="John, tryksår, kommunal tilstand"/><exampleCanonical value="http://hl7.dk/fhir/core/StructureDefinition/dk-core-condition"/><groupingId value="-ex-example"/></resource><resource><extension url="http://hl7.org/fhir/tools/StructureDefinition/resource-sort"><valueInteger value="999999999"/></extension><extension url="http://hl7.org/fhir/StructureDefinition/implementationguide-page"><valueUri value="Observation-ObservationRespiratoryVitalSigns.html"/></extension><reference><reference value="Observation/ObservationRespiratoryVitalSigns"/></reference><name value="John's Respiratory rate measurement, Vital Signs"/><exampleCanonical value="http://hl7.dk/fhir/core/StructureDefinition/dk-core-observation"/><groupingId value="-ex-example"/></resource><resource><extension url="http://hl7.org/fhir/tools/StructureDefinition/resource-sort"><valueInteger value="999999999"/></extension><extension url="http://hl7.org/fhir/StructureDefinition/implementationguide-page"><valueUri value="Observation-ObservationOxySatVitalSigns.html"/></extension><reference><reference value="Observation/ObservationOxySatVitalSigns"/></reference><name value="John's oxygen saturation measurement, Vital Signs"/><exampleCanonical value="http://hl7.dk/fhir/core/StructureDefinition/dk-core-observation"/><groupingId value="-ex-example"/></resource><resource><extension url="http://hl7.org/fhir/tools/StructureDefinition/resource-sort"><valueInteger value="999999999"/></extension><extension url="http://hl7.org/fhir/StructureDefinition/implementationguide-page"><valueUri value="Organization-LaegerneHasserisBymidte.html"/></extension><reference><reference value="Organization/LaegerneHasserisBymidte"/></reference><name value="LaegerneHasserisBymidte"/><description value="Praktisernede læge i Hasseris, som defineret af SOR"/><exampleCanonical value="http://hl7.dk/fhir/core/StructureDefinition/dk-core-organization"/><groupingId value="-ex-example"/></resource><resource><extension url="http://hl7.org/fhir/tools/StructureDefinition/resource-sort"><valueInteger value="999999999"/></extension><extension url="http://hl7.org/fhir/StructureDefinition/implementationguide-page"><valueUri value="Organization-b08997bb-4476-4dd0-84dd-2e297f809364.html"/></extension><reference><reference value="Organization/b08997bb-4476-4dd0-84dd-2e297f809364"/></reference><name value="MedCom Test Organization"/><description value="MedCom Test Organization with SOR id"/><exampleCanonical value="http://hl7.dk/fhir/core/StructureDefinition/dk-core-organization"/><groupingId value="-ex-example"/></resource><resource><extension url="http://hl7.org/fhir/tools/StructureDefinition/resource-sort"><valueInteger value="999999999"/></extension><extension url="http://hl7.org/fhir/StructureDefinition/implementationguide-page"><valueUri value="Patient-Poul.html"/></extension><reference><reference value="Patient/Poul"/></reference><name value="Poul"/><exampleCanonical value="http://hl7.dk/fhir/core/StructureDefinition/dk-core-patient"/><groupingId value="-ex-example"/></resource><resource><extension url="http://hl7.org/fhir/tools/StructureDefinition/resource-sort"><valueInteger value="999999999"/></extension><extension url="http://hl7.org/fhir/StructureDefinition/implementationguide-page"><valueUri value="Device-WeightScale.606405FFFECFC604.html"/></extension><reference><reference value="Device/WeightScale.606405FFFECFC604"/></reference><name value="Poul's A&amp;D weight scale"/><description value="This device is Poul's personal weighing scale, which he keeps in the bathroom&#xA;of his home, and uses for daily monitoring due to his CHF condition."/><exampleBoolean value="true"/><groupingId value="-ex-example"/></resource><resource><extension url="http://hl7.org/fhir/tools/StructureDefinition/resource-sort"><valueInteger value="999999999"/></extension><extension url="http://hl7.org/fhir/StructureDefinition/implementationguide-page"><valueUri value="Observation-Weight.Poul.230221.html"/></extension><reference><reference value="Observation/Weight.Poul.230221"/></reference><name value="Poul's daily weighing on Feb. 21st"/><description value="Poul has been instructed to perform a daily weighing in the morning. This is his&#xA;daily weighing from Feb. 21st 2023."/><exampleCanonical value="http://hl7.dk/fhir/core/StructureDefinition/dk-core-observation"/><groupingId value="-ex-example"/></resource><resource><extension url="http://hl7.org/fhir/tools/StructureDefinition/resource-sort"><valueInteger value="999999999"/></extension><extension url="http://hl7.org/fhir/StructureDefinition/implementationguide-page"><valueUri value="Bundle-ContinuaBundleWithDevice.html"/></extension><reference><reference value="Bundle/ContinuaBundleWithDevice"/></reference><name value="Poul's home blood pressure measurement"/><description value="This example demonstrates a DkCoreObservation _and_ Continua-compliant&#xA;bundle containing a home blood pressure measurement uploaded to a Continua-compliant&#xA;_&quot;FHIR Observation Reporting Server&quot;._"/><exampleBoolean value="true"/><groupingId value="-ex-example"/></resource><resource><extension url="http://hl7.org/fhir/tools/StructureDefinition/resource-sort"><valueInteger value="999999999"/></extension><extension url="http://hl7.org/fhir/StructureDefinition/implementationguide-page"><valueUri value="Device-Telma.FEEDDADADEADBEEF.html"/></extension><reference><reference value="Device/Telma.FEEDDADADEADBEEF"/></reference><name value="Telma.FEEDDADADEADBEEF"/><exampleBoolean value="true"/><groupingId value="-ex-example"/></resource><page><extension url="http://hl7.org/fhir/tools/StructureDefinition/ig-page-name"><valueUrl value="toc.html"/></extension><nameUrl value="toc.html"/><title value="Table of Contents"/><generation value="html"/><page><extension url="http://hl7.org/fhir/tools/StructureDefinition/ig-page-name"><valueUrl value="index.html"/></extension><nameUrl value="index.html"/><title value="Home"/><generation value="markdown"/></page><page><extension url="http://hl7.org/fhir/tools/StructureDefinition/ig-page-name"><valueUrl value="downloads.html"/></extension><nameUrl value="downloads.html"/><title value="Downloads"/><generation value="markdown"/></page><page><extension url="http://hl7.org/fhir/tools/StructureDefinition/ig-page-name"><valueUrl value="extensions.html"/></extension><nameUrl value="extensions.html"/><title value="Extensions"/><generation value="html"/></page><page><extension url="http://hl7.org/fhir/tools/StructureDefinition/ig-page-name"><valueUrl value="guidance.html"/></extension><nameUrl value="guidance.html"/><title value="Guidance"/><generation value="markdown"/></page><page><extension url="http://hl7.org/fhir/tools/StructureDefinition/ig-page-name"><valueUrl value="profiles.html"/></extension><nameUrl value="profiles.html"/><title value="Profiles"/><generation value="html"/></page><page><extension url="http://hl7.org/fhir/tools/StructureDefinition/ig-page-name"><valueUrl value="terminology.html"/></extension><nameUrl value="terminology.html"/><title value="Terminology"/><generation value="html"/></page><page><extension url="http://hl7.org/fhir/tools/StructureDefinition/ig-page-name"><valueUrl value="artifacts.html"/></extension><nameUrl value="artifacts.html"/><title value="Artifacts Summary"/><generation value="html"/><page><extension url="http://hl7.org/fhir/tools/StructureDefinition/ig-page-name"><valueUrl value="StructureDefinition-dk-core-condition.html"/></extension><nameUrl value="StructureDefinition-dk-core-condition.html"/><title value="Danish Core Condition Profile"/><generation value="generated"/></page><page><extension url="http://hl7.org/fhir/tools/StructureDefinition/ig-page-name"><valueUrl value="StructureDefinition-dk-core-observation.html"/></extension><nameUrl value="StructureDefinition-dk-core-observation.html"/><title value="Danish Core Observation Profiles"/><generation value="generated"/></page><page><extension url="http://hl7.org/fhir/tools/StructureDefinition/ig-page-name"><valueUrl value="StructureDefinition-dk-core-organization.html"/></extension><nameUrl value="StructureDefinition-dk-core-organization.html"/><title value="Danish Core Organization Profile"/><generation value="generated"/></page><page><extension url="http://hl7.org/fhir/tools/StructureDefinition/ig-page-name"><valueUrl value="StructureDefinition-dk-core-patient.html"/></extension><nameUrl value="StructureDefinition-dk-core-patient.html"/><title value="Danish Core Patient Profile"/><generation value="generated"/></page><page><extension url="http://hl7.org/fhir/tools/StructureDefinition/ig-page-name"><valueUrl value="StructureDefinition-dk-core-practitioner.html"/></extension><nameUrl value="StructureDefinition-dk-core-practitioner.html"/><title value="Danish Core Practitioner Profile"/><generation value="generated"/></page><page><extension url="http://hl7.org/fhir/tools/StructureDefinition/ig-page-name"><valueUrl value="StructureDefinition-dk-core-cvr-identifier.html"/></extension><nameUrl value="StructureDefinition-dk-core-cvr-identifier.html"/><title value="Danish Central Business Register (CVR) Identifier"/><generation value="generated"/></page><page><extension url="http://hl7.org/fhir/tools/StructureDefinition/ig-page-name"><valueUrl value="StructureDefinition-dk-core-cpr-identifier.html"/></extension><nameUrl value="StructureDefinition-dk-core-cpr-identifier.html"/><title value="Danish Central Person Register (CPR) Identifier"/><generation value="generated"/></page><page><extension url="http://hl7.org/fhir/tools/StructureDefinition/ig-page-name"><valueUrl value="StructureDefinition-dk-core-authorization-identifier.html"/></extension><nameUrl value="StructureDefinition-dk-core-authorization-identifier.html"/><title value="Danish Health Professionals Authorization Identifier"/><generation value="generated"/></page><page><extension url="http://hl7.org/fhir/tools/StructureDefinition/ig-page-name"><valueUrl value="StructureDefinition-dk-core-gln-identifier.html"/></extension><nameUrl value="StructureDefinition-dk-core-gln-identifier.html"/><title value="GLN Identifier"/><generation value="generated"/></page><page><extension url="http://hl7.org/fhir/tools/StructureDefinition/ig-page-name"><valueUrl value="StructureDefinition-dk-core-kombit-org-identifier.html"/></extension><nameUrl value="StructureDefinition-dk-core-kombit-org-identifier.html"/><title value="Kombit Org Identifier"/><generation value="generated"/></page><page><extension url="http://hl7.org/fhir/tools/StructureDefinition/ig-page-name"><valueUrl value="StructureDefinition-dk-core-sor-identifier.html"/></extension><nameUrl value="StructureDefinition-dk-core-sor-identifier.html"/><title value="SOR Identifier"/><generation value="generated"/></page><page><extension url="http://hl7.org/fhir/tools/StructureDefinition/ig-page-name"><valueUrl value="StructureDefinition-ConditionLastAssertedDate.html"/></extension><nameUrl value="StructureDefinition-ConditionLastAssertedDate.html"/><title value="ConditionLastAssertedDate"/><generation value="generated"/></page><page><extension url="http://hl7.org/fhir/tools/StructureDefinition/ig-page-name"><valueUrl value="StructureDefinition-dk-core-municipalityCodes.html"/></extension><nameUrl value="StructureDefinition-dk-core-municipalityCodes.html"/><title value="Danish Core Municipality codes"/><generation value="generated"/></page><page><extension url="http://hl7.org/fhir/tools/StructureDefinition/ig-page-name"><valueUrl value="StructureDefinition-dk-core-RegionalSubDivisionCodes.html"/></extension><nameUrl value="StructureDefinition-dk-core-RegionalSubDivisionCodes.html"/><title value="Danish Core Regional Sub Division Codes Extension"/><generation value="generated"/></page><page><extension url="http://hl7.org/fhir/tools/StructureDefinition/ig-page-name"><valueUrl value="StructureDefinition-NotFollowedAnymore.html"/></extension><nameUrl value="StructureDefinition-NotFollowedAnymore.html"/><title value="NotFollowedAnymore"/><generation value="generated"/></page><page><extension url="http://hl7.org/fhir/tools/StructureDefinition/ig-page-name"><valueUrl value="ValueSet-dk-marital-status.html"/></extension><nameUrl value="ValueSet-dk-marital-status.html"/><title value="DK Core Marital Status"/><generation value="generated"/></page><page><extension url="http://hl7.org/fhir/tools/StructureDefinition/ig-page-name"><valueUrl value="ValueSet-sor-organization-type.html"/></extension><nameUrl value="ValueSet-sor-organization-type.html"/><title value="DK Core SOR Organization Type"/><generation value="generated"/></page><page><extension url="http://hl7.org/fhir/tools/StructureDefinition/ig-page-name"><valueUrl value="ValueSet-dk-core-LoincVitalSigns.html"/></extension><nameUrl value="ValueSet-dk-core-LoincVitalSigns.html"/><title value="DK Core Vital Signs"/><generation value="generated"/></page><page><extension url="http://hl7.org/fhir/tools/StructureDefinition/ig-page-name"><valueUrl value="ValueSet-dk-core-MunicipalityCodes.html"/></extension><nameUrl value="ValueSet-dk-core-MunicipalityCodes.html"/><title value="DK Municipality Codes"/><generation value="generated"/></page><page><extension url="http://hl7.org/fhir/tools/StructureDefinition/ig-page-name"><valueUrl value="ValueSet-DkCoreProfessionGroupValueSet.html"/></extension><nameUrl value="ValueSet-DkCoreProfessionGroupValueSet.html"/><title value="DK Profession Group"/><generation value="generated"/></page><page><extension url="http://hl7.org/fhir/tools/StructureDefinition/ig-page-name"><valueUrl value="ValueSet-dk-core-RegionalSubDivisionCodes.html"/></extension><nameUrl value="ValueSet-dk-core-RegionalSubDivisionCodes.html"/><title value="DK Regional Subdivision Codes"/><generation value="generated"/></page><page><extension url="http://hl7.org/fhir/tools/StructureDefinition/ig-page-name"><valueUrl value="ValueSet-dk-core-TechniquesSCTCodes.html"/></extension><nameUrl value="ValueSet-dk-core-TechniquesSCTCodes.html"/><title value="DK TechniquesSCTCodes"/><generation value="generated"/></page><page><extension url="http://hl7.org/fhir/tools/StructureDefinition/ig-page-name"><valueUrl value="CodeSystem-address-type-dk-supplement.html"/></extension><nameUrl value="CodeSystem-address-type-dk-supplement.html"/><title value="DK Address Type"/><generation value="generated"/></page><page><extension url="http://hl7.org/fhir/tools/StructureDefinition/ig-page-name"><valueUrl value="CodeSystem-address-use-dk-supplement.html"/></extension><nameUrl value="CodeSystem-address-use-dk-supplement.html"/><title value="DK Address Use"/><generation value="generated"/></page><page><extension url="http://hl7.org/fhir/tools/StructureDefinition/ig-page-name"><valueUrl value="CodeSystem-administrative-gender-supplement.html"/></extension><nameUrl value="CodeSystem-administrative-gender-supplement.html"/><title value="DK Administrative Gender Supplement"/><generation value="generated"/></page><page><extension url="http://hl7.org/fhir/tools/StructureDefinition/ig-page-name"><valueUrl value="CodeSystem-care-team-status-dk-supplement.html"/></extension><nameUrl value="CodeSystem-care-team-status-dk-supplement.html"/><title value="DK CareTeam Status"/><generation value="generated"/></page><page><extension url="http://hl7.org/fhir/tools/StructureDefinition/ig-page-name"><valueUrl value="CodeSystem-consent-state-codes-dk-supplement.html"/></extension><nameUrl value="CodeSystem-consent-state-codes-dk-supplement.html"/><title value="DK Consent State"/><generation value="generated"/></page><page><extension url="http://hl7.org/fhir/tools/StructureDefinition/ig-page-name"><valueUrl value="CodeSystem-days-of-week-dk-supplement.html"/></extension><nameUrl value="CodeSystem-days-of-week-dk-supplement.html"/><title value="DK Days Of Week"/><generation value="generated"/></page><page><extension url="http://hl7.org/fhir/tools/StructureDefinition/ig-page-name"><valueUrl value="CodeSystem-episode-of-care-status-dk-supplement.html"/></extension><nameUrl value="CodeSystem-episode-of-care-status-dk-supplement.html"/><title value="DK Episode Of Care Status"/><generation value="generated"/></page><page><extension url="http://hl7.org/fhir/tools/StructureDefinition/ig-page-name"><valueUrl value="CodeSystem-dk-core-municipality-codes-greenland.html"/></extension><nameUrl value="CodeSystem-dk-core-municipality-codes-greenland.html"/><title value="DK Greenland Municipality Codes"/><generation value="generated"/></page><page><extension url="http://hl7.org/fhir/tools/StructureDefinition/ig-page-name"><valueUrl value="CodeSystem-dk-marital-status.html"/></extension><nameUrl value="CodeSystem-dk-marital-status.html"/><title value="DK Marital Statuses"/><generation value="generated"/></page><page><extension url="http://hl7.org/fhir/tools/StructureDefinition/ig-page-name"><valueUrl value="CodeSystem-dk-core-municipality-codes.html"/></extension><nameUrl value="CodeSystem-dk-core-municipality-codes.html"/><title value="DK Municipality Codes"/><generation value="generated"/></page><page><extension url="http://hl7.org/fhir/tools/StructureDefinition/ig-page-name"><valueUrl value="CodeSystem-DkCoreProfessionGroupCodes.html"/></extension><nameUrl value="CodeSystem-DkCoreProfessionGroupCodes.html"/><title value="DK Profession Group Codes"/><generation value="generated"/></page><page><extension url="http://hl7.org/fhir/tools/StructureDefinition/ig-page-name"><valueUrl value="CodeSystem-publication-status-dk-supplement.html"/></extension><nameUrl value="CodeSystem-publication-status-dk-supplement.html"/><title value="DK Publication Status"/><generation value="generated"/></page><page><extension url="http://hl7.org/fhir/tools/StructureDefinition/ig-page-name"><valueUrl value="CodeSystem-dk-core-regional-subdivision-codes.html"/></extension><nameUrl value="CodeSystem-dk-core-regional-subdivision-codes.html"/><title value="DK Regional Subdivision Codes"/><generation value="generated"/></page><page><extension url="http://hl7.org/fhir/tools/StructureDefinition/ig-page-name"><valueUrl value="CodeSystem-request-status-dk-supplement.html"/></extension><nameUrl value="CodeSystem-request-status-dk-supplement.html"/><title value="DK Request Status"/><generation value="generated"/></page><page><extension url="http://hl7.org/fhir/tools/StructureDefinition/ig-page-name"><valueUrl value="NamingSystem-cpr.html"/></extension><nameUrl value="NamingSystem-cpr.html"/><title value="cpr"/><generation value="generated"/></page><page><extension url="http://hl7.org/fhir/tools/StructureDefinition/ig-page-name"><valueUrl value="NamingSystem-sor.html"/></extension><nameUrl value="NamingSystem-sor.html"/><title value="sor"/><generation value="generated"/></page><page><extension url="http://hl7.org/fhir/tools/StructureDefinition/ig-page-name"><valueUrl value="Practitioner-AbrahamLaege.html"/></extension><nameUrl value="Practitioner-AbrahamLaege.html"/><title value="AbrahamLæge"/><generation value="generated"/></page><page><extension url="http://hl7.org/fhir/tools/StructureDefinition/ig-page-name"><valueUrl value="Device-BPMonitor.C4F312FFFE53F2C9.html"/></extension><nameUrl value="Device-BPMonitor.C4F312FFFE53F2C9.html"/><title value="BPMonitor.C4F312FFFE53F2C9"/><generation value="generated"/></page><page><extension url="http://hl7.org/fhir/tools/StructureDefinition/ig-page-name"><valueUrl value="Organization-CenterForDiabetes.html"/></extension><nameUrl value="Organization-CenterForDiabetes.html"/><title value="Center for Diabetes"/><generation value="generated"/></page><page><extension url="http://hl7.org/fhir/tools/StructureDefinition/ig-page-name"><valueUrl value="Organization-CenterForDiabetesTeamDiabetes.html"/></extension><nameUrl value="Organization-CenterForDiabetesTeamDiabetes.html"/><title value="Center for Diabetes Team Diabetes"/><generation value="generated"/></page><page><extension url="http://hl7.org/fhir/tools/StructureDefinition/ig-page-name"><valueUrl value="Organization-CenterForDiabetesTeamHjerte.html"/></extension><nameUrl value="Organization-CenterForDiabetesTeamHjerte.html"/><title value="Center for Diabetes Team Hjerte"/><generation value="generated"/></page><page><extension url="http://hl7.org/fhir/tools/StructureDefinition/ig-page-name"><valueUrl value="Organization-CenterForDiabetesTeamKvalitet.html"/></extension><nameUrl value="Organization-CenterForDiabetesTeamKvalitet.html"/><title value="Center for Diabetes Team Kvalitet"/><generation value="generated"/></page><page><extension url="http://hl7.org/fhir/tools/StructureDefinition/ig-page-name"><valueUrl value="Observation-CoincidentTimeStamp.0222.html"/></extension><nameUrl value="Observation-CoincidentTimeStamp.0222.html"/><title value="CoincidentTimeStamp.0222"/><generation value="generated"/></page><page><extension url="http://hl7.org/fhir/tools/StructureDefinition/ig-page-name"><valueUrl value="Condition-ElseGraviditet.html"/></extension><nameUrl value="Condition-ElseGraviditet.html"/><title value="Else Graviditet"/><generation value="generated"/></page><page><extension url="http://hl7.org/fhir/tools/StructureDefinition/ig-page-name"><valueUrl value="Observation-ElsePainVRS.html"/></extension><nameUrl value="Observation-ElsePainVRS.html"/><title value="ElsePainVRS"/><generation value="generated"/></page><page><extension url="http://hl7.org/fhir/tools/StructureDefinition/ig-page-name"><valueUrl value="Patient-Confidential.html"/></extension><nameUrl value="Patient-Confidential.html"/><title value="Example of a patient with confidential adress and name"/><generation value="generated"/></page><page><extension url="http://hl7.org/fhir/tools/StructureDefinition/ig-page-name"><valueUrl value="Patient-else.html"/></extension><nameUrl value="Patient-else.html"/><title value="Example of a woman of childbearing age"/><generation value="generated"/></page><page><extension url="http://hl7.org/fhir/tools/StructureDefinition/ig-page-name"><valueUrl value="Patient-ukendt.html"/></extension><nameUrl value="Patient-ukendt.html"/><title value="Example of valid patient unknown identifier registry"/><generation value="generated"/></page><page><extension url="http://hl7.org/fhir/tools/StructureDefinition/ig-page-name"><valueUrl value="Patient-mogensen.html"/></extension><nameUrl value="Patient-mogensen.html"/><title value="Example of valid patient with danish marital status"/><generation value="generated"/></page><page><extension url="http://hl7.org/fhir/tools/StructureDefinition/ig-page-name"><valueUrl value="Patient-283.html"/></extension><nameUrl value="Patient-283.html"/><title value="Example of valid patient with full address"/><generation value="generated"/></page><page><extension url="http://hl7.org/fhir/tools/StructureDefinition/ig-page-name"><valueUrl value="Patient-john.html"/></extension><nameUrl value="Patient-john.html"/><title value="Example of valid patient with multiple names"/><generation value="generated"/></page><page><extension url="http://hl7.org/fhir/tools/StructureDefinition/ig-page-name"><valueUrl value="Practitioner-HanneSocialraadgiver.html"/></extension><nameUrl value="Practitioner-HanneSocialraadgiver.html"/><title value="HanneSocialrådgiver"/><generation value="generated"/></page><page><extension url="http://hl7.org/fhir/tools/StructureDefinition/ig-page-name"><valueUrl value="Observation-HeartRate.Poul.1974654.html"/></extension><nameUrl value="Observation-HeartRate.Poul.1974654.html"/><title value="HeartRate.Poul.1974654"/><generation value="generated"/></page><page><extension url="http://hl7.org/fhir/tools/StructureDefinition/ig-page-name"><valueUrl value="ServiceRequest-HenvisningFraLageTilSygehus.html"/></extension><nameUrl value="ServiceRequest-HenvisningFraLageTilSygehus.html"/><title value="Henvisning vedr. modermærkekræft"/><generation value="generated"/></page><page><extension url="http://hl7.org/fhir/tools/StructureDefinition/ig-page-name"><valueUrl value="Condition-JohnDiabetes.html"/></extension><nameUrl value="Condition-JohnDiabetes.html"/><title value="John diabetes"/><generation value="generated"/></page><page><extension url="http://hl7.org/fhir/tools/StructureDefinition/ig-page-name"><valueUrl value="Condition-JohnFracture.html"/></extension><nameUrl value="Condition-JohnFracture.html"/><title value="John fraktur"/><generation value="generated"/></page><page><extension url="http://hl7.org/fhir/tools/StructureDefinition/ig-page-name"><valueUrl value="Condition-JohnMelanoma.html"/></extension><nameUrl value="Condition-JohnMelanoma.html"/><title value="John mistanke om Modermærkekræft"/><generation value="generated"/></page><page><extension url="http://hl7.org/fhir/tools/StructureDefinition/ig-page-name"><valueUrl value="Condition-JohnPacemaker.html"/></extension><nameUrl value="Condition-JohnPacemaker.html"/><title value="John pacemaker"/><generation value="generated"/></page><page><extension url="http://hl7.org/fhir/tools/StructureDefinition/ig-page-name"><valueUrl value="Condition-ConditionPressureUlcer.html"/></extension><nameUrl value="Condition-ConditionPressureUlcer.html"/><title value="John tryksår"/><generation value="generated"/></page><page><extension url="http://hl7.org/fhir/tools/StructureDefinition/ig-page-name"><valueUrl value="Observation-ObservationOxySatVitalSigns.html"/></extension><nameUrl value="Observation-ObservationOxySatVitalSigns.html"/><title value="John's oxygen saturation measurement, Vital Signs"/><generation value="generated"/></page><page><extension url="http://hl7.org/fhir/tools/StructureDefinition/ig-page-name"><valueUrl value="Observation-ObservationRespiratoryVitalSigns.html"/></extension><nameUrl value="Observation-ObservationRespiratoryVitalSigns.html"/><title value="John's Respiratory rate measurement, Vital Signs"/><generation value="generated"/></page><page><extension url="http://hl7.org/fhir/tools/StructureDefinition/ig-page-name"><valueUrl value="Organization-LaegerneHasserisBymidte.html"/></extension><nameUrl value="Organization-LaegerneHasserisBymidte.html"/><title value="LaegerneHasserisBymidte"/><generation value="generated"/></page><page><extension url="http://hl7.org/fhir/tools/StructureDefinition/ig-page-name"><valueUrl value="Organization-b08997bb-4476-4dd0-84dd-2e297f809364.html"/></extension><nameUrl value="Organization-b08997bb-4476-4dd0-84dd-2e297f809364.html"/><title value="MedCom Test Organization"/><generation value="generated"/></page><page><extension url="http://hl7.org/fhir/tools/StructureDefinition/ig-page-name"><valueUrl value="Patient-Poul.html"/></extension><nameUrl value="Patient-Poul.html"/><title value="Poul"/><generation value="generated"/></page><page><extension url="http://hl7.org/fhir/tools/StructureDefinition/ig-page-name"><valueUrl value="Device-WeightScale.606405FFFECFC604.html"/></extension><nameUrl value="Device-WeightScale.606405FFFECFC604.html"/><title value="Poul's A&amp;D weight scale"/><generation value="generated"/></page><page><extension url="http://hl7.org/fhir/tools/StructureDefinition/ig-page-name"><valueUrl value="Observation-Weight.Poul.230221.html"/></extension><nameUrl value="Observation-Weight.Poul.230221.html"/><title value="Poul's daily weighing on Feb. 21st"/><generation value="generated"/></page><page><extension url="http://hl7.org/fhir/tools/StructureDefinition/ig-page-name"><valueUrl value="Bundle-ContinuaBundleWithDevice.html"/></extension><nameUrl value="Bundle-ContinuaBundleWithDevice.html"/><title value="Poul's home blood pressure measurement"/><generation value="generated"/></page><page><extension url="http://hl7.org/fhir/tools/StructureDefinition/ig-page-name"><valueUrl value="Device-Telma.FEEDDADADEADBEEF.html"/></extension><nameUrl value="Device-Telma.FEEDDADADEADBEEF.html"/><title value="Telma.FEEDDADADEADBEEF"/><generation value="generated"/></page></page></page><parameter><code value="path-resource"/><value value="input/capabilities"/></parameter><parameter><code value="path-resource"/><value value="input/examples"/></parameter><parameter><code value="path-resource"/><value value="input/extensions"/></parameter><parameter><code value="path-resource"/><value value="input/models"/></parameter><parameter><code value="path-resource"/><value value="input/operations"/></parameter><parameter><code value="path-resource"/><value value="input/profiles"/></parameter><parameter><code value="path-resource"/><value value="input/resources"/></parameter><parameter><code value="path-resource"/><value value="input/vocabulary"/></parameter><parameter><code value="path-resource"/><value value="input/maps"/></parameter><parameter><code value="path-resource"/><value value="input/testing"/></parameter><parameter><code value="path-resource"/><value value="input/history"/></parameter><parameter><code value="path-resource"/><value value="fsh-generated/resources"/></parameter><parameter><code value="path-pages"/><value value="template/config"/></parameter><parameter><code value="path-pages"/><value value="input/images"/></parameter><parameter><code value="path-tx-cache"/><value value="input-cache/txcache"/></parameter></definition></ImplementationGuide>