<?xml version="1.0" encoding="UTF-8"?><ValueSet xmlns="http://hl7.org/fhir"><id value="DkCoreDeCPRValueSet"/><text><status value="generated"/><div xmlns="http://www.w3.org/1999/xhtml"><p class="res-header-id"><b>Generated Narrative: ValueSet DkCoreDeCPRValueSet</b></p><a name="DkCoreDeCPRValueSet"> </a><a name="hcDkCoreDeCPRValueSet"> </a><ul><li>Include all codes defined in <a href="CodeSystem-dk-core-d-ecpr-codes.html"><code>http://hl7.dk/fhir/core/CodeSystem/dk-core-d-ecpr-codes</code></a><span title="Version is not explicitly stated, which means it is fixed to the version provided in this specification"> version 📦3.5.0</span></li></ul></div></text><url value="http://hl7.dk/fhir/core/ValueSet/DkCoreDeCPRValueSet"/><version value="3.5.0"/><name value="DkCoreDeCPRValueSet"/><title value="DK D-eCPR OID values"/><status value="active"/><experimental value="false"/><date value="2025-12-19T17:27:08+01:00"/><publisher value="HL7 Denmark"/><contact><name value="HL7 Denmark"/><telecom><system value="url"/><value value="http://www.hl7.dk"/></telecom><telecom><system value="email"/><value value="dk-affiliate@hl7.dk"/></telecom></contact><description value="DK D-eCPR OID values"/><jurisdiction><coding><system value="urn:iso:std:iso:3166"/><code value="DK"/><display value="Denmark"/></coding></jurisdiction><compose><include><system value="http://hl7.dk/fhir/core/CodeSystem/dk-core-d-ecpr-codes"/></include></compose></ValueSet>