<?xml version="1.0" encoding="UTF-8"?><ValueSet xmlns="http://hl7.org/fhir"><id value="dk-core-servicerequest-codes"/><text><status value="generated"/><div xmlns="http://www.w3.org/1999/xhtml"><p class="res-header-id"><b>Generated Narrative: ValueSet dk-core-servicerequest-codes</b></p><a name="dk-core-servicerequest-codes"> </a><a name="hcdk-core-servicerequest-codes"> </a><ul><li>Include these codes as defined in <a href="http://www.snomed.org/"><code>http://snomed.info/sct</code></a><span title="Version is explicitly stated to be http://snomed.info/sct/554471000005108"> version 📍</span><table class="none"><tr><td style="white-space:nowrap"><b>Code</b></td><td><b>Display</b></td><td><b>Dansk (Danish, da)</b></td></tr><tr><td><a href="http://snomed.info/id/773568002">773568002</a></td><td style="color: #cccccc">akutmedicin</td><td>akutmedicin</td></tr><tr><td><a href="http://snomed.info/id/408443003">408443003</a></td><td style="color: #cccccc">almen medicin</td><td>almen medicin</td></tr><tr><td><a href="http://snomed.info/id/394577000">394577000</a></td><td style="color: #cccccc">anæstesiologi</td><td>anæstesiologi</td></tr><tr><td><a href="http://snomed.info/id/394821009">394821009</a></td><td style="color: #cccccc">arbejdsmedicin</td><td></td></tr><tr><td><a href="http://snomed.info/id/394588006">394588006</a></td><td style="color: #cccccc">børne- og ungdomspsykiatri</td><td>børne- og ungdomspsykiatri</td></tr><tr><td><a href="http://snomed.info/id/394582007">394582007</a></td><td style="color: #cccccc">dermato-venerologi</td><td>dermato-venerologi</td></tr><tr><td><a href="http://snomed.info/id/394914008">394914008</a></td><td style="color: #cccccc">diagnostisk radiologi</td><td>diagnostisk radiologi</td></tr><tr><td><a href="http://snomed.info/id/394583002">394583002</a></td><td style="color: #cccccc">endokrinologi</td><td>endokrinologi</td></tr><tr><td><a href="http://snomed.info/id/394811001">394811001</a></td><td style="color: #cccccc">geriatri</td><td>geriatri</td></tr><tr><td><a href="http://snomed.info/id/394585009">394585009</a></td><td style="color: #cccccc">gynækologi og obstetrik</td><td>gynækologi og obstetrik</td></tr><tr><td><a href="http://snomed.info/id/408472002">408472002</a></td><td style="color: #cccccc">hepatologi</td><td>hepatologi</td></tr><tr><td><a href="http://snomed.info/id/394803006">394803006</a></td><td style="color: #cccccc">hæmatologi</td><td>hæmatologi</td></tr><tr><td><a href="http://snomed.info/id/394807007">394807007</a></td><td style="color: #cccccc">infektionsmedicin</td><td>infektionsmedicin</td></tr><tr><td><a href="http://snomed.info/id/419192003">419192003</a></td><td style="color: #cccccc">intern medicin</td><td>intern medicin</td></tr><tr><td><a href="http://snomed.info/id/394579002">394579002</a></td><td style="color: #cccccc">kardiologi</td><td>kardiologi</td></tr><tr><td><a href="http://snomed.info/id/408463005">408463005</a></td><td style="color: #cccccc">karkirurgi</td><td>karkirurgi</td></tr><tr><td><a href="http://snomed.info/id/394609007">394609007</a></td><td style="color: #cccccc">kirurgi</td><td>kirurgi</td></tr><tr><td><a href="http://snomed.info/id/551411000005104">551411000005104</a></td><td style="color: #cccccc">kirurgisk gastroenterologi</td><td>kirurgisk gastroenterologi</td></tr><tr><td><a href="http://snomed.info/id/394596001">394596001</a></td><td style="color: #cccccc">klinisk biokemi</td><td>klinisk biokemi</td></tr><tr><td><a href="http://snomed.info/id/394600006">394600006</a></td><td style="color: #cccccc">klinisk farmakologi</td><td>klinisk farmakologi</td></tr><tr><td><a href="http://snomed.info/id/394601005">394601005</a></td><td style="color: #cccccc">klinisk fysiologi og nuklearmedicin (snomed:  klinisk fysiologi)</td><td>klinisk fysiologi og nuklearmedicin (snomed:  klinisk fysiologi)</td></tr><tr><td><a href="http://snomed.info/id/394580004">394580004</a></td><td style="color: #cccccc">klinisk genetik</td><td>klinisk genetik</td></tr><tr><td><a href="http://snomed.info/id/421661004">421661004</a></td><td style="color: #cccccc">klinisk immunologi</td><td>klinisk immunologi</td></tr><tr><td><a href="http://snomed.info/id/408454008">408454008</a></td><td style="color: #cccccc">klinisk mikrobiologi</td><td>klinisk mikrobiologi</td></tr><tr><td><a href="http://snomed.info/id/394809005">394809005</a></td><td style="color: #cccccc">klinisk neurofysiologi</td><td>klinisk neurofysiologi</td></tr><tr><td><a href="http://snomed.info/id/394592004">394592004</a></td><td style="color: #cccccc">klinisk onkologi</td><td>klinisk onkologi</td></tr><tr><td><a href="http://snomed.info/id/418112009">418112009</a></td><td style="color: #cccccc">lungesygdomme</td><td>lungesygdomme</td></tr><tr><td><a href="http://snomed.info/id/394805004">394805004</a></td><td style="color: #cccccc">medicinsk allergologi</td><td>medicinsk allergologi</td></tr><tr><td><a href="http://snomed.info/id/394584008">394584008</a></td><td style="color: #cccccc">medicinsk gastroenterologi</td><td>medicinsk gastroenterologi</td></tr><tr><td><a href="http://snomed.info/id/394589003">394589003</a></td><td style="color: #cccccc">nefrologi</td><td>nefrologi</td></tr><tr><td><a href="http://snomed.info/id/394610002">394610002</a></td><td style="color: #cccccc">neurokirurgi</td><td>neurokirurgi</td></tr><tr><td><a href="http://snomed.info/id/394591006">394591006</a></td><td style="color: #cccccc">neurologi</td><td>neurologi</td></tr><tr><td><a href="http://snomed.info/id/394812008">394812008</a></td><td style="color: #cccccc">Dental medicine specialties (qualifier value)</td><td>odontologi (snomed: odontologiske specialer)</td></tr><tr><td><a href="http://snomed.info/id/394594003">394594003</a></td><td style="color: #cccccc">oftalmologi</td><td>oftalmologi</td></tr><tr><td><a href="http://snomed.info/id/394608004">394608004</a></td><td style="color: #cccccc">ortodonti</td><td>ortodonti</td></tr><tr><td><a href="http://snomed.info/id/394801008">394801008</a></td><td style="color: #cccccc">ortopædisk kirurgi</td><td>ortopædisk kirurgi</td></tr><tr><td><a href="http://snomed.info/id/394604002">394604002</a></td><td style="color: #cccccc">oto-rhino-laryngologi</td><td>oto-rhino-laryngologi</td></tr><tr><td><a href="http://snomed.info/id/394915009">394915009</a></td><td style="color: #cccccc">patologisk anatomi og cytologi</td><td>patologisk anatomi og cytologi</td></tr><tr><td><a href="http://snomed.info/id/394611003">394611003</a></td><td style="color: #cccccc">plastikkirurgi</td><td>plastikkirurgi</td></tr><tr><td><a href="http://snomed.info/id/394587001">394587001</a></td><td style="color: #cccccc">psykiatri</td><td>psykiatri</td></tr><tr><td><a href="http://snomed.info/id/394537008">394537008</a></td><td style="color: #cccccc">pædiatri</td><td>pædiatri</td></tr><tr><td><a href="http://snomed.info/id/394810000">394810000</a></td><td style="color: #cccccc">reumatologi</td><td>reumatologi</td></tr><tr><td><a href="http://snomed.info/id/394581000">394581000</a></td><td style="color: #cccccc">samfundsmedicin</td><td>samfundsmedicin</td></tr><tr><td><a href="http://snomed.info/id/394605001">394605001</a></td><td style="color: #cccccc">tand-, mund- og kæbekirurgi</td><td>tand-, mund- og kæbekirurgi</td></tr><tr><td><a href="http://snomed.info/id/394603008">394603008</a></td><td style="color: #cccccc">thoraxkirurgi</td><td>thoraxkirurgi</td></tr><tr><td><a href="http://snomed.info/id/408448007">408448007</a></td><td style="color: #cccccc">tropemedicin</td><td>tropemedicin</td></tr><tr><td><a href="http://snomed.info/id/394612005">394612005</a></td><td style="color: #cccccc">urologi</td><td>urologi</td></tr><tr><td><a href="http://snomed.info/id/658171000005102">658171000005102</a></td><td style="color: #cccccc">hjemmepleje</td><td>hjemmepleje</td></tr><tr><td><a href="http://snomed.info/id/658161000005107">658161000005107</a></td><td style="color: #cccccc">hjemmesygepleje</td><td>hjemmesygepleje</td></tr><tr><td><a href="http://snomed.info/id/658151000005105">658151000005105</a></td><td style="color: #cccccc">sundhedsfremme og forebyggelse</td><td>sundhedsfremme og forebyggelse</td></tr><tr><td><a href="http://snomed.info/id/658191000005101">658191000005101</a></td><td style="color: #cccccc">sundhedspleje</td><td>sundhedspleje</td></tr><tr><td><a href="http://snomed.info/id/658201000005103">658201000005103</a></td><td style="color: #cccccc">kommunal tandpleje</td><td>kommunal tandpleje</td></tr><tr><td><a href="http://snomed.info/id/658141000005108">658141000005108</a></td><td style="color: #cccccc">genoptræning efter hospitalsophold</td><td>genoptræning efter hospitalsophold</td></tr><tr><td><a href="http://snomed.info/id/658181000005104">658181000005104</a></td><td style="color: #cccccc">hjælpemiddelområdet</td><td>hjælpemiddelområdet</td></tr><tr><td><a href="http://snomed.info/id/2903041000005106">2903041000005106</a></td><td style="color: #cccccc">det kommunale omsorgs-, social- og sundhedsområde</td><td>det kommunale omsorgs-, social- og sundhedsområde</td></tr></table></li></ul></div></text><url value="http://hl7.dk/fhir/core/ValueSet/dk-core-servicerequest-codes"/><version value="3.5.0"/><name value="DkCoreServiceRequestCodes"/><title value="DK codes for ServiceRequest"/><status value="active"/><experimental value="false"/><date value="2025-12-19T17:27:08+01:00"/><publisher value="HL7 Denmark"/><contact><name value="HL7 Denmark"/><telecom><system value="url"/><value value="http://www.hl7.dk"/></telecom><telecom><system value="email"/><value value="dk-affiliate@hl7.dk"/></telecom></contact><description value="Value set used to describe Danish healthcare services"/><jurisdiction><coding><system value="urn:iso:std:iso:3166"/><code value="DK"/><display value="Denmark"/></coding></jurisdiction><copyright value="This value set includes content from SNOMED CT, which is copyright © 2002+ International Health Terminology Standards Development Organisation (IHTSDO), and distributed by agreement between IHTSDO and HL7. Implementer use of SNOMED CT is not covered by this agreement"/><compose><include><system value="http://snomed.info/sct"/><version value="http://snomed.info/sct/554471000005108"/><concept><code value="773568002"/><designation><language value="da"/><value value="akutmedicin"/></designation></concept><concept><code value="408443003"/><designation><language value="da"/><value value="almen medicin"/></designation></concept><concept><code value="394577000"/><designation><language value="da"/><value value="anæstesiologi"/></designation></concept><concept><code value="394821009"/><designation><value value="arbejdsmedicin"/></designation></concept><concept><code value="394588006"/><designation><language value="da"/><value value="børne- og ungdomspsykiatri"/></designation></concept><concept><code value="394582007"/><designation><language value="da"/><value value="dermato-venerologi"/></designation></concept><concept><code value="394914008"/><designation><language value="da"/><value value="diagnostisk radiologi"/></designation></concept><concept><code value="394583002"/><designation><language value="da"/><value value="endokrinologi"/></designation></concept><concept><code value="394811001"/><designation><language value="da"/><value value="geriatri"/></designation></concept><concept><code value="394585009"/><designation><language value="da"/><value value="gynækologi og obstetrik"/></designation></concept><concept><code value="408472002"/><designation><language value="da"/><value value="hepatologi"/></designation></concept><concept><code value="394803006"/><designation><language value="da"/><value value="hæmatologi"/></designation></concept><concept><code value="394807007"/><designation><language value="da"/><value value="infektionsmedicin"/></designation></concept><concept><code value="419192003"/><designation><language value="da"/><value value="intern medicin"/></designation></concept><concept><code value="394579002"/><designation><language value="da"/><value value="kardiologi"/></designation></concept><concept><code value="408463005"/><designation><language value="da"/><value value="karkirurgi"/></designation></concept><concept><code value="394609007"/><designation><language value="da"/><value value="kirurgi"/></designation></concept><concept><code value="551411000005104"/><designation><language value="da"/><value value="kirurgisk gastroenterologi"/></designation></concept><concept><code value="394596001"/><designation><language value="da"/><value value="klinisk biokemi"/></designation></concept><concept><code value="394600006"/><designation><language value="da"/><value value="klinisk farmakologi"/></designation></concept><concept><code value="394601005"/><designation><language value="da"/><value value="klinisk fysiologi og nuklearmedicin (snomed:  klinisk fysiologi)"/></designation></concept><concept><code value="394580004"/><designation><language value="da"/><value value="klinisk genetik"/></designation></concept><concept><code value="421661004"/><designation><language value="da"/><value value="klinisk immunologi"/></designation></concept><concept><code value="408454008"/><designation><language value="da"/><value value="klinisk mikrobiologi"/></designation></concept><concept><code value="394809005"/><designation><language value="da"/><value value="klinisk neurofysiologi"/></designation></concept><concept><code value="394592004"/><designation><language value="da"/><value value="klinisk onkologi"/></designation></concept><concept><code value="418112009"/><designation><language value="da"/><value value="lungesygdomme"/></designation></concept><concept><code value="394805004"/><designation><language value="da"/><value value="medicinsk allergologi"/></designation></concept><concept><code value="394584008"/><designation><language value="da"/><value value="medicinsk gastroenterologi"/></designation></concept><concept><code value="394589003"/><designation><language value="da"/><value value="nefrologi"/></designation></concept><concept><code value="394610002"/><designation><language value="da"/><value value="neurokirurgi"/></designation></concept><concept><code value="394591006"/><designation><language value="da"/><value value="neurologi"/></designation></concept><concept><code value="394812008"/><designation><language value="da"/><value value="odontologi (snomed: odontologiske specialer)"/></designation></concept><concept><code value="394594003"/><designation><language value="da"/><value value="oftalmologi"/></designation></concept><concept><code value="394608004"/><designation><language value="da"/><value value="ortodonti"/></designation></concept><concept><code value="394801008"/><designation><language value="da"/><value value="ortopædisk kirurgi"/></designation></concept><concept><code value="394604002"/><designation><language value="da"/><value value="oto-rhino-laryngologi"/></designation></concept><concept><code value="394915009"/><designation><language value="da"/><value value="patologisk anatomi og cytologi"/></designation></concept><concept><code value="394611003"/><designation><language value="da"/><value value="plastikkirurgi"/></designation></concept><concept><code value="394587001"/><designation><language value="da"/><value value="psykiatri"/></designation></concept><concept><code value="394537008"/><designation><language value="da"/><value value="pædiatri"/></designation></concept><concept><code value="394810000"/><designation><language value="da"/><value value="reumatologi"/></designation></concept><concept><code value="394581000"/><designation><language value="da"/><value value="samfundsmedicin"/></designation></concept><concept><code value="394605001"/><designation><language value="da"/><value value="tand-, mund- og kæbekirurgi"/></designation></concept><concept><code value="394603008"/><designation><language value="da"/><value value="thoraxkirurgi"/></designation></concept><concept><code value="408448007"/><designation><language value="da"/><value value="tropemedicin"/></designation></concept><concept><code value="394612005"/><designation><language value="da"/><value value="urologi"/></designation></concept><concept><code value="658171000005102"/><designation><language value="da"/><value value="hjemmepleje"/></designation></concept><concept><code value="658161000005107"/><designation><language value="da"/><value value="hjemmesygepleje"/></designation></concept><concept><code value="658151000005105"/><designation><language value="da"/><value value="sundhedsfremme og forebyggelse"/></designation></concept><concept><code value="658191000005101"/><designation><language value="da"/><value value="sundhedspleje"/></designation></concept><concept><code value="658201000005103"/><designation><language value="da"/><value value="kommunal tandpleje"/></designation></concept><concept><code value="658141000005108"/><designation><language value="da"/><value value="genoptræning efter hospitalsophold"/></designation></concept><concept><code value="658181000005104"/><designation><language value="da"/><value value="hjælpemiddelområdet"/></designation></concept><concept><code value="2903041000005106"/><designation><language value="da"/><value value="det kommunale omsorgs-, social- og sundhedsområde"/></designation></concept></include></compose></ValueSet>