{
  "resourceType" : "Observation",
  "id" : "MaxRespirationRate",
  "meta" : {
    "profile" : ["http://hl7.dk/fhir/core/StructureDefinition/dk-core-basic-observation"]
  },
  "text" : {
    "status" : "generated",
    "div" : "<div xmlns=\"http://www.w3.org/1999/xhtml\"><p class=\"res-header-id\"><b>Generated Narrative: Observation MaxRespirationRate</b></p><a name=\"MaxRespirationRate\"> </a><a name=\"hcMaxRespirationRate\"> </a><a name=\"MaxRespirationRate-da-DK\"> </a><p><b>status</b>: Final</p><p><b>category</b>: <span title=\"Codes:{http://terminology.hl7.org/CodeSystem/observation-category vital-signs}\">Vital Signs</span></p><p><b>code</b>: <span title=\"Codes:{http://loinc.org 9279-1}, {http://snomed.info/sct 86290005}\">Respiratory rate</span></p><p><b>subject</b>: <a href=\"Patient-Max.html\">Max Test Berggren (official) Male, DoB: 1972-07-01 ( urn:oid:1.2.208.176.1.2#0107729995)</a></p><p><b>effective</b>: 2023-08-08 13:30:00+0000</p><p><b>value</b>: 13 /min<span style=\"background: LightGoldenRodYellow\"> (Details: UCUM  code/min = '/min')</span></p><p><b>method</b>: <span title=\"Codes:{http://snomed.info/sct 272391002}\">Measurement technique (qualifier value)</span></p></div>"
  },
  "status" : "final",
  "category" : [{
    "coding" : [{
      "system" : "http://terminology.hl7.org/CodeSystem/observation-category",
      "code" : "vital-signs"
    }]
  }],
  "code" : {
    "coding" : [{
      "system" : "http://loinc.org",
      "code" : "9279-1"
    },
    {
      "system" : "http://snomed.info/sct",
      "code" : "86290005"
    }]
  },
  "subject" : {
    "reference" : "Patient/Max"
  },
  "effectiveDateTime" : "2023-08-08T13:30:00.000Z",
  "valueQuantity" : {
    "value" : 13,
    "unit" : "/min",
    "system" : "http://unitsofmeasure.org",
    "code" : "/min"
  },
  "method" : {
    "coding" : [{
      "system" : "http://snomed.info/sct",
      "code" : "272391002",
      "display" : "Measurement technique (qualifier value)"
    }]
  }
}