{
  "resourceType" : "ValueSet",
  "id" : "dk-core-SCTBasicObservation",
  "text" : {
    "status" : "generated",
    "div" : "<div xmlns=\"http://www.w3.org/1999/xhtml\"><p class=\"res-header-id\"><b>Generated Narrative: ValueSet dk-core-SCTBasicObservation</b></p><a name=\"dk-core-SCTBasicObservation\"> </a><a name=\"hcdk-core-SCTBasicObservation\"> </a><a name=\"dk-core-SCTBasicObservation-da-DK\"> </a><p>This value set includes codes based on the following rules:</p><ul><li>Include these codes as defined in <a href=\"http://www.snomed.org/\"><code>http://snomed.info/sct</code></a><table class=\"none\"><tr><td style=\"white-space:nowrap\"><b>Code</b></td><td><b>Display</b></td></tr><tr><td><a href=\"http://snomed.info/id/446226005\">446226005</a></td><td style=\"color: #cccccc\">Diastolic blood pressure on admission (observable entity)</td></tr><tr><td><a href=\"http://snomed.info/id/400975005\">400975005</a></td><td style=\"color: #cccccc\">Standing diastolic blood pressure (observable entity)</td></tr><tr><td><a href=\"http://snomed.info/id/407557002\">407557002</a></td><td style=\"color: #cccccc\">Lying diastolic blood pressure (observable entity)</td></tr><tr><td><a href=\"http://snomed.info/id/407555005\">407555005</a></td><td style=\"color: #cccccc\">Sitting diastolic blood pressure (observable entity)</td></tr><tr><td><a href=\"http://snomed.info/id/271650006\">271650006</a></td><td style=\"color: #cccccc\">Diastolic blood pressure</td></tr><tr><td><a href=\"http://snomed.info/id/72313002\">72313002</a></td><td style=\"color: #cccccc\">Systolic arterial pressure</td></tr><tr><td><a href=\"http://snomed.info/id/400974009\">400974009</a></td><td style=\"color: #cccccc\">Standing systolic blood pressure (observable entity)</td></tr><tr><td><a href=\"http://snomed.info/id/399304008\">399304008</a></td><td style=\"color: #cccccc\">Systolic blood pressure on admission (observable entity)</td></tr><tr><td><a href=\"http://snomed.info/id/407556006\">407556006</a></td><td style=\"color: #cccccc\">Lying systolic blood pressure (observable entity)</td></tr><tr><td><a href=\"http://snomed.info/id/407554009\">407554009</a></td><td style=\"color: #cccccc\">Sitting systolic blood pressure (observable entity)</td></tr><tr><td><a href=\"http://snomed.info/id/271649006\">271649006</a></td><td style=\"color: #cccccc\">Systolic blood pressure</td></tr><tr><td><a href=\"http://snomed.info/id/422119006\">422119006</a></td><td style=\"color: #cccccc\">Brachial pulse rate</td></tr><tr><td><a href=\"http://snomed.info/id/429614003\">429614003</a></td><td style=\"color: #cccccc\">Posterior tibial pulse rate</td></tr><tr><td><a href=\"http://snomed.info/id/429525003\">429525003</a></td><td style=\"color: #cccccc\">Dorsalis pedis pulse rate</td></tr><tr><td><a href=\"http://snomed.info/id/399017001\">399017001</a></td><td style=\"color: #cccccc\">Heart rate on admission (observable entity)</td></tr><tr><td><a href=\"http://snomed.info/id/78564009\">78564009</a></td><td style=\"color: #cccccc\">Pulse rate</td></tr><tr><td><a href=\"http://snomed.info/id/444981005\">444981005</a></td><td style=\"color: #cccccc\">Resting heart rate (observable entity)</td></tr><tr><td><a href=\"http://snomed.info/id/364075005\">364075005</a></td><td style=\"color: #cccccc\">Heart rate</td></tr><tr><td><a href=\"http://snomed.info/id/424927000\">424927000</a></td><td style=\"color: #cccccc\">Body weight with shoes (observable entity)</td></tr><tr><td><a href=\"http://snomed.info/id/445541000\">445541000</a></td><td style=\"color: #cccccc\">Dry body weight (observable entity)</td></tr><tr><td><a href=\"http://snomed.info/id/425024002\">425024002</a></td><td style=\"color: #cccccc\">Body weight without shoes (observable entity)</td></tr><tr><td><a href=\"http://snomed.info/id/364589006\">364589006</a></td><td style=\"color: #cccccc\">Birth weight</td></tr><tr><td><a href=\"http://snomed.info/id/27113001\">27113001</a></td><td style=\"color: #cccccc\">Body weight</td></tr><tr><td><a href=\"http://snomed.info/id/1153637007\">1153637007</a></td><td style=\"color: #cccccc\">Body height (observable entity)</td></tr><tr><td><a href=\"http://snomed.info/id/248333004\">248333004</a></td><td style=\"color: #cccccc\">Standing height</td></tr><tr><td><a href=\"http://snomed.info/id/1149101003\">1149101003</a></td><td style=\"color: #cccccc\">Recumbent body height (observable entity)</td></tr><tr><td><a href=\"http://snomed.info/id/1162392001\">1162392001</a></td><td style=\"color: #cccccc\">Pre-amputation measured body height</td></tr></table></li><li>Include codes from<a href=\"http://www.snomed.org/\"><code>http://snomed.info/sct</code></a> where concept  is-a 431314004 (Peripheral oxygen saturation (observable entity))</li><li>Include codes from<a href=\"http://www.snomed.org/\"><code>http://snomed.info/sct</code></a> where concept  is-a 86290005 (Respiratory rate)</li><li>Include codes from<a href=\"http://www.snomed.org/\"><code>http://snomed.info/sct</code></a> where concept  is-a 276885007 (Core body temperature)</li></ul></div>"
  },
  "url" : "http://hl7.dk/fhir/core/ValueSet/dk-core-SCTBasicObservation",
  "version" : "3.3.0",
  "name" : "SCTBasicObservation",
  "title" : "DK Core SNOMED CT Basic Observation",
  "status" : "draft",
  "experimental" : false,
  "date" : "2024-12-11T09:51:05+01:00",
  "publisher" : "HL7 Denmark",
  "contact" : [{
    "name" : "HL7 Denmark",
    "telecom" : [{
      "system" : "url",
      "value" : "http://www.hl7.dk"
    },
    {
      "system" : "email",
      "value" : "jenskristianvilladsen@gmail.com"
    }]
  }],
  "description" : "SNOMED CT codes for Basic Observations usable in Denmark",
  "jurisdiction" : [{
    "coding" : [{
      "system" : "urn:iso:std:iso:3166",
      "code" : "DK",
      "display" : "Denmark"
    }]
  }],
  "compose" : {
    "include" : [{
      "system" : "http://snomed.info/sct",
      "concept" : [{
        "code" : "446226005"
      },
      {
        "code" : "400975005"
      },
      {
        "code" : "407557002"
      },
      {
        "code" : "407555005"
      },
      {
        "code" : "271650006"
      },
      {
        "code" : "72313002"
      },
      {
        "code" : "400974009"
      },
      {
        "code" : "399304008"
      },
      {
        "code" : "407556006"
      },
      {
        "code" : "407554009"
      },
      {
        "code" : "271649006"
      },
      {
        "code" : "422119006"
      },
      {
        "code" : "429614003"
      },
      {
        "code" : "429525003"
      },
      {
        "code" : "399017001"
      },
      {
        "code" : "78564009"
      },
      {
        "code" : "444981005"
      },
      {
        "code" : "364075005"
      },
      {
        "code" : "424927000"
      },
      {
        "code" : "445541000"
      },
      {
        "code" : "425024002"
      },
      {
        "code" : "364589006"
      },
      {
        "code" : "27113001"
      },
      {
        "code" : "1153637007"
      },
      {
        "code" : "248333004"
      },
      {
        "code" : "1149101003"
      },
      {
        "code" : "1162392001"
      }]
    },
    {
      "system" : "http://snomed.info/sct",
      "filter" : [{
        "property" : "concept",
        "op" : "is-a",
        "value" : "431314004"
      }]
    },
    {
      "system" : "http://snomed.info/sct",
      "filter" : [{
        "property" : "concept",
        "op" : "is-a",
        "value" : "86290005"
      }]
    },
    {
      "system" : "http://snomed.info/sct",
      "filter" : [{
        "property" : "concept",
        "op" : "is-a",
        "value" : "276885007"
      }]
    }]
  }
}