<?xml version="1.0" encoding="UTF-8"?>

<Device xmlns="http://hl7.org/fhir">
  <id value="BPMonitor.C4F312FFFE53F2C9"/>
  <meta>
    <profile value="http://hl7.org/fhir/uv/phd/StructureDefinition/PhdDevice"/>
  </meta>
  <text>
    <status value="generated"/><div xmlns="http://www.w3.org/1999/xhtml"><p class="res-header-id"><b>Generated Narrative: Device BPMonitor.C4F312FFFE53F2C9</b></p><a name="BPMonitor.C4F312FFFE53F2C9"> </a><a name="hcBPMonitor.C4F312FFFE53F2C9"> </a><div style="display: inline-block; background-color: #d9e0e7; padding: 6px; margin: 4px; border: 1px solid #8da1b4; border-radius: 5px; line-height: 60%"><p style="margin-bottom: 0px"/><p style="margin-bottom: 0px">Profile: <a href="http://hl7.org/fhir/uv/phd/STU1.1/StructureDefinition-PhdDevice.html">PhdDevice</a></p></div><p><b>identifier</b>: Ieee 11073 System Identifier/C4-F3-12-FF-FE-53-F2-C9, Bluetooth MAC address/C4-F3-12-53-F2-C9</p><p><b>manufacturer</b>: A&amp;D Medical </p><p><b>serialNumber</b>: 5181000124</p><p><b>modelNumber</b>: UA-651BLE </p><p><b>type</b>: <span title="Codes:{urn:iso:std:iso:11073:10101 65573}">MDC_MOC_VMS_MDS_SIMP: Personal health device</span></p><h3>Specializations</h3><table class="grid"><tr><td style="display: none">-</td><td><b>SystemType</b></td><td><b>Version</b></td></tr><tr><td style="display: none">*</td><td><span title="Codes:{urn:iso:std:iso:11073:10101 528391}">MDC_DEV_SPEC_PROFILE_BP: Blood Pressure meter</span></td><td>1</td></tr></table><blockquote><p><b>version</b></p><p><b>type</b>: <span title="Codes:{urn:iso:std:iso:11073:10101 532352}">MDC_REG_CERT_DATA_CONTINUA_VERSION: Continua version</span></p><p><b>value</b>: 4.1</p></blockquote><blockquote><p><b>version</b></p><p><b>type</b>: <span title="Codes:{urn:iso:std:iso:11073:10101 531974}">MDC_ID_PROD_SPEC_HW: Hardware version</span></p><p><b>value</b>: 0.00</p></blockquote><blockquote><p><b>version</b></p><p><b>type</b>: <span title="Codes:{urn:iso:std:iso:11073:10101 531975}">MDC_ID_PROD_SPEC_SW: Software version</span></p><p><b>value</b>: 0.00</p></blockquote><blockquote><p><b>version</b></p><p><b>type</b>: <span title="Codes:{urn:iso:std:iso:11073:10101 531976}">MDC_ID_PROD_SPEC_FW: Firmware version</span></p><p><b>value</b>: BLP009_02_005 </p></blockquote><blockquote><p><b>property</b></p><p><b>type</b>: <span title="Codes:{urn:iso:std:iso:11073:10101 532353}">MDC_REG_CERT_DATA_CONTINUA_CERT_DEV_LIST: Continua certified device list</span></p><p><b>valueCode</b>: <span title="Codes:{http://hl7.org/fhir/uv/phd/CodeSystem/ContinuaPHD 32775}">BluetoothLE: Blood pressure monitor</span></p></blockquote><blockquote><p><b>property</b></p><p><b>type</b>: <span title="Codes:{urn:iso:std:iso:11073:10101 68220}">MDC_TIME_SYNC_PROTOCOL: Time synchronization protocol</span></p><p><b>valueCode</b>: <span title="Codes:{urn:iso:std:iso:11073:10101 532224}">MDC_TIME_SYNC_NONE: No time synchronization</span></p></blockquote><blockquote><p><b>property</b></p><p><b>type</b>: <span title="Codes:{http://hl7.org/fhir/uv/phd/CodeSystem/ASN1ToHL7 532354.0}">regulation-status</span></p><p><b>valueCode</b>: <span title="Codes:{http://terminology.hl7.org/CodeSystem/v2-0136 N}">Device is regulated</span></p></blockquote><blockquote><p><b>property</b></p><p><b>type</b>: <span title="Codes:{http://hl7.org/fhir/uv/phd/CodeSystem/ASN1ToHL7 68219.0}">mds-time-capab-real-time-clock</span></p><p><b>valueCode</b>: <span title="Codes:{http://terminology.hl7.org/CodeSystem/v2-0136 Y}">Real time clock is supported</span></p></blockquote><blockquote><p><b>property</b></p><p><b>type</b>: <span title="Codes:{http://hl7.org/fhir/uv/phd/CodeSystem/ASN1ToHL7 68219.1}">mds-time-capab-set-clock</span></p><p><b>valueCode</b>: <span title="Codes:{http://terminology.hl7.org/CodeSystem/v2-0136 Y}">Setting the real time clock is supported</span></p></blockquote></div>
  </text>
  <identifier>
    <type>
      <coding>
        <system value="http://hl7.org/fhir/uv/phd/CodeSystem/ContinuaDeviceIdentifiers"/>
        <code value="SYSID"/>
        <display value="Ieee 11073 System Identifier"/>
      </coding>
    </type>
    <system value="urn:oid:1.2.840.10004.1.1.1.0.0.1.0.0.1.2680"/>
    <value value="C4-F3-12-FF-FE-53-F2-C9"/>
  </identifier>
  <identifier>
    <type>
      <coding>
        <system value="http://hl7.org/fhir/uv/phd/CodeSystem/ContinuaDeviceIdentifiers"/>
        <code value="BTMAC"/>
        <display value="Bluetooth MAC address"/>
      </coding>
    </type>
    <system value="http://hl7.org/fhir/sid/eui-48/bluetooth"/>
    <value value="C4-F3-12-53-F2-C9"/>
  </identifier>
  <manufacturer value="A&amp;D Medical "/>
  <serialNumber value="5181000124"/>
  <modelNumber value="UA-651BLE "/>
  <type>
    <coding>
      <system value="urn:iso:std:iso:11073:10101"/>
      <code value="65573"/>
      <display value="MDC_MOC_VMS_MDS_SIMP"/>
    </coding>
    <text value="MDC_MOC_VMS_MDS_SIMP: Personal health device"/>
  </type>
  <specialization>
    <systemType>
      <coding>
        <system value="urn:iso:std:iso:11073:10101"/>
        <code value="528391"/>
        <display value="MDC_DEV_SPEC_PROFILE_BP"/>
      </coding>
      <text value="MDC_DEV_SPEC_PROFILE_BP: Blood Pressure meter"/>
    </systemType>
    <version value="1"/>
  </specialization>
  <version>
    <type>
      <coding>
        <system value="urn:iso:std:iso:11073:10101"/>
        <code value="532352"/>
        <display value="MDC_REG_CERT_DATA_CONTINUA_VERSION"/>
      </coding>
      <text value="MDC_REG_CERT_DATA_CONTINUA_VERSION: Continua version"/>
    </type>
    <value value="4.1"/>
  </version>
  <version>
    <type>
      <coding>
        <system value="urn:iso:std:iso:11073:10101"/>
        <code value="531974"/>
        <display value="MDC_ID_PROD_SPEC_HW"/>
      </coding>
      <text value="MDC_ID_PROD_SPEC_HW: Hardware version"/>
    </type>
    <value value="0.00"/>
  </version>
  <version>
    <type>
      <coding>
        <system value="urn:iso:std:iso:11073:10101"/>
        <code value="531975"/>
        <display value="MDC_ID_PROD_SPEC_SW"/>
      </coding>
      <text value="MDC_ID_PROD_SPEC_SW: Software version"/>
    </type>
    <value value="0.00"/>
  </version>
  <version>
    <type>
      <coding>
        <system value="urn:iso:std:iso:11073:10101"/>
        <code value="531976"/>
        <display value="MDC_ID_PROD_SPEC_FW"/>
      </coding>
      <text value="MDC_ID_PROD_SPEC_FW: Firmware version"/>
    </type>
    <value value="BLP009_02_005 "/>
  </version>
  <property>
    <type>
      <coding>
        <system value="urn:iso:std:iso:11073:10101"/>
        <code value="532353"/>
        <display value="MDC_REG_CERT_DATA_CONTINUA_CERT_DEV_LIST"/>
      </coding>
      <text value="MDC_REG_CERT_DATA_CONTINUA_CERT_DEV_LIST: Continua certified device list"/>
    </type>
    <valueCode>
      <coding>
        <system value="http://hl7.org/fhir/uv/phd/CodeSystem/ContinuaPHD"/>
        <code value="32775"/>
      </coding>
      <text value="BluetoothLE: Blood pressure monitor"/>
    </valueCode>
  </property>
  <property>
    <type>
      <coding>
        <system value="urn:iso:std:iso:11073:10101"/>
        <code value="68220"/>
        <display value="MDC_TIME_SYNC_PROTOCOL"/>
      </coding>
      <text value="MDC_TIME_SYNC_PROTOCOL: Time synchronization protocol"/>
    </type>
    <valueCode>
      <coding>
        <system value="urn:iso:std:iso:11073:10101"/>
        <code value="532224"/>
        <display value="MDC_TIME_SYNC_NONE"/>
      </coding>
      <text value="MDC_TIME_SYNC_NONE: No time synchronization"/>
    </valueCode>
  </property>
  <property>
    <type>
      <coding>
        <system value="http://hl7.org/fhir/uv/phd/CodeSystem/ASN1ToHL7"/>
        <code value="532354.0"/>
      </coding>
      <text value="regulation-status"/>
    </type>
    <valueCode>
      <coding>
        <system value="http://terminology.hl7.org/CodeSystem/v2-0136"/>
        <code value="N"/>
      </coding>
      <text value="Device is regulated"/>
    </valueCode>
  </property>
  <property>
    <type>
      <coding>
        <system value="http://hl7.org/fhir/uv/phd/CodeSystem/ASN1ToHL7"/>
        <code value="68219.0"/>
      </coding>
      <text value="mds-time-capab-real-time-clock"/>
    </type>
    <valueCode>
      <coding>
        <system value="http://terminology.hl7.org/CodeSystem/v2-0136"/>
        <code value="Y"/>
      </coding>
      <text value="Real time clock is supported"/>
    </valueCode>
  </property>
  <property>
    <type>
      <coding>
        <system value="http://hl7.org/fhir/uv/phd/CodeSystem/ASN1ToHL7"/>
        <code value="68219.1"/>
      </coding>
      <text value="mds-time-capab-set-clock"/>
    </type>
    <valueCode>
      <coding>
        <system value="http://terminology.hl7.org/CodeSystem/v2-0136"/>
        <code value="Y"/>
      </coding>
      <text value="Setting the real time clock is supported"/>
    </valueCode>
  </property>
</Device>