<?xml version="1.0" encoding="UTF-8"?>

<Organization xmlns="http://hl7.org/fhir">
  <id value="CenterForDiabetesTeamKvalitet"/>
  <meta>
    <profile value="http://hl7.dk/fhir/core/StructureDefinition/dk-core-organization"/>
  </meta>
  <text>
    <status value="generated"/><div xmlns="http://www.w3.org/1999/xhtml"><p class="res-header-id"><b>Generated Narrative: Organization CenterForDiabetesTeamKvalitet</b></p><a name="CenterForDiabetesTeamKvalitet"> </a><a name="hcCenterForDiabetesTeamKvalitet"> </a><div style="display: inline-block; background-color: #d9e0e7; padding: 6px; margin: 4px; border: 1px solid #8da1b4; border-radius: 5px; line-height: 60%"><p style="margin-bottom: 0px"/><p style="margin-bottom: 0px">Profile: <a href="StructureDefinition-dk-core-organization.html">Danish Core Organization Profile</a></p></div><p><b>identifier</b>: <code>urn:oid:1.2.208.176.1.1</code>/1133201000016001, <code>http://cvr.dk</code>/64942212</p><p><b>type</b>: <span title="Codes:{http://snomed.info/sct 264361005}">sundhedscenter</span></p><p><b>partOf</b>: <a href="Organization-CenterForDiabetes.html">Organization: identifier = urn:oid:1.2.208.176.1.1#633271000016006,http://cvr.dk#64942212; type = sundhedscenter</a></p></div>
  </text>
  <identifier>
    <system value="urn:oid:1.2.208.176.1.1"/>
    <value value="1133201000016001"/>
  </identifier>
  <identifier>
    <system value="http://cvr.dk"/>
    <value value="64942212"/>
  </identifier>
  <type>
    <coding>
      <system value="http://snomed.info/sct"/>
      <version value="http://snomed.info/sct/554471000005108"/>
      <code value="264361005"/>
    </coding>
  </type>
  <partOf>
    <reference value="Organization/CenterForDiabetes"/>
  </partOf>
</Organization>