<?xml version="1.0" encoding="UTF-8"?>

<Patient xmlns="http://hl7.org/fhir">
  <id value="ukendt-X-eCPR"/>
  <meta>
    <profile value="http://hl7.dk/fhir/core/StructureDefinition/dk-core-patient"/>
  </meta>
  <text>
    <status value="generated"/><div xmlns="http://www.w3.org/1999/xhtml"><p class="res-header-id"><b>Generated Narrative: Patient ukendt-X-eCPR</b></p><a name="ukendt-X-eCPR"> </a><a name="hcukendt-X-eCPR"> </a><div style="display: inline-block; background-color: #d9e0e7; padding: 6px; margin: 4px; border: 1px solid #8da1b4; border-radius: 5px; line-height: 60%"><p style="margin-bottom: 0px"/><p style="margin-bottom: 0px">Profile: <a href="StructureDefinition-dk-core-patient.html">Danish Core Patient Profile</a></p></div><p style="border: 1px #661aff solid; background-color: #e6e6ff; padding: 10px;">Madsen(temp) Kvinde, DoB: 1992-03-07 ( urn:oid:1.2.208.176.1.6.1.1#0703921VJ4)</p><hr/></div>
  </text>
  <identifier>
    <system value="urn:oid:1.2.208.176.1.6.1.1"/>
    <value value="0703921VJ4"/>
  </identifier>
  <name>
    <use value="temp"/>
    <text value="Madsen"/>
    <family value="Madsen"/>
  </name>
  <gender value="female"/>
  <birthDate value="1992-03-07"/>
</Patient>