{
  "resourceType" : "CodeSystem",
  "id" : "8aa5708d-92ec-44b6-a34c-d2327605b0fb-9",
  "url" : "http://hl7.org/fhir/comparison/CodeSystem/8aa5708d-92ec-44b6-a34c-d2327605b0fb-9",
  "name" : "IntersectionAddressUseAndAddressUse",
  "title" : "Intersection of DK Address Use And DK Address Use",
  "status" : "draft",
  "date" : "2023-05-04T21:41:43+02:00",
  "jurisdiction" : [{
    "coding" : [{
      "system" : "urn:iso:std:iso:3166",
      "code" : "DK",
      "display" : "Denmark"
    }]
  }],
  "concept" : [{
    "code" : "home",
    "designation" : [{
      "language" : "da",
      "use" : {
        "system" : "http://snomed.info/sct",
        "code" : "900000000000013009"
      },
      "value" : "Hjem"
    }]
  },
  {
    "code" : "work",
    "designation" : [{
      "language" : "da",
      "use" : {
        "system" : "http://snomed.info/sct",
        "code" : "900000000000013009"
      },
      "value" : "Arbejde"
    }]
  },
  {
    "code" : "temp",
    "designation" : [{
      "language" : "da",
      "use" : {
        "system" : "http://snomed.info/sct",
        "code" : "900000000000013009"
      },
      "value" : "Midlertidig"
    }]
  },
  {
    "code" : "old",
    "designation" : [{
      "language" : "da",
      "use" : {
        "system" : "http://snomed.info/sct",
        "code" : "900000000000013009"
      },
      "value" : "Gammel / forkert"
    }]
  }]
}