{
  "resourceType" : "CodeSystem",
  "id" : "6bd37026-96a3-4ede-a00c-c484fcc62a05-18",
  "url" : "http://hl7.org/fhir/comparison/CodeSystem/6bd37026-96a3-4ede-a00c-c484fcc62a05-18",
  "name" : "IntersectionConsentStateAndConsentState",
  "title" : "Intersection of DK Consent State And DK Consent State",
  "status" : "draft",
  "date" : "2023-05-05T01:43:26+02:00",
  "jurisdiction" : [{
    "coding" : [{
      "system" : "urn:iso:std:iso:3166",
      "code" : "DK",
      "display" : "Denmark"
    }]
  }],
  "concept" : [{
    "code" : "draft",
    "designation" : [{
      "language" : "da",
      "use" : {
        "system" : "http://snomed.info/sct",
        "code" : "900000000000013009"
      },
      "value" : "Under udarbejdelse"
    }]
  },
  {
    "code" : "proposed",
    "designation" : [{
      "language" : "da",
      "use" : {
        "system" : "http://snomed.info/sct",
        "code" : "900000000000013009"
      },
      "value" : "Forslag"
    }]
  },
  {
    "code" : "active",
    "designation" : [{
      "language" : "da",
      "use" : {
        "system" : "http://snomed.info/sct",
        "code" : "900000000000013009"
      },
      "value" : "Aktiv"
    }]
  },
  {
    "code" : "rejected",
    "designation" : [{
      "language" : "da",
      "use" : {
        "system" : "http://snomed.info/sct",
        "code" : "900000000000013009"
      },
      "value" : "Afvist"
    }]
  },
  {
    "code" : "inactive",
    "designation" : [{
      "language" : "da",
      "use" : {
        "system" : "http://snomed.info/sct",
        "code" : "900000000000013009"
      },
      "value" : "Inaktiv"
    }]
  },
  {
    "code" : "entered-in-error",
    "designation" : [{
      "language" : "da",
      "use" : {
        "system" : "http://snomed.info/sct",
        "code" : "900000000000013009"
      },
      "value" : "Fejlindtastning"
    }]
  }]
}