{
  "resourceType" : "CodeSystem",
  "id" : "a9b7884f-b6d4-493d-84f9-cfce330cbbfc-15",
  "url" : "http://hl7.org/fhir/comparison/CodeSystem/a9b7884f-b6d4-493d-84f9-cfce330cbbfc-15",
  "name" : "IntersectionCareTeamStatusAndCareTeamStatus",
  "title" : "Intersection of DK CareTeam Status And DK CareTeam Status",
  "status" : "draft",
  "date" : "2023-04-30T22:11:56+02:00",
  "jurisdiction" : [{
    "coding" : [{
      "system" : "urn:iso:std:iso:3166",
      "code" : "DK",
      "display" : "Denmark"
    }]
  }],
  "concept" : [{
    "code" : "proposed",
    "display" : "Proposed",
    "definition" : "The care team has been drafted and proposed, but not yet participating in the coordination and delivery of care.",
    "designation" : [{
      "language" : "da",
      "use" : {
        "system" : "http://snomed.info/sct",
        "code" : "900000000000013009"
      },
      "value" : "Forslag"
    }]
  },
  {
    "code" : "active",
    "display" : "Active",
    "definition" : "The care team is currently participating in the coordination and delivery of care.",
    "designation" : [{
      "language" : "da",
      "use" : {
        "system" : "http://snomed.info/sct",
        "code" : "900000000000013009"
      },
      "value" : "Aktiv"
    }]
  },
  {
    "code" : "suspended",
    "display" : "Suspended",
    "definition" : "The care team is temporarily on hold or suspended and not participating in the coordination and delivery of care.",
    "designation" : [{
      "language" : "da",
      "use" : {
        "system" : "http://snomed.info/sct",
        "code" : "900000000000013009"
      },
      "value" : "Suspenderet"
    }]
  },
  {
    "code" : "inactive",
    "display" : "Inactive",
    "definition" : "The care team was, but is no longer, participating in the coordination and delivery of care.",
    "designation" : [{
      "language" : "da",
      "use" : {
        "system" : "http://snomed.info/sct",
        "code" : "900000000000013009"
      },
      "value" : "Inaktiv"
    }]
  },
  {
    "code" : "entered-in-error",
    "display" : "Entered In Error",
    "definition" : "The care team should have never existed.",
    "designation" : [{
      "language" : "da",
      "use" : {
        "system" : "http://snomed.info/sct",
        "code" : "900000000000013009"
      },
      "value" : "Fejlindtastning"
    }]
  }]
}