{
  "resourceType" : "ValueSet",
  "id" : "6bd37026-96a3-4ede-a00c-c484fcc62a05-96",
  "url" : "http://hl7.org/fhir/comparison/ValueSet/6bd37026-96a3-4ede-a00c-c484fcc62a05-96",
  "name" : "IntersectionRegionalSubdivisionCodesAndRegionalSubdivisionCodes",
  "title" : "Intersection of DK Regional Subdivision Codes And DK Regional Subdivision Codes",
  "status" : "draft",
  "date" : "2023-05-05T01:43:27+02:00",
  "jurisdiction" : [{
    "coding" : [{
      "system" : "urn:iso:std:iso:3166",
      "code" : "DK",
      "display" : "Denmark"
    }]
  }],
  "expansion" : {
    "contains" : [{
      "system" : "http://hl7.dk/fhir/core/CodeSystem/dk-core-regional-subdivision-codes",
      "code" : "DK-84",
      "display" : "Capital Region of Denmark"
    },
    {
      "system" : "http://hl7.dk/fhir/core/CodeSystem/dk-core-regional-subdivision-codes",
      "code" : "DK-82",
      "display" : "Central Denmark Region"
    },
    {
      "system" : "http://hl7.dk/fhir/core/CodeSystem/dk-core-regional-subdivision-codes",
      "code" : "DK-81",
      "display" : "Nord Denmark Region"
    },
    {
      "system" : "http://hl7.dk/fhir/core/CodeSystem/dk-core-regional-subdivision-codes",
      "code" : "DK-85",
      "display" : "Region Zealand"
    },
    {
      "system" : "http://hl7.dk/fhir/core/CodeSystem/dk-core-regional-subdivision-codes",
      "code" : "DK-83",
      "display" : "Region of Southern Denmark"
    }]
  }
}