{
  "resourceType" : "ValueSet",
  "id" : "6bd37026-96a3-4ede-a00c-c484fcc62a05-101",
  "url" : "http://hl7.org/fhir/comparison/ValueSet/6bd37026-96a3-4ede-a00c-c484fcc62a05-101",
  "name" : "UnionSorOrganizationTypeAndSorOrganizationType",
  "title" : "Union of DK SOR Organization Type And DK SOR Organization Type",
  "status" : "active",
  "date" : "2023-05-05T01:43:27+02:00",
  "jurisdiction" : [{
    "coding" : [{
      "system" : "urn:iso:std:iso:3166",
      "code" : "DK",
      "display" : "Denmark"
    }]
  }],
  "compose" : {
    "include" : [{
      "concept" : [{
        "code" : "554221000005108",
        "display" : "Dwilling place"
      },
      {
        "code" : "546821000005103",
        "display" : "Occupational therapy clinic"
      },
      {
        "code" : "547011000005103",
        "display" : "Physiotherapy clinic"
      },
      {
        "code" : "546811000005109",
        "display" : "Rehabilitation center"
      },
      {
        "code" : "550621000005101",
        "display" : "District nursing"
      },
      {
        "code" : "550631000005103",
        "display" : "Midwife clinic"
      },
      {
        "code" : "550641000005106",
        "display" : "Chiropractic clinic"
      },
      {
        "code" : "550651000005108",
        "display" : "Medical laboratory"
      },
      {
        "code" : "550661000005105",
        "display" : "Emergency medical service"
      },
      {
        "code" : "554211000005102",
        "display" : "Prehospital unit"
      },
      {
        "code" : "550711000005101",
        "display" : "Psychological counseling clinic"
      },
      {
        "code" : "550671000005100",
        "display" : "Medical specialist practice site"
      },
      {
        "code" : "554061000005105",
        "display" : "Chiropodist clinic"
      },
      {
        "code" : "554041000005106",
        "display" : "Health administration"
      },
      {
        "code" : "554021000005101",
        "display" : "Health visitors"
      },
      {
        "code" : "550681000005102",
        "display" : "dental practice"
      },
      {
        "code" : "550691000005104",
        "display" : "Dental care clinic"
      },
      {
        "code" : "550701000005104",
        "display" : "Dental technician clinic"
      },
      {
        "code" : "554231000005106",
        "display" : "Vaccination clinic"
      },
      {
        "code" : "554051000005108",
        "display" : "Reflexology clinic"
      },
      {
        "code" : "550811000005108",
        "display" : "Administrative unit"
      },
      {
        "code" : "547211000005108",
        "display" : "Municipality"
      },
      {
        "code" : "550891000005100",
        "display" : "Private"
      },
      {
        "code" : "550881000005103",
        "display" : "Region"
      },
      {
        "code" : "550411000005105",
        "display" : "Other health institution"
      },
      {
        "code" : "554851000005102",
        "display" : "Asylum centre"
      },
      {
        "code" : "550861000005106",
        "display" : "Physiotherapy and occupational clinic"
      },
      {
        "code" : "554881000005108",
        "display" : "Handicap and psychiatry"
      },
      {
        "code" : "554861000005100",
        "display" : "Handicap"
      },
      {
        "code" : "554821000005109",
        "display" : "Home care"
      },
      {
        "code" : "554411000005101",
        "display" : "Employment agency"
      },
      {
        "code" : "554871000005105",
        "display" : "Psychiatry"
      },
      {
        "code" : "550821000005102",
        "display" : "Service unit"
      },
      {
        "code" : "550871000005101",
        "display" : "Emergency admission unit"
      },
      {
        "code" : "554241000005103",
        "display" : "Technical location number"
      },
      {
        "code" : "550841000005107",
        "display" : "Research unit"
      },
      {
        "code" : "550851000005109",
        "display" : "Clinical unit"
      },
      {
        "code" : "551611000005102",
        "display" : "Surgical ward"
      },
      {
        "code" : "554071000005100",
        "display" : "Hospital pharmacy"
      },
      {
        "code" : "550831000005104",
        "display" : "Education unit"
      },
      {
        "code" : "554031000005103",
        "display" : "dietician clinic"
      },
      {
        "code" : "557511000005107",
        "display" : "Acupuncture clinic"
      },
      {
        "code" : "557501000005109",
        "display" : "Pharmacy branch"
      },
      {
        "code" : "557531000005103",
        "display" : "Prosthetist clinic"
      },
      {
        "code" : "557591000005104",
        "display" : "Web-based care"
      },
      {
        "code" : "557521000005101",
        "display" : "Alternative treatment clinic"
      },
      {
        "code" : "557561000005105",
        "display" : "Consulting firm"
      },
      {
        "code" : "557541000005106",
        "display" : "Cosmetic treatment clinic"
      },
      {
        "code" : "557581000005102",
        "display" : "Optometrist or optician clinic"
      },
      {
        "code" : "556841000005105",
        "display" : "Social psychological counseling"
      },
      {
        "code" : "557671000005101",
        "display" : "Osteopathy clinic"
      }]
    },
    {
      "concept" : [{
        "code" : "398070004",
        "display" : "State"
      },
      {
        "code" : "394761003",
        "display" : "General practitioner practice site"
      },
      {
        "code" : "20078004",
        "display" : "Substance abuse treatment center"
      },
      {
        "code" : "722173008",
        "display" : "Prison based care site"
      },
      {
        "code" : "702871004",
        "display" : "Infertility clinic"
      },
      {
        "code" : "276037005",
        "display" : "Volunteer helper"
      },
      {
        "code" : "22232009",
        "display" : "Hospital"
      },
      {
        "code" : "702824005",
        "display" : "Audiology clinic"
      },
      {
        "code" : "42665001",
        "display" : "Nursing home"
      },
      {
        "code" : "264361005",
        "display" : "Health centre"
      },
      {
        "code" : "703069008",
        "display" : "Nurse practitioner clinic"
      },
      {
        "code" : "309964003",
        "display" : "Radiology department"
      },
      {
        "code" : "309904001",
        "display" : "Intensive care unit"
      },
      {
        "code" : "309939001",
        "display" : "Palliative care department"
      },
      {
        "code" : "225728007",
        "display" : "Accident and Emergency department"
      },
      {
        "code" : "255203001",
        "display" : "Additional values"
      },
      {
        "code" : "264372000",
        "display" : "Pharmacy"
      }]
    }]
  },
  "expansion" : {
    "contains" : [{
      "system" : "http://snomed.info/sct",
      "code" : "554221000005108",
      "display" : "Dwilling place"
    },
    {
      "system" : "http://snomed.info/sct",
      "code" : "546821000005103",
      "display" : "Occupational therapy clinic"
    },
    {
      "system" : "http://snomed.info/sct",
      "code" : "547011000005103",
      "display" : "Physiotherapy clinic"
    },
    {
      "system" : "http://snomed.info/sct",
      "code" : "546811000005109",
      "display" : "Rehabilitation center"
    },
    {
      "system" : "http://snomed.info/sct",
      "code" : "550621000005101",
      "display" : "District nursing"
    },
    {
      "system" : "http://snomed.info/sct",
      "code" : "550631000005103",
      "display" : "Midwife clinic"
    },
    {
      "system" : "http://snomed.info/sct",
      "code" : "550641000005106",
      "display" : "Chiropractic clinic"
    },
    {
      "system" : "http://snomed.info/sct",
      "code" : "550651000005108",
      "display" : "Medical laboratory"
    },
    {
      "system" : "http://snomed.info/sct",
      "code" : "550661000005105",
      "display" : "Emergency medical service"
    },
    {
      "system" : "http://snomed.info/sct",
      "code" : "554211000005102",
      "display" : "Prehospital unit"
    },
    {
      "system" : "http://snomed.info/sct",
      "code" : "550711000005101",
      "display" : "Psychological counseling clinic"
    },
    {
      "system" : "http://snomed.info/sct",
      "code" : "550671000005100",
      "display" : "Medical specialist practice site"
    },
    {
      "system" : "http://snomed.info/sct",
      "code" : "554061000005105",
      "display" : "Chiropodist clinic"
    },
    {
      "system" : "http://snomed.info/sct",
      "code" : "554041000005106",
      "display" : "Health administration"
    },
    {
      "system" : "http://snomed.info/sct",
      "code" : "554021000005101",
      "display" : "Health visitors"
    },
    {
      "system" : "http://snomed.info/sct",
      "code" : "550681000005102",
      "display" : "dental practice"
    },
    {
      "system" : "http://snomed.info/sct",
      "code" : "550691000005104",
      "display" : "Dental care clinic"
    },
    {
      "system" : "http://snomed.info/sct",
      "code" : "550701000005104",
      "display" : "Dental technician clinic"
    },
    {
      "system" : "http://snomed.info/sct",
      "code" : "554231000005106",
      "display" : "Vaccination clinic"
    },
    {
      "system" : "http://snomed.info/sct",
      "code" : "554051000005108",
      "display" : "Reflexology clinic"
    },
    {
      "system" : "http://snomed.info/sct",
      "code" : "550811000005108",
      "display" : "Administrative unit"
    },
    {
      "system" : "http://snomed.info/sct",
      "code" : "547211000005108",
      "display" : "Municipality"
    },
    {
      "system" : "http://snomed.info/sct",
      "code" : "550891000005100",
      "display" : "Private"
    },
    {
      "system" : "http://snomed.info/sct",
      "code" : "550881000005103",
      "display" : "Region"
    },
    {
      "system" : "http://snomed.info/sct",
      "code" : "550411000005105",
      "display" : "Other health institution"
    },
    {
      "system" : "http://snomed.info/sct",
      "code" : "554851000005102",
      "display" : "Asylum centre"
    },
    {
      "system" : "http://snomed.info/sct",
      "code" : "550861000005106",
      "display" : "Physiotherapy and occupational clinic"
    },
    {
      "system" : "http://snomed.info/sct",
      "code" : "554881000005108",
      "display" : "Handicap and psychiatry"
    },
    {
      "system" : "http://snomed.info/sct",
      "code" : "554861000005100",
      "display" : "Handicap"
    },
    {
      "system" : "http://snomed.info/sct",
      "code" : "554821000005109",
      "display" : "Home care"
    },
    {
      "system" : "http://snomed.info/sct",
      "code" : "554411000005101",
      "display" : "Employment agency"
    },
    {
      "system" : "http://snomed.info/sct",
      "code" : "554871000005105",
      "display" : "Psychiatry"
    },
    {
      "system" : "http://snomed.info/sct",
      "code" : "550821000005102",
      "display" : "Service unit"
    },
    {
      "system" : "http://snomed.info/sct",
      "code" : "550871000005101",
      "display" : "Emergency admission unit"
    },
    {
      "system" : "http://snomed.info/sct",
      "code" : "554241000005103",
      "display" : "Technical location number"
    },
    {
      "system" : "http://snomed.info/sct",
      "code" : "550841000005107",
      "display" : "Research unit"
    },
    {
      "system" : "http://snomed.info/sct",
      "code" : "550851000005109",
      "display" : "Clinical unit"
    },
    {
      "system" : "http://snomed.info/sct",
      "code" : "551611000005102",
      "display" : "Surgical ward"
    },
    {
      "system" : "http://snomed.info/sct",
      "code" : "554071000005100",
      "display" : "Hospital pharmacy"
    },
    {
      "system" : "http://snomed.info/sct",
      "code" : "550831000005104",
      "display" : "Education unit"
    },
    {
      "system" : "http://snomed.info/sct",
      "code" : "554031000005103",
      "display" : "dietician clinic"
    },
    {
      "system" : "http://snomed.info/sct",
      "code" : "557511000005107",
      "display" : "Acupuncture clinic"
    },
    {
      "system" : "http://snomed.info/sct",
      "code" : "557501000005109",
      "display" : "Pharmacy branch"
    },
    {
      "system" : "http://snomed.info/sct",
      "code" : "557531000005103",
      "display" : "Prosthetist clinic"
    },
    {
      "system" : "http://snomed.info/sct",
      "code" : "557591000005104",
      "display" : "Web-based care"
    },
    {
      "system" : "http://snomed.info/sct",
      "code" : "557521000005101",
      "display" : "Alternative treatment clinic"
    },
    {
      "system" : "http://snomed.info/sct",
      "code" : "557561000005105",
      "display" : "Consulting firm"
    },
    {
      "system" : "http://snomed.info/sct",
      "code" : "557541000005106",
      "display" : "Cosmetic treatment clinic"
    },
    {
      "system" : "http://snomed.info/sct",
      "code" : "557581000005102",
      "display" : "Optometrist or optician clinic"
    },
    {
      "system" : "http://snomed.info/sct",
      "code" : "556841000005105",
      "display" : "Social psychological counseling"
    },
    {
      "system" : "http://snomed.info/sct",
      "code" : "557671000005101",
      "display" : "Osteopathy clinic"
    },
    {
      "system" : "http://snomed.info/sct",
      "code" : "398070004",
      "display" : "State"
    },
    {
      "system" : "http://snomed.info/sct",
      "code" : "394761003",
      "display" : "General practitioner practice site"
    },
    {
      "system" : "http://snomed.info/sct",
      "code" : "20078004",
      "display" : "Substance abuse treatment center"
    },
    {
      "system" : "http://snomed.info/sct",
      "code" : "722173008",
      "display" : "Prison based care site"
    },
    {
      "system" : "http://snomed.info/sct",
      "code" : "702871004",
      "display" : "Infertility clinic"
    },
    {
      "system" : "http://snomed.info/sct",
      "code" : "276037005",
      "display" : "Volunteer helper"
    },
    {
      "system" : "http://snomed.info/sct",
      "code" : "22232009",
      "display" : "Hospital"
    },
    {
      "system" : "http://snomed.info/sct",
      "code" : "702824005",
      "display" : "Audiology clinic"
    },
    {
      "system" : "http://snomed.info/sct",
      "code" : "42665001",
      "display" : "Nursing home"
    },
    {
      "system" : "http://snomed.info/sct",
      "code" : "264361005",
      "display" : "Health centre"
    },
    {
      "system" : "http://snomed.info/sct",
      "code" : "703069008",
      "display" : "Nurse practitioner clinic"
    },
    {
      "system" : "http://snomed.info/sct",
      "code" : "309964003",
      "display" : "Radiology department"
    },
    {
      "system" : "http://snomed.info/sct",
      "code" : "309904001",
      "display" : "Intensive care unit"
    },
    {
      "system" : "http://snomed.info/sct",
      "code" : "309939001",
      "display" : "Palliative care department"
    },
    {
      "system" : "http://snomed.info/sct",
      "code" : "225728007",
      "display" : "Accident and Emergency department"
    },
    {
      "system" : "http://snomed.info/sct",
      "code" : "255203001",
      "display" : "Additional values"
    },
    {
      "system" : "http://snomed.info/sct",
      "code" : "264372000",
      "display" : "Pharmacy"
    }]
  }
}