{
  "resourceType" : "Encounter",
  "id" : "915a3cfb-2f3e-477b-8a9d-5d86c30e4929",
  "meta" : {
    "profile" : ["http://hl7.dk/fhir/core/StructureDefinition/dk-core-encounter"]
  },
  "text" : {
    "status" : "extensions",
    "div" : "<div xmlns=\"http://www.w3.org/1999/xhtml\"><p class=\"res-header-id\"><b>Generated Narrative: Encounter 915a3cfb-2f3e-477b-8a9d-5d86c30e4929</b></p><a name=\"915a3cfb-2f3e-477b-8a9d-5d86c30e4929\"> </a><a name=\"hc915a3cfb-2f3e-477b-8a9d-5d86c30e4929\"> </a><div style=\"display: inline-block; background-color: #d9e0e7; padding: 6px; margin: 4px; border: 1px solid #8da1b4; border-radius: 5px; line-height: 60%\"><p style=\"margin-bottom: 0px\"/><p style=\"margin-bottom: 0px\">Profile: <a href=\"StructureDefinition-dk-core-encounter.html\">Danish Core Encounter Profile</a></p></div><p><b>CareProvider</b>: <a href=\"Organization-19f9ee18-7677-4caf-88fe-8f6df2f2906e.html\">Organization Ortopædkirurgisk sengeafsnit</a></p><p><b>status</b>: Finished</p><p><b>class</b>: <a href=\"http://terminology.hl7.org/7.0.1/CodeSystem-v3-ActCode.html#v3-ActCode-IMP\">ActCode: IMP</a> (inpatient encounter)</p><p><b>subject</b>: <a href=\"Patient-john.html\">Johnny Mand, DoB: 1960-01-02 ( urn:oid:1.2.208.176.1.2#0201609995)</a></p><p><b>period</b>: 2022-04-27 08:50:00+0100 --&gt; 2022-04-28 14:00:00+0100</p><blockquote><p><b>diagnosis</b></p><p><b>condition</b>: <a href=\"Condition-JohnFracture.html\">Condition Pertrokantær femurfraktur, højresidig</a></p><p><b>rank</b>: 1</p></blockquote><blockquote><p><b>diagnosis</b></p><p><b>condition</b>: <a href=\"Condition-JohnDiabetes.html\">Condition Type 2-diabetes</a></p><p><b>rank</b>: 2</p></blockquote><p><b>serviceProvider</b>: <a href=\"Organization-8510eec9-180b-4e9c-95b6-02fad9f853d3.html\">Organization Ortopædkirurgisk sengeafdeling</a></p></div>"
  },
  "extension" : [{
    "url" : "http://hl7.dk/fhir/core/StructureDefinition/dk-core-care-provider",
    "valueReference" : {
      "reference" : "Organization/19f9ee18-7677-4caf-88fe-8f6df2f2906e"
    }
  }],
  "status" : "finished",
  "class" : {
    "system" : "http://terminology.hl7.org/CodeSystem/v3-ActCode",
    "code" : "IMP"
  },
  "subject" : {
    "reference" : "Patient/john"
  },
  "period" : {
    "start" : "2022-04-27T08:50:00.0000+01:00",
    "end" : "2022-04-28T14:00:00.0000+01:00"
  },
  "diagnosis" : [{
    "condition" : {
      "reference" : "Condition/JohnFracture"
    },
    "rank" : 1
  },
  {
    "condition" : {
      "reference" : "Condition/JohnDiabetes"
    },
    "rank" : 2
  }],
  "serviceProvider" : {
    "reference" : "Organization/8510eec9-180b-4e9c-95b6-02fad9f853d3"
  }
}