{
  "resourceType" : "Patient",
  "id" : "37628912-7816-47a3-acd8-396b610be142",
  "meta" : {
    "profile" : ["http://hl7.dk/fhir/core/StructureDefinition/dk-core-patient"]
  },
  "text" : {
    "status" : "generated",
    "div" : "<div xmlns=\"http://www.w3.org/1999/xhtml\"><p class=\"res-header-id\"><b>Generated Narrative: Patient 37628912-7816-47a3-acd8-396b610be142</b></p><a name=\"37628912-7816-47a3-acd8-396b610be142\"> </a><a name=\"hc37628912-7816-47a3-acd8-396b610be142\"> </a><div style=\"display: inline-block; background-color: #d9e0e7; padding: 6px; margin: 4px; border: 1px solid #8da1b4; border-radius: 5px; line-height: 60%\"><p style=\"margin-bottom: 0px\"/><p style=\"margin-bottom: 0px\">Profile: <a href=\"StructureDefinition-dk-core-patient.html\">Danish Core Patient Profile</a></p></div><p style=\"border: 1px #661aff solid; background-color: #e6e6ff; padding: 10px;\">Else Test Lauridsen (official) Kvinde, DoB: 1991-01-02 ( urn:oid:1.2.208.176.1.2#0201919990)</p><hr/></div>"
  },
  "identifier" : [{
    "system" : "urn:oid:1.2.208.176.1.2",
    "value" : "0201919990"
  }],
  "name" : [{
    "use" : "official",
    "family" : "Lauridsen",
    "given" : ["Else",
    "Test"]
  }],
  "gender" : "female",
  "birthDate" : "1991-01-02"
}