{
  "resourceType" : "Patient",
  "id" : "ukendt-D-eCPR",
  "meta" : {
    "profile" : ["http://hl7.dk/fhir/core/StructureDefinition/dk-core-patient"]
  },
  "text" : {
    "status" : "generated",
    "div" : "<div xmlns=\"http://www.w3.org/1999/xhtml\"><p class=\"res-header-id\"><b>Generated Narrative: Patient ukendt-D-eCPR</b></p><a name=\"ukendt-D-eCPR\"> </a><a name=\"hcukendt-D-eCPR\"> </a><div style=\"display: inline-block; background-color: #d9e0e7; padding: 6px; margin: 4px; border: 1px solid #8da1b4; border-radius: 5px; line-height: 60%\"><p style=\"margin-bottom: 0px\"/><p style=\"margin-bottom: 0px\">Profile: <a href=\"StructureDefinition-dk-core-patient.html\">Danish Core Patient Profile</a></p></div><p style=\"border: 1px #661aff solid; background-color: #e6e6ff; padding: 10px;\">Peter(temp) Mand, DoB Unknown ( urn:oid:1.2.208.176.1.6.1.3.177#1206550VK9)</p><hr/></div>"
  },
  "identifier" : [{
    "system" : "urn:oid:1.2.208.176.1.6.1.3.177",
    "value" : "1206550VK9"
  }],
  "name" : [{
    "use" : "temp",
    "text" : "Peter",
    "_family" : {
      "extension" : [{
        "url" : "http://hl7.org/fhir/StructureDefinition/data-absent-reason",
        "valueCode" : "unknown"
      }]
    },
    "given" : ["Peter"]
  }],
  "gender" : "male"
}