{
  "resourceType" : "Practitioner",
  "id" : "42cb9200-f421-4d08-8391-7d51a2503cb4",
  "meta" : {
    "profile" : ["http://hl7.dk/fhir/core/StructureDefinition/dk-core-practitioner"]
  },
  "text" : {
    "status" : "generated",
    "div" : "<div xmlns=\"http://www.w3.org/1999/xhtml\"><p class=\"res-header-id\"><b>Generated Narrative: Practitioner 42cb9200-f421-4d08-8391-7d51a2503cb4</b></p><a name=\"42cb9200-f421-4d08-8391-7d51a2503cb4\"> </a><a name=\"hc42cb9200-f421-4d08-8391-7d51a2503cb4\"> </a><div style=\"display: inline-block; background-color: #d9e0e7; padding: 6px; margin: 4px; border: 1px solid #8da1b4; border-radius: 5px; line-height: 60%\"><p style=\"margin-bottom: 0px\"/><p style=\"margin-bottom: 0px\">Profile: <a href=\"StructureDefinition-dk-core-practitioner.html\">Danish Core Practitioner Profile</a></p></div><p><b>name</b>: Sidsel Andersen </p></div>"
  },
  "name" : [{
    "family" : "Andersen",
    "given" : ["Sidsel"]
  }]
}