URL,Version,Status,OIDs,Name,Title,Descriptino,Uses,Used,Sources
http://hl7.dk/fhir/core/ValueSet/DkCoreProfessionGroupValueSet,3.0.0,active,,DkCoreProfessionGroupValueSet,DK Profession Group,"DK Profession Group codes","StructureDefinition/dk-core-practitioner","Internal"
http://hl7.dk/fhir/core/ValueSet/dk-core-LoincVitalSigns,3.0.0,active,,LoincVitalSigns,DK Core Vital Signs,"LOINC codes describing vital signs.",,"LOINC"
http://hl7.dk/fhir/core/ValueSet/dk-core-MunicipalityCodes,3.0.0,active,,MunicipalityCodes,DK Municipality Codes,"Municipality codes used in Denmark","StructureDefinition/dk-core-organization,StructureDefinition/dk-core-municipalityCodes","Internal"
http://hl7.dk/fhir/core/ValueSet/dk-core-RegionalSubDivisionCodes,3.0.0,active,,RegionalSubdivisionCodes,DK Regional Subdivision Codes,"Subdivision codes (Regional codes) used in Denmark","StructureDefinition/dk-core-RegionalSubDivisionCodes","Internal"
http://hl7.dk/fhir/core/ValueSet/dk-core-TechniquesSCTCodes,3.0.0,active,,TechniquesSCTCodes,DK TechniquesSCTCodes,"SNOMED CT Codes for the technique used when obtaining an observation","StructureDefinition/dk-core-observation","SCT"
http://hl7.dk/fhir/core/ValueSet/dk-marital-status,3.0.0,active,,null,DK MaritalStatus,"This value set defines the set of codes that can be used to indicate the marital status of a person in Denmark.","StructureDefinition/dk-core-patient","Internal"
http://hl7.dk/fhir/core/ValueSet/sor-organization-type,3.0.0,active,,SorOrganizationType,DK SOR Organization Type,"Value set used for indicating the organization type for organizations from SOR","StructureDefinition/dk-core-organization","SCT"
http://hl7.org/fhir/ValueSet/condition-code,4.0.1,draft,"2.16.840.1.113883.4.642.3.161",Condition/Problem/DiagnosisCodes,Condition/Problem/Diagnosis Codes,"Example value set for Condition/Problem/Diagnosis codes.","StructureDefinition/dk-core-condition","SCT"
http://hl7.org/fhir/ValueSet/marital-status,4.0.1,active,"2.16.840.1.113883.4.642.3.29",Marital Status Codes,MaritalStatus,"This value set defines the set of codes that can be used to indicate the marital status of a person.","ValueSet/dk-marital-status","THO (V3)"
