{
  "resourceType" : "Device",
  "id" : "Telma.FEEDDADADEADBEEF",
  "meta" : {
    "profile" : ["http://hl7.org/fhir/uv/phd/StructureDefinition/PhgDevice"]
  },
  "text" : {
    "status" : "generated",
    "div" : "<div xmlns=\"http://www.w3.org/1999/xhtml\"><p><b>Generated Narrative: Device</b><a name=\"Telma.FEEDDADADEADBEEF\"> </a></p><div style=\"display: inline-block; background-color: #d9e0e7; padding: 6px; margin: 4px; border: 1px solid #8da1b4; border-radius: 5px; line-height: 60%\"><p style=\"margin-bottom: 0px\">Resource Device &quot;Telma.FEEDDADADEADBEEF&quot; </p><p style=\"margin-bottom: 0px\">Profile: <a href=\"http://hl7.org/fhir/uv/phd/STU1/StructureDefinition-PhgDevice.html\">PhgDevice</a></p></div><p><b>identifier</b>: IEEE 11073 System Identifier:\u00a0FE-ED-DA-DA-DE-AD-BE-EF</p><p><b>manufacturer</b>: Trifork</p><p><b>modelNumber</b>: Telma (Android)</p><p><b>type</b>: MDC_MOC_VMS_MDS_AHD: Continua compliant gateway <span style=\"background: LightGoldenRodYellow; margin: 4px; border: 1px solid khaki\"> (<a href=\"http://terminology.hl7.org/3.1.0/CodeSystem-v3-mdc.html\">ISO 11073-10101 Health informatics - Point-of-care</a>#531981 &quot;MDC_MOC_VMS_MDS_AHD&quot;)</span></p><blockquote><p><b>version</b></p><p><b>type</b>: MDC_REG_CERT_DATA_CONTINUA_VERSION: Continua version <span style=\"background: LightGoldenRodYellow; margin: 4px; border: 1px solid khaki\"> (<a href=\"http://terminology.hl7.org/3.1.0/CodeSystem-v3-mdc.html\">ISO 11073-10101 Health informatics - Point-of-care</a>#532352 &quot;MDC_REG_CERT_DATA_CONTINUA_VERSION&quot;)</span></p><p><b>value</b>: 7.0</p></blockquote><blockquote><p><b>version</b></p><p><b>type</b>: MDC_ID_PROD_SPEC_HW: Hardware version <span style=\"background: LightGoldenRodYellow; margin: 4px; border: 1px solid khaki\"> (<a href=\"http://terminology.hl7.org/3.1.0/CodeSystem-v3-mdc.html\">ISO 11073-10101 Health informatics - Point-of-care</a>#531974 &quot;MDC_ID_PROD_SPEC_HW&quot;)</span></p><p><b>value</b>: Samsung Tab S7+ (SM-T970)</p></blockquote><blockquote><p><b>version</b></p><p><b>type</b>: MDC_ID_PROD_SPEC_SW: Software version <span style=\"background: LightGoldenRodYellow; margin: 4px; border: 1px solid khaki\"> (<a href=\"http://terminology.hl7.org/3.1.0/CodeSystem-v3-mdc.html\">ISO 11073-10101 Health informatics - Point-of-care</a>#531975 &quot;MDC_ID_PROD_SPEC_SW&quot;)</span></p><p><b>value</b>: 1.2.0 (build 2662)</p></blockquote><blockquote><p><b>version</b></p><p><b>type</b>: MDC_ID_PROD_SPEC_FW: Firmware version <span style=\"background: LightGoldenRodYellow; margin: 4px; border: 1px solid khaki\"> (<a href=\"http://terminology.hl7.org/3.1.0/CodeSystem-v3-mdc.html\">ISO 11073-10101 Health informatics - Point-of-care</a>#531976 &quot;MDC_ID_PROD_SPEC_FW&quot;)</span></p><p><b>value</b>: Android 12 (API 31)</p></blockquote><blockquote><p><b>property</b></p><p><b>type</b>: MDC_REG_CERT_DATA_CONTINUA_CERT_DEV_LIST: Continua certified device list <span style=\"background: LightGoldenRodYellow; margin: 4px; border: 1px solid khaki\"> (<a href=\"http://terminology.hl7.org/3.1.0/CodeSystem-v3-mdc.html\">ISO 11073-10101 Health informatics - Point-of-care</a>#532353 &quot;MDC_REG_CERT_DATA_CONTINUA_CERT_DEV_LIST&quot;)</span></p><p><b>valueCode</b>: BluetoothLE: Weighing scale <span style=\"background: LightGoldenRodYellow; margin: 4px; border: 1px solid khaki\"> (<a href=\"http://hl7.org/fhir/uv/phd/STU1/CodeSystem-ContinuaPHD.html\">ContinuaPHD</a>#32783)</span>, BluetoothLE: Blood pressure monitor <span style=\"background: LightGoldenRodYellow; margin: 4px; border: 1px solid khaki\"> (<a href=\"http://hl7.org/fhir/uv/phd/STU1/CodeSystem-ContinuaPHD.html\">ContinuaPHD</a>#32775)</span>, BluetoothLE: Pulse oximeter <span style=\"background: LightGoldenRodYellow; margin: 4px; border: 1px solid khaki\"> (<a href=\"http://hl7.org/fhir/uv/phd/STU1/CodeSystem-ContinuaPHD.html\">ContinuaPHD</a>#32772)</span></p></blockquote><blockquote><p><b>property</b></p><p><b>type</b>: MDC_REG_CERT_DATA_CONTINUA_AHD_CERT_LIST: Continua certified Health&amp;Fitness interfaces list <span style=\"background: LightGoldenRodYellow; margin: 4px; border: 1px solid khaki\"> (<a href=\"http://terminology.hl7.org/3.1.0/CodeSystem-v3-mdc.html\">ISO 11073-10101 Health informatics - Point-of-care</a>#532355 &quot;MDC_REG_CERT_DATA_CONTINUA_AHD_CERT_LIST&quot;)</span></p><p><b>valueCode</b>: observation-upload-fhir: FHIR resource upload <span style=\"background: LightGoldenRodYellow; margin: 4px; border: 1px solid khaki\"> (<a href=\"http://hl7.org/fhir/uv/phd/STU1/CodeSystem-ContinuaHFS.html\">ContinuaHFS</a>#7 &quot;observation-upload-fhir&quot;)</span></p></blockquote><blockquote><p><b>property</b></p><p><b>type</b>: MDC_TIME_SYNC_PROTOCOL: Time synchronization protocol <span style=\"background: LightGoldenRodYellow; margin: 4px; border: 1px solid khaki\"> (<a href=\"http://terminology.hl7.org/3.1.0/CodeSystem-v3-mdc.html\">ISO 11073-10101 Health informatics - Point-of-care</a>#68220 &quot;MDC_TIME_SYNC_PROTOCOL&quot;)</span></p><p><b>valueCode</b>: MDC_TIME_SYNC_NTPV4: NTPV4 time synchronization <span style=\"background: LightGoldenRodYellow; margin: 4px; border: 1px solid khaki\"> (<a href=\"http://terminology.hl7.org/3.1.0/CodeSystem-v3-mdc.html\">ISO 11073-10101 Health informatics - Point-of-care</a>#532226 &quot;MDC_TIME_SYNC_NTPV4&quot;)</span></p></blockquote><blockquote><p><b>property</b></p><p><b>type</b>: regulation-status <span style=\"background: LightGoldenRodYellow; margin: 4px; border: 1px solid khaki\"> (<a href=\"http://hl7.org/fhir/uv/phd/STU1/CodeSystem-ASN1ToHL7.html\">ASN1ToHL7</a>#532354.0)</span></p><p><b>valueCode</b>: Device is NOT regulated <span style=\"background: LightGoldenRodYellow; margin: 4px; border: 1px solid khaki\"> (<a href=\"http://hl7.org/fhir/R4/v2/0136/index.html\">v2 Y/N Indicator</a>#Y)</span></p></blockquote></div>"
  },
  "identifier" : [{
    "type" : {
      "coding" : [{
        "system" : "http://hl7.org/fhir/uv/phd/CodeSystem/ContinuaDeviceIdentifiers",
        "code" : "SYSID",
        "display" : "IEEE 11073 System Identifier"
      }]
    },
    "system" : "urn:oid:1.2.840.10004.1.1.1.0.0.1.0.0.1.2680",
    "value" : "FE-ED-DA-DA-DE-AD-BE-EF"
  }],
  "manufacturer" : "Trifork",
  "modelNumber" : "Telma (Android)",
  "type" : {
    "coding" : [{
      "system" : "urn:iso:std:iso:11073:10101",
      "code" : "531981",
      "display" : "MDC_MOC_VMS_MDS_AHD"
    }],
    "text" : "MDC_MOC_VMS_MDS_AHD: Continua compliant gateway"
  },
  "version" : [{
    "type" : {
      "coding" : [{
        "system" : "urn:iso:std:iso:11073:10101",
        "code" : "532352",
        "display" : "MDC_REG_CERT_DATA_CONTINUA_VERSION"
      }],
      "text" : "MDC_REG_CERT_DATA_CONTINUA_VERSION: Continua version"
    },
    "value" : "7.0"
  },
  {
    "type" : {
      "coding" : [{
        "system" : "urn:iso:std:iso:11073:10101",
        "code" : "531974",
        "display" : "MDC_ID_PROD_SPEC_HW"
      }],
      "text" : "MDC_ID_PROD_SPEC_HW: Hardware version"
    },
    "value" : "Samsung Tab S7+ (SM-T970)"
  },
  {
    "type" : {
      "coding" : [{
        "system" : "urn:iso:std:iso:11073:10101",
        "code" : "531975",
        "display" : "MDC_ID_PROD_SPEC_SW"
      }],
      "text" : "MDC_ID_PROD_SPEC_SW: Software version"
    },
    "value" : "1.2.0 (build 2662)"
  },
  {
    "type" : {
      "coding" : [{
        "system" : "urn:iso:std:iso:11073:10101",
        "code" : "531976",
        "display" : "MDC_ID_PROD_SPEC_FW"
      }],
      "text" : "MDC_ID_PROD_SPEC_FW: Firmware version"
    },
    "value" : "Android 12 (API 31)"
  }],
  "property" : [{
    "type" : {
      "coding" : [{
        "system" : "urn:iso:std:iso:11073:10101",
        "code" : "532353",
        "display" : "MDC_REG_CERT_DATA_CONTINUA_CERT_DEV_LIST"
      }],
      "text" : "MDC_REG_CERT_DATA_CONTINUA_CERT_DEV_LIST: Continua certified device list"
    },
    "valueCode" : [{
      "coding" : [{
        "system" : "http://hl7.org/fhir/uv/phd/CodeSystem/ContinuaPHD",
        "code" : "32783"
      }],
      "text" : "BluetoothLE: Weighing scale"
    },
    {
      "coding" : [{
        "system" : "http://hl7.org/fhir/uv/phd/CodeSystem/ContinuaPHD",
        "code" : "32775"
      }],
      "text" : "BluetoothLE: Blood pressure monitor"
    },
    {
      "coding" : [{
        "system" : "http://hl7.org/fhir/uv/phd/CodeSystem/ContinuaPHD",
        "code" : "32772"
      }],
      "text" : "BluetoothLE: Pulse oximeter"
    }]
  },
  {
    "type" : {
      "coding" : [{
        "system" : "urn:iso:std:iso:11073:10101",
        "code" : "532355",
        "display" : "MDC_REG_CERT_DATA_CONTINUA_AHD_CERT_LIST"
      }],
      "text" : "MDC_REG_CERT_DATA_CONTINUA_AHD_CERT_LIST: Continua certified Health&Fitness interfaces list"
    },
    "valueCode" : [{
      "coding" : [{
        "system" : "http://hl7.org/fhir/uv/phd/CodeSystem/ContinuaHFS",
        "code" : "7",
        "display" : "observation-upload-fhir"
      }],
      "text" : "observation-upload-fhir: FHIR resource upload"
    }]
  },
  {
    "type" : {
      "coding" : [{
        "system" : "urn:iso:std:iso:11073:10101",
        "code" : "68220",
        "display" : "MDC_TIME_SYNC_PROTOCOL"
      }],
      "text" : "MDC_TIME_SYNC_PROTOCOL: Time synchronization protocol"
    },
    "valueCode" : [{
      "coding" : [{
        "system" : "urn:iso:std:iso:11073:10101",
        "code" : "532226",
        "display" : "MDC_TIME_SYNC_NTPV4"
      }],
      "text" : "MDC_TIME_SYNC_NTPV4: NTPV4 time synchronization"
    }]
  },
  {
    "type" : {
      "coding" : [{
        "system" : "http://hl7.org/fhir/uv/phd/CodeSystem/ASN1ToHL7",
        "code" : "532354.0"
      }],
      "text" : "regulation-status"
    },
    "valueCode" : [{
      "coding" : [{
        "system" : "http://terminology.hl7.org/CodeSystem/v2-0136",
        "code" : "Y"
      }],
      "text" : "Device is NOT regulated"
    }]
  }]
}