{
  "resourceType" : "Observation",
  "id" : "MaxBodyTemperature",
  "meta" : {
    "profile" : ["http://hl7.dk/fhir/core/StructureDefinition/dk-core-basic-observation"]
  },
  "text" : {
    "status" : "generated",
    "div" : "<div xmlns=\"http://www.w3.org/1999/xhtml\"><p><b>Generated Narrative: Observation</b><a name=\"MaxBodyTemperature\"> </a></p><div style=\"display: inline-block; background-color: #d9e0e7; padding: 6px; margin: 4px; border: 1px solid #8da1b4; border-radius: 5px; line-height: 60%\"><p style=\"margin-bottom: 0px\">Resource Observation &quot;MaxBodyTemperature&quot; </p><p style=\"margin-bottom: 0px\">Profile: <a href=\"StructureDefinition-dk-core-basic-observation.html\">Danish Core Basic Observation Profile</a></p></div><p><b>status</b>: final</p><p><b>category</b>: Vital Signs <span style=\"background: LightGoldenRodYellow; margin: 4px; border: 1px solid khaki\"> (<a href=\"http://terminology.hl7.org/3.1.0/CodeSystem-observation-category.html\">Observation Category Codes</a>#vital-signs)</span></p><p><b>code</b>: 8310-5 <span style=\"background: LightGoldenRodYellow; margin: 4px; border: 1px solid khaki\"> (<a href=\"https://loinc.org/\">LOINC</a>#8310-5; unknown#ZZ0253)</span></p><p><b>subject</b>: <a href=\"Patient-Max.html\">Patient/Max</a> &quot; BERGGREN&quot;</p><p><b>effective</b>: 2023-08-08 13:30:00+0000</p><p><b>value</b>: 37 grader celcius<span style=\"background: LightGoldenRodYellow\"> (Details: UCUM code Cel = 'Cel')</span></p><p><b>method</b>: Measurement technique (qualifier value) <span style=\"background: LightGoldenRodYellow; margin: 4px; border: 1px solid khaki\"> (<a href=\"https://browser.ihtsdotools.org/\">SNOMED CT</a>#272391002)</span></p></div>"
  },
  "status" : "final",
  "category" : [{
    "coding" : [{
      "system" : "http://terminology.hl7.org/CodeSystem/observation-category",
      "code" : "vital-signs"
    }]
  }],
  "code" : {
    "coding" : [{
      "system" : "http://loinc.org",
      "code" : "8310-5"
    },
    {
      "system" : "urn:oid:1.2.208.176.2.4",
      "code" : "ZZ0253"
    }]
  },
  "subject" : {
    "reference" : "Patient/Max"
  },
  "effectiveDateTime" : "2023-08-08T13:30:00.000Z",
  "valueQuantity" : {
    "value" : 37,
    "unit" : "grader celcius",
    "system" : "http://unitsofmeasure.org",
    "code" : "Cel"
  },
  "method" : {
    "coding" : [{
      "system" : "http://snomed.info/sct",
      "code" : "272391002",
      "display" : "Measurement technique (qualifier value)"
    }]
  }
}