{
  "resourceType" : "CodeSystem",
  "id" : "942e5ffd-e57b-49ae-9332-a34ac435f2ed-2",
  "url" : "http://hl7.org/fhir/comparison/CodeSystem/942e5ffd-e57b-49ae-9332-a34ac435f2ed-2",
  "name" : "UnionDkCoreProfessionGroupCodesAndDkCoreProfessionGroupCodes",
  "title" : "Union of dk-profession-groups-codes And dk-profession-groups-codes",
  "status" : "active",
  "date" : "2022-09-14T19:18:52+02:00",
  "jurisdiction" : [{
    "coding" : [{
      "system" : "urn:iso:std:iso:3166",
      "code" : "DK",
      "display" : "Denmark"
    }]
  }],
  "concept" : [{
    "code" : "C511",
    "display" : "Ambulancebehandler"
  },
  {
    "code" : "9495",
    "display" : "Bandagist"
  },
  {
    "code" : "B511",
    "display" : "Behandlerfarmaceut"
  },
  {
    "code" : "5159",
    "display" : "Bioanalytiker"
  },
  {
    "code" : "5153",
    "display" : "Ergoterapeut"
  },
  {
    "code" : "5155",
    "display" : "Fodterapeut"
  },
  {
    "code" : "5151",
    "display" : "Fysioterapeut"
  },
  {
    "code" : "5175",
    "display" : "Jordemoder"
  },
  {
    "code" : "5265",
    "display" : "Kiropraktor"
  },
  {
    "code" : "5451",
    "display" : "Klinisk diætist"
  },
  {
    "code" : "5432",
    "display" : "Klinisk tandtekniker"
  },
  {
    "code" : "5176a",
    "display" : "Kontaktlinseoptiker"
  },
  {
    "code" : "7170",
    "display" : "Læge"
  },
  {
    "code" : "4498",
    "display" : "Optiker"
  },
  {
    "code" : "5176b",
    "display" : "Optometrist"
  },
  {
    "code" : "A511",
    "display" : "Osteopat"
  },
  {
    "code" : "5158",
    "display" : "Radiograf"
  },
  {
    "code" : "5152",
    "display" : "Social- og sundhedsassistent"
  },
  {
    "code" : "5166",
    "display" : "Sygeplejerske"
  },
  {
    "code" : "5433",
    "display" : "Tandlæge"
  },
  {
    "code" : "5431",
    "display" : "Tandplejer"
  }]
}