{
  "resourceType" : "ValueSet",
  "id" : "942e5ffd-e57b-49ae-9332-a34ac435f2ed-84",
  "url" : "http://hl7.org/fhir/comparison/ValueSet/942e5ffd-e57b-49ae-9332-a34ac435f2ed-84",
  "name" : "IntersectionDkCoreProfessionGroupValueSetAndDkCoreProfessionGroupValueSet",
  "title" : "Intersection of dk-profession-group-valueset And dk-profession-group-valueset",
  "status" : "active",
  "date" : "2022-09-14T19:18:52+02:00",
  "jurisdiction" : [{
    "coding" : [{
      "system" : "urn:iso:std:iso:3166",
      "code" : "DK",
      "display" : "Denmark"
    }]
  }],
  "expansion" : {
    "contains" : [{
      "system" : "http://hl7.dk/fhir/core/CodeSystem/DkCoreProfessionGroupCodes",
      "code" : "C511",
      "display" : "Ambulancebehandler"
    },
    {
      "system" : "http://hl7.dk/fhir/core/CodeSystem/DkCoreProfessionGroupCodes",
      "code" : "9495",
      "display" : "Bandagist"
    },
    {
      "system" : "http://hl7.dk/fhir/core/CodeSystem/DkCoreProfessionGroupCodes",
      "code" : "B511",
      "display" : "Behandlerfarmaceut"
    },
    {
      "system" : "http://hl7.dk/fhir/core/CodeSystem/DkCoreProfessionGroupCodes",
      "code" : "5159",
      "display" : "Bioanalytiker"
    },
    {
      "system" : "http://hl7.dk/fhir/core/CodeSystem/DkCoreProfessionGroupCodes",
      "code" : "5153",
      "display" : "Ergoterapeut"
    },
    {
      "system" : "http://hl7.dk/fhir/core/CodeSystem/DkCoreProfessionGroupCodes",
      "code" : "5155",
      "display" : "Fodterapeut"
    },
    {
      "system" : "http://hl7.dk/fhir/core/CodeSystem/DkCoreProfessionGroupCodes",
      "code" : "5151",
      "display" : "Fysioterapeut"
    },
    {
      "system" : "http://hl7.dk/fhir/core/CodeSystem/DkCoreProfessionGroupCodes",
      "code" : "5175",
      "display" : "Jordemoder"
    },
    {
      "system" : "http://hl7.dk/fhir/core/CodeSystem/DkCoreProfessionGroupCodes",
      "code" : "5265",
      "display" : "Kiropraktor"
    },
    {
      "system" : "http://hl7.dk/fhir/core/CodeSystem/DkCoreProfessionGroupCodes",
      "code" : "5451",
      "display" : "Klinisk diætist"
    },
    {
      "system" : "http://hl7.dk/fhir/core/CodeSystem/DkCoreProfessionGroupCodes",
      "code" : "5432",
      "display" : "Klinisk tandtekniker"
    },
    {
      "system" : "http://hl7.dk/fhir/core/CodeSystem/DkCoreProfessionGroupCodes",
      "code" : "5176a",
      "display" : "Kontaktlinseoptiker"
    },
    {
      "system" : "http://hl7.dk/fhir/core/CodeSystem/DkCoreProfessionGroupCodes",
      "code" : "7170",
      "display" : "Læge"
    },
    {
      "system" : "http://hl7.dk/fhir/core/CodeSystem/DkCoreProfessionGroupCodes",
      "code" : "4498",
      "display" : "Optiker"
    },
    {
      "system" : "http://hl7.dk/fhir/core/CodeSystem/DkCoreProfessionGroupCodes",
      "code" : "5176b",
      "display" : "Optometrist"
    },
    {
      "system" : "http://hl7.dk/fhir/core/CodeSystem/DkCoreProfessionGroupCodes",
      "code" : "A511",
      "display" : "Osteopat"
    },
    {
      "system" : "http://hl7.dk/fhir/core/CodeSystem/DkCoreProfessionGroupCodes",
      "code" : "5158",
      "display" : "Radiograf"
    },
    {
      "system" : "http://hl7.dk/fhir/core/CodeSystem/DkCoreProfessionGroupCodes",
      "code" : "5152",
      "display" : "Social- og sundhedsassistent"
    },
    {
      "system" : "http://hl7.dk/fhir/core/CodeSystem/DkCoreProfessionGroupCodes",
      "code" : "5166",
      "display" : "Sygeplejerske"
    },
    {
      "system" : "http://hl7.dk/fhir/core/CodeSystem/DkCoreProfessionGroupCodes",
      "code" : "5433",
      "display" : "Tandlæge"
    },
    {
      "system" : "http://hl7.dk/fhir/core/CodeSystem/DkCoreProfessionGroupCodes",
      "code" : "5431",
      "display" : "Tandplejer"
    }]
  }
}