{
  "resourceType" : "ValueSet",
  "id" : "942e5ffd-e57b-49ae-9332-a34ac435f2ed-92",
  "url" : "http://hl7.org/fhir/comparison/ValueSet/942e5ffd-e57b-49ae-9332-a34ac435f2ed-92",
  "name" : "UnionDkCoreValidIdentifierAndDkCoreValidIdentifier",
  "title" : "Union of CPR Identifier And CPR Identifier",
  "status" : "active",
  "date" : "2022-09-14T19:18:52+02:00",
  "jurisdiction" : [{
    "coding" : [{
      "system" : "urn:iso:std:iso:3166",
      "code" : "DK",
      "display" : "Denmark"
    }]
  }],
  "compose" : {
    "include" : [{
      "concept" : [{
        "code" : "urn:oid:1.2.208.176.1.2",
        "display" : "OID representation of CPR"
      }]
    }]
  },
  "expansion" : {
    "contains" : [{
      "system" : "http://hl7.dk/fhir/core/CodeSystem/dk-core-cpr-identifier-system",
      "code" : "urn:oid:1.2.208.176.1.2",
      "display" : "OID representation of CPR"
    }]
  }
}