{
  "resourceType" : "ValueSet",
  "id" : "942e5ffd-e57b-49ae-9332-a34ac435f2ed-90",
  "url" : "http://hl7.org/fhir/comparison/ValueSet/942e5ffd-e57b-49ae-9332-a34ac435f2ed-90",
  "name" : "IntersectionRegionalSubdivisionCodesAndRegionalSubdivisionCodes",
  "title" : "Intersection of null And null",
  "status" : "draft",
  "date" : "2022-09-14T19:18:52+02:00",
  "jurisdiction" : [{
    "coding" : [{
      "system" : "urn:iso:std:iso:3166",
      "code" : "DK",
      "display" : "Denmark"
    }]
  }],
  "expansion" : {
    "contains" : [{
      "system" : "http://hl7.dk/fhir/core/CodeSystem/dk-core-regional-subdivision-codes",
      "code" : "DK-84",
      "display" : "Capital Region of Denmark"
    },
    {
      "system" : "http://hl7.dk/fhir/core/CodeSystem/dk-core-regional-subdivision-codes",
      "code" : "DK-82",
      "display" : "Central Denmark Region"
    },
    {
      "system" : "http://hl7.dk/fhir/core/CodeSystem/dk-core-regional-subdivision-codes",
      "code" : "DK-81",
      "display" : "Nord Denmark Region"
    },
    {
      "system" : "http://hl7.dk/fhir/core/CodeSystem/dk-core-regional-subdivision-codes",
      "code" : "DK-85",
      "display" : "Region Zealand"
    },
    {
      "system" : "http://hl7.dk/fhir/core/CodeSystem/dk-core-regional-subdivision-codes",
      "code" : "DK-83",
      "display" : "Region of Southern Denmark"
    }]
  }
}