<?xml version="1.0" encoding="UTF-8"?>

<Observation xmlns="http://hl7.org/fhir">
  <id value="MaxVitalSignsPanel"/>
  <meta>
    <profile value="http://hl7.dk/fhir/core/StructureDefinition/dk-core-basic-observation"/>
  </meta>
  <text>
    <status value="generated"/><div xmlns="http://www.w3.org/1999/xhtml"><p><b>Generated Narrative: Observation</b><a name="MaxVitalSignsPanel"> </a></p><div style="display: inline-block; background-color: #d9e0e7; padding: 6px; margin: 4px; border: 1px solid #8da1b4; border-radius: 5px; line-height: 60%"><p style="margin-bottom: 0px">Resource Observation &quot;MaxVitalSignsPanel&quot; </p><p style="margin-bottom: 0px">Profile: <a href="StructureDefinition-dk-core-basic-observation.html">Danish Core Basic Observation Profile</a></p></div><p><b>status</b>: final</p><p><b>category</b>: Vital Signs <span style="background: LightGoldenRodYellow; margin: 4px; border: 1px solid khaki"> (<a href="http://terminology.hl7.org/3.1.0/CodeSystem-observation-category.html">Observation Category Codes</a>#vital-signs)</span></p><p><b>code</b>: Vital signs, weight, height, head circumference, oxygen saturation and BMI panel <span style="background: LightGoldenRodYellow; margin: 4px; border: 1px solid khaki"> (<a href="https://loinc.org/">LOINC</a>#85353-1)</span></p><p><b>subject</b>: <a href="Patient-Max.html">Patient/Max</a> &quot; BERGGREN&quot;</p><p><b>effective</b>: 2023-08-08 13:30:00+0000</p><p><b>hasMember</b>: </p><ul><li><a href="Observation-MaxBloodPressure.html">Observation/MaxBloodPressure</a></li><li><a href="Observation-MaxRespirationRate.html">Observation/MaxRespirationRate</a></li><li><a href="Observation-MaxHeartRate.html">Observation/MaxHeartRate</a></li><li><a href="Observation-MaxBodyTemperature.html">Observation/MaxBodyTemperature</a></li></ul></div>
  </text>
  <status value="final"/>
  <category>
    <coding>
      <system value="http://terminology.hl7.org/CodeSystem/observation-category"/>
      <code value="vital-signs"/>
    </coding>
  </category>
  <code>
    <coding>
      <system value="http://loinc.org"/>
      <code value="85353-1"/>
      <display value="Vital signs, weight, height, head circumference, oxygen saturation and BMI panel"/>
    </coding>
  </code>
  <subject>
    <reference value="Patient/Max"/>
  </subject>
  <effectiveDateTime value="2023-08-08T13:30:00.000Z"/>
  <hasMember>
    <reference value="Observation/MaxBloodPressure"/>
  </hasMember>
  <hasMember>
    <reference value="Observation/MaxRespirationRate"/>
  </hasMember>
  <hasMember>
    <reference value="Observation/MaxHeartRate"/>
  </hasMember>
  <hasMember>
    <reference value="Observation/MaxBodyTemperature"/>
  </hasMember>
</Observation>