<?xml version="1.0" encoding="UTF-8"?>

<Patient xmlns="http://hl7.org/fhir">
  <id value="ukendt-D-eCPR"/>
  <meta>
    <profile value="http://hl7.dk/fhir/core/StructureDefinition/dk-core-patient"/>
  </meta>
  <text>
    <status value="generated"/><div xmlns="http://www.w3.org/1999/xhtml"><p style="border: 1px #661aff solid; background-color: #e6e6ff; padding: 10px;"><b>Peter null (TEMP)</b> male, DoB Unknown ( id: 1206550VK9)</p><hr/></div>
  </text>
  <identifier>
    <system value="urn:oid:1.2.208.176.1.6.1.3.177"/>
    <value value="1206550VK9"/>
  </identifier>
  <name>
    <use value="temp"/>
    <family>
      <extension url="http://hl7.org/fhir/StructureDefinition/data-absent-reason">
        <valueCode value="unknown"/>
      </extension>
    </family>
    <given value="Peter"/>
  </name>
  <gender value="male"/>
</Patient>