<?xml version="1.0" encoding="UTF-8"?>

<ValueSet xmlns="http://hl7.org/fhir">
  <id value="dk-core-SCTBasicObservation"/>
  <text>
    <status value="generated"/><div xmlns="http://www.w3.org/1999/xhtml"><p>This value set includes codes based on the following rules:</p><ul><li>Include these codes as defined in <a href="http://www.snomed.org/"><code>http://snomed.info/sct</code></a><table class="none"><tr><td style="white-space:nowrap"><b>Code</b></td><td><b>Display</b></td></tr><tr><td><a href="http://snomed.info/id/446226005">446226005</a></td><td style="color: #cccccc">Diastolic blood pressure on admission (observable entity)</td></tr><tr><td><a href="http://snomed.info/id/400975005">400975005</a></td><td style="color: #cccccc">Standing diastolic blood pressure (observable entity)</td></tr><tr><td><a href="http://snomed.info/id/407557002">407557002</a></td><td style="color: #cccccc">Lying diastolic blood pressure (observable entity)</td></tr><tr><td><a href="http://snomed.info/id/407555005">407555005</a></td><td style="color: #cccccc">Sitting diastolic blood pressure (observable entity)</td></tr><tr><td><a href="http://snomed.info/id/271650006">271650006</a></td><td style="color: #cccccc">Diastolic blood pressure</td></tr><tr><td><a href="http://snomed.info/id/72313002">72313002</a></td><td style="color: #cccccc">Systolic arterial pressure</td></tr><tr><td><a href="http://snomed.info/id/400974009">400974009</a></td><td style="color: #cccccc">Standing systolic blood pressure (observable entity)</td></tr><tr><td><a href="http://snomed.info/id/399304008">399304008</a></td><td style="color: #cccccc">Systolic blood pressure on admission (observable entity)</td></tr><tr><td><a href="http://snomed.info/id/407556006">407556006</a></td><td style="color: #cccccc">Lying systolic blood pressure (observable entity)</td></tr><tr><td><a href="http://snomed.info/id/407554009">407554009</a></td><td style="color: #cccccc">Sitting systolic blood pressure (observable entity)</td></tr><tr><td><a href="http://snomed.info/id/271649006">271649006</a></td><td style="color: #cccccc">Systolic blood pressure</td></tr><tr><td><a href="http://snomed.info/id/422119006">422119006</a></td><td style="color: #cccccc">Brachial pulse rate</td></tr><tr><td><a href="http://snomed.info/id/429614003">429614003</a></td><td style="color: #cccccc">Posterior tibial pulse rate</td></tr><tr><td><a href="http://snomed.info/id/429525003">429525003</a></td><td style="color: #cccccc">Dorsalis pedis pulse rate</td></tr><tr><td><a href="http://snomed.info/id/399017001">399017001</a></td><td style="color: #cccccc">Heart rate on admission (observable entity)</td></tr><tr><td><a href="http://snomed.info/id/78564009">78564009</a></td><td style="color: #cccccc">Pulse rate</td></tr><tr><td><a href="http://snomed.info/id/444981005">444981005</a></td><td style="color: #cccccc">Resting heart rate (observable entity)</td></tr><tr><td><a href="http://snomed.info/id/364075005">364075005</a></td><td style="color: #cccccc">Heart rate</td></tr><tr><td><a href="http://snomed.info/id/424927000">424927000</a></td><td style="color: #cccccc">Body weight with shoes (observable entity)</td></tr><tr><td><a href="http://snomed.info/id/445541000">445541000</a></td><td style="color: #cccccc">Dry body weight (observable entity)</td></tr><tr><td><a href="http://snomed.info/id/425024002">425024002</a></td><td style="color: #cccccc">Body weight without shoes (observable entity)</td></tr><tr><td><a href="http://snomed.info/id/364589006">364589006</a></td><td style="color: #cccccc">Birth weight</td></tr><tr><td><a href="http://snomed.info/id/27113001">27113001</a></td><td style="color: #cccccc">Body weight</td></tr><tr><td><a href="http://snomed.info/id/1153637007">1153637007</a></td><td style="color: #cccccc">Body height (observable entity)</td></tr><tr><td><a href="http://snomed.info/id/248333004">248333004</a></td><td style="color: #cccccc">Standing height</td></tr><tr><td><a href="http://snomed.info/id/1149101003">1149101003</a></td><td style="color: #cccccc">Recumbent body height (observable entity)</td></tr><tr><td><a href="http://snomed.info/id/1162392001">1162392001</a></td><td style="color: #cccccc">Pre-amputation measured body height</td></tr></table></li><li>Include codes from <a href="http://www.snomed.org/"><code>http://snomed.info/sct</code></a> where concept  is-a  431314004</li><li>Include codes from <a href="http://www.snomed.org/"><code>http://snomed.info/sct</code></a> where concept  is-a  86290005</li><li>Include codes from <a href="http://www.snomed.org/"><code>http://snomed.info/sct</code></a> where concept  is-a  276885007</li></ul></div>
  </text>
  <url value="http://hl7.dk/fhir/core/ValueSet/dk-core-SCTBasicObservation"/>
  <version value="3.1.0"/>
  <name value="SCTBasicObservation"/>
  <title value="Dk Core SNOMED CT Basic Observation"/>
  <status value="active"/>
  <experimental value="false"/>
  <date value="2024-01-08T21:47:11+01:00"/>
  <publisher value="HL7 Denmark"/>
  <contact>
    <name value="HL7 Denmark"/>
    <telecom>
      <system value="url"/>
      <value value="http://www.hl7.dk"/>
    </telecom>
    <telecom>
      <system value="email"/>
      <value value="jenskristianvilladsen@gmail.com"/>
    </telecom>
  </contact>
  <description value="SNOMED CT codes for Basic Observations usable in Denmark"/>
  <jurisdiction>
    <coding>
      <system value="urn:iso:std:iso:3166"/>
      <code value="DK"/>
      <display value="Denmark"/>
    </coding>
  </jurisdiction>
  <compose>
    <include>
      <system value="http://snomed.info/sct"/>
      <concept>
        <code value="446226005"/>
      </concept>
      <concept>
        <code value="400975005"/>
      </concept>
      <concept>
        <code value="407557002"/>
      </concept>
      <concept>
        <code value="407555005"/>
      </concept>
      <concept>
        <code value="271650006"/>
      </concept>
      <concept>
        <code value="72313002"/>
      </concept>
      <concept>
        <code value="400974009"/>
      </concept>
      <concept>
        <code value="399304008"/>
      </concept>
      <concept>
        <code value="407556006"/>
      </concept>
      <concept>
        <code value="407554009"/>
      </concept>
      <concept>
        <code value="271649006"/>
      </concept>
      <concept>
        <code value="422119006"/>
      </concept>
      <concept>
        <code value="429614003"/>
      </concept>
      <concept>
        <code value="429525003"/>
      </concept>
      <concept>
        <code value="399017001"/>
      </concept>
      <concept>
        <code value="78564009"/>
      </concept>
      <concept>
        <code value="444981005"/>
      </concept>
      <concept>
        <code value="364075005"/>
      </concept>
      <concept>
        <code value="424927000"/>
      </concept>
      <concept>
        <code value="445541000"/>
      </concept>
      <concept>
        <code value="425024002"/>
      </concept>
      <concept>
        <code value="364589006"/>
      </concept>
      <concept>
        <code value="27113001"/>
      </concept>
      <concept>
        <code value="1153637007"/>
      </concept>
      <concept>
        <code value="248333004"/>
      </concept>
      <concept>
        <code value="1149101003"/>
      </concept>
      <concept>
        <code value="1162392001"/>
      </concept>
    </include>
    <include>
      <system value="http://snomed.info/sct"/>
      <filter>
        <property value="concept"/>
        <op value="is-a"/>
        <value value="431314004"/>
      </filter>
    </include>
    <include>
      <system value="http://snomed.info/sct"/>
      <filter>
        <property value="concept"/>
        <op value="is-a"/>
        <value value="86290005"/>
      </filter>
    </include>
    <include>
      <system value="http://snomed.info/sct"/>
      <filter>
        <property value="concept"/>
        <op value="is-a"/>
        <value value="276885007"/>
      </filter>
    </include>
  </compose>
</ValueSet>