<?xml version="1.0" encoding="UTF-8"?>

<CodeSystem xmlns="http://hl7.org/fhir">
  <id value="dk-core-municipality-codes"/>
  <text>
    <status value="generated"/><div xmlns="http://www.w3.org/1999/xhtml"><p class="res-header-id"><b>Generated Narrative: CodeSystem dk-core-municipality-codes</b></p><a name="dk-core-municipality-codes"> </a><a name="hcdk-core-municipality-codes"> </a><a name="dk-core-municipality-codes-da-DK"> </a><p>This case-sensitive code system <code>http://hl7.dk/fhir/core/CodeSystem/dk-core-municipality-codes</code> defines the following codes:</p><table class="codes"><tr><td style="white-space:nowrap"><b>Code</b></td><td><b>Display</b></td><td><b>Dansk (Danish, da)</b></td></tr><tr><td style="white-space:nowrap">0740<a name="dk-core-municipality-codes-0740"> </a></td><td>Silkeborg</td><td>Silkeborg</td></tr><tr><td style="white-space:nowrap">0741<a name="dk-core-municipality-codes-0741"> </a></td><td>Samsø</td><td>Samsø</td></tr><tr><td style="white-space:nowrap">0851<a name="dk-core-municipality-codes-0851"> </a></td><td>Aalborg</td><td>Aalborg</td></tr><tr><td style="white-space:nowrap">0746<a name="dk-core-municipality-codes-0746"> </a></td><td>Skanderborg</td><td>Skanderborg</td></tr><tr><td style="white-space:nowrap">0151<a name="dk-core-municipality-codes-0151"> </a></td><td>Ballerup</td><td>Ballerup</td></tr><tr><td style="white-space:nowrap">0260<a name="dk-core-municipality-codes-0260"> </a></td><td>Halsnæs</td><td>Halsnæs</td></tr><tr><td style="white-space:nowrap">0153<a name="dk-core-municipality-codes-0153"> </a></td><td>Brøndby</td><td>Brøndby</td></tr><tr><td style="white-space:nowrap">0370<a name="dk-core-municipality-codes-0370"> </a></td><td>Næstved</td><td>Næstved</td></tr><tr><td style="white-space:nowrap">0155<a name="dk-core-municipality-codes-0155"> </a></td><td>Dragør</td><td>Dragør</td></tr><tr><td style="white-space:nowrap">0480<a name="dk-core-municipality-codes-0480"> </a></td><td>Nordfyns</td><td>Nordfyns</td></tr><tr><td style="white-space:nowrap">0157<a name="dk-core-municipality-codes-0157"> </a></td><td>Gentofte</td><td>Gentofte</td></tr><tr><td style="white-space:nowrap">0265<a name="dk-core-municipality-codes-0265"> </a></td><td>Roskilde</td><td>Roskilde</td></tr><tr><td style="white-space:nowrap">0159<a name="dk-core-municipality-codes-0159"> </a></td><td>Gladsaxe</td><td>Gladsaxe</td></tr><tr><td style="white-space:nowrap">0376<a name="dk-core-municipality-codes-0376"> </a></td><td>Guldborgsund</td><td>Guldborgsund</td></tr><tr><td style="white-space:nowrap">0269<a name="dk-core-municipality-codes-0269"> </a></td><td>Solrød</td><td>Solrød</td></tr><tr><td style="white-space:nowrap">0482<a name="dk-core-municipality-codes-0482"> </a></td><td>Langeland</td><td>Langeland</td></tr><tr><td style="white-space:nowrap">0201<a name="dk-core-municipality-codes-0201"> </a></td><td>Allerød</td><td>Allerød</td></tr><tr><td style="white-space:nowrap">0420<a name="dk-core-municipality-codes-0420"> </a></td><td>Assens</td><td>Assens</td></tr><tr><td style="white-space:nowrap">0530<a name="dk-core-municipality-codes-0530"> </a></td><td>Billund</td><td>Billund</td></tr><tr><td style="white-space:nowrap">0316<a name="dk-core-municipality-codes-0316"> </a></td><td>Holbæk</td><td>Holbæk</td></tr><tr><td style="white-space:nowrap">0751<a name="dk-core-municipality-codes-0751"> </a></td><td>Aarhus</td><td>Aarhus</td></tr><tr><td style="white-space:nowrap">0860<a name="dk-core-municipality-codes-0860"> </a></td><td>Hjørring</td><td>Hjørring</td></tr><tr><td style="white-space:nowrap">0756<a name="dk-core-municipality-codes-0756"> </a></td><td>Ikast-Brande</td><td>Ikast-Brande</td></tr><tr><td style="white-space:nowrap">0161<a name="dk-core-municipality-codes-0161"> </a></td><td>Glostrup</td><td>Glostrup</td></tr><tr><td style="white-space:nowrap">0270<a name="dk-core-municipality-codes-0270"> </a></td><td>Gribskov</td><td>Gribskov</td></tr><tr><td style="white-space:nowrap">0163<a name="dk-core-municipality-codes-0163"> </a></td><td>Herlev</td><td>Herlev</td></tr><tr><td style="white-space:nowrap">0165<a name="dk-core-municipality-codes-0165"> </a></td><td>Albertslund</td><td>Albertslund</td></tr><tr><td style="white-space:nowrap">0167<a name="dk-core-municipality-codes-0167"> </a></td><td>Hvidovre</td><td>Hvidovre</td></tr><tr><td style="white-space:nowrap">0492<a name="dk-core-municipality-codes-0492"> </a></td><td>Ærø</td><td>Ærø</td></tr><tr><td style="white-space:nowrap">0169<a name="dk-core-municipality-codes-0169"> </a></td><td>Høje-Taastrup</td><td>Høje-Taastrup</td></tr><tr><td style="white-space:nowrap">0101<a name="dk-core-municipality-codes-0101"> </a></td><td>København</td><td>København</td></tr><tr><td style="white-space:nowrap">0210<a name="dk-core-municipality-codes-0210"> </a></td><td>Fredensborg</td><td>Fredensborg</td></tr><tr><td style="white-space:nowrap">0320<a name="dk-core-municipality-codes-0320"> </a></td><td>Faxe</td><td>Faxe</td></tr><tr><td style="white-space:nowrap">0430<a name="dk-core-municipality-codes-0430"> </a></td><td>Faaborg-Midtfyn</td><td>Faaborg-Midtfyn</td></tr><tr><td style="white-space:nowrap">0540<a name="dk-core-municipality-codes-0540"> </a></td><td>Sønderborg</td><td>Sønderborg</td></tr><tr><td style="white-space:nowrap">0217<a name="dk-core-municipality-codes-0217"> </a></td><td>Helsingør</td><td>Helsingør</td></tr><tr><td style="white-space:nowrap">0326<a name="dk-core-municipality-codes-0326"> </a></td><td>Kalundborg</td><td>Kalundborg</td></tr><tr><td style="white-space:nowrap">0219<a name="dk-core-municipality-codes-0219"> </a></td><td>Hillerød</td><td>Hillerød</td></tr><tr><td style="white-space:nowrap">0760<a name="dk-core-municipality-codes-0760"> </a></td><td>Ringkøbing-Skjern</td><td>Ringkøbing-Skjern</td></tr><tr><td style="white-space:nowrap">0329<a name="dk-core-municipality-codes-0329"> </a></td><td>Ringsted</td><td>Ringsted</td></tr><tr><td style="white-space:nowrap">0657<a name="dk-core-municipality-codes-0657"> </a></td><td>Herning</td><td>Herning</td></tr><tr><td style="white-space:nowrap">0766<a name="dk-core-municipality-codes-0766"> </a></td><td>Hedensted</td><td>Hedensted</td></tr><tr><td style="white-space:nowrap">0173<a name="dk-core-municipality-codes-0173"> </a></td><td>Lyngby-Taarbæk</td><td>Lyngby-Taarbæk</td></tr><tr><td style="white-space:nowrap">0390<a name="dk-core-municipality-codes-0390"> </a></td><td>Vordingborg</td><td>Vordingborg</td></tr><tr><td style="white-space:nowrap">0175<a name="dk-core-municipality-codes-0175"> </a></td><td>Rødovre</td><td>Rødovre</td></tr><tr><td style="white-space:nowrap">0810<a name="dk-core-municipality-codes-0810"> </a></td><td>Brønderslev</td><td>Brønderslev</td></tr><tr><td style="white-space:nowrap">0813<a name="dk-core-municipality-codes-0813"> </a></td><td>Frederikshavn</td><td>Frederikshavn</td></tr><tr><td style="white-space:nowrap">0706<a name="dk-core-municipality-codes-0706"> </a></td><td>Syddjurs</td><td>Syddjurs</td></tr><tr><td style="white-space:nowrap">0707<a name="dk-core-municipality-codes-0707"> </a></td><td>Norddjurs</td><td>Norddjurs</td></tr><tr><td style="white-space:nowrap">0330<a name="dk-core-municipality-codes-0330"> </a></td><td>Slagelse</td><td>Slagelse</td></tr><tr><td style="white-space:nowrap">0223<a name="dk-core-municipality-codes-0223"> </a></td><td>Hørsholm</td><td>Hørsholm</td></tr><tr><td style="white-space:nowrap">0440<a name="dk-core-municipality-codes-0440"> </a></td><td>Kerteminde</td><td>Kerteminde</td></tr><tr><td style="white-space:nowrap">0550<a name="dk-core-municipality-codes-0550"> </a></td><td>Tønder</td><td>Tønder</td></tr><tr><td style="white-space:nowrap">0336<a name="dk-core-municipality-codes-0336"> </a></td><td>Stevns</td><td>Stevns</td></tr><tr><td style="white-space:nowrap">0661<a name="dk-core-municipality-codes-0661"> </a></td><td>Holstebro</td><td>Holstebro</td></tr><tr><td style="white-space:nowrap">0665<a name="dk-core-municipality-codes-0665"> </a></td><td>Lemvig</td><td>Lemvig</td></tr><tr><td style="white-space:nowrap">0773<a name="dk-core-municipality-codes-0773"> </a></td><td>Morsø</td><td>Morsø</td></tr><tr><td style="white-space:nowrap">0779<a name="dk-core-municipality-codes-0779"> </a></td><td>Skive</td><td>Skive</td></tr><tr><td style="white-space:nowrap">0183<a name="dk-core-municipality-codes-0183"> </a></td><td>Ishøj</td><td>Ishøj</td></tr><tr><td style="white-space:nowrap">0185<a name="dk-core-municipality-codes-0185"> </a></td><td>Tårnby</td><td>Tårnby</td></tr><tr><td style="white-space:nowrap">0710<a name="dk-core-municipality-codes-0710"> </a></td><td>Favrskov</td><td>Favrskov</td></tr><tr><td style="white-space:nowrap">0187<a name="dk-core-municipality-codes-0187"> </a></td><td>Vallensbæk</td><td>Vallensbæk</td></tr><tr><td style="white-space:nowrap">0820<a name="dk-core-municipality-codes-0820"> </a></td><td>Vesthimmerland</td><td>Vesthimmerland</td></tr><tr><td style="white-space:nowrap">0607<a name="dk-core-municipality-codes-0607"> </a></td><td>Fredericia</td><td>Fredericia</td></tr><tr><td style="white-space:nowrap">0825<a name="dk-core-municipality-codes-0825"> </a></td><td>Læsø</td><td>Læsø</td></tr><tr><td style="white-space:nowrap">0230<a name="dk-core-municipality-codes-0230"> </a></td><td>Rudersdal</td><td>Rudersdal</td></tr><tr><td style="white-space:nowrap">0340<a name="dk-core-municipality-codes-0340"> </a></td><td>Sorø</td><td>Sorø</td></tr><tr><td style="white-space:nowrap">0450<a name="dk-core-municipality-codes-0450"> </a></td><td>Nyborg</td><td>Nyborg</td></tr><tr><td style="white-space:nowrap">0561<a name="dk-core-municipality-codes-0561"> </a></td><td>Esbjerg</td><td>Esbjerg</td></tr><tr><td style="white-space:nowrap">0563<a name="dk-core-municipality-codes-0563"> </a></td><td>Fanø</td><td>Fanø</td></tr><tr><td style="white-space:nowrap">0671<a name="dk-core-municipality-codes-0671"> </a></td><td>Struer</td><td>Struer</td></tr><tr><td style="white-space:nowrap">0190<a name="dk-core-municipality-codes-0190"> </a></td><td>Furesø</td><td>Furesø</td></tr><tr><td style="white-space:nowrap">0787<a name="dk-core-municipality-codes-0787"> </a></td><td>Thisted</td><td>Thisted</td></tr><tr><td style="white-space:nowrap">0615<a name="dk-core-municipality-codes-0615"> </a></td><td>Horsens</td><td>Horsens</td></tr><tr><td style="white-space:nowrap">0727<a name="dk-core-municipality-codes-0727"> </a></td><td>Odder</td><td>Odder</td></tr><tr><td style="white-space:nowrap">0240<a name="dk-core-municipality-codes-0240"> </a></td><td>Egedal</td><td>Egedal</td></tr><tr><td style="white-space:nowrap">0350<a name="dk-core-municipality-codes-0350"> </a></td><td>Lejre</td><td>Lejre</td></tr><tr><td style="white-space:nowrap">0461<a name="dk-core-municipality-codes-0461"> </a></td><td>Odense</td><td>Odense</td></tr><tr><td style="white-space:nowrap">0573<a name="dk-core-municipality-codes-0573"> </a></td><td>Varde</td><td>Varde</td></tr><tr><td style="white-space:nowrap">0575<a name="dk-core-municipality-codes-0575"> </a></td><td>Vejen</td><td>Vejen</td></tr><tr><td style="white-space:nowrap">0791<a name="dk-core-municipality-codes-0791"> </a></td><td>Viborg</td><td>Viborg</td></tr><tr><td style="white-space:nowrap">0400<a name="dk-core-municipality-codes-0400"> </a></td><td>Bornholm</td><td>Bornholm</td></tr><tr><td style="white-space:nowrap">0510<a name="dk-core-municipality-codes-0510"> </a></td><td>Haderslev</td><td>Haderslev</td></tr><tr><td style="white-space:nowrap">0621<a name="dk-core-municipality-codes-0621"> </a></td><td>Kolding</td><td>Kolding</td></tr><tr><td style="white-space:nowrap">0730<a name="dk-core-municipality-codes-0730"> </a></td><td>Randers</td><td>Randers</td></tr><tr><td style="white-space:nowrap">0840<a name="dk-core-municipality-codes-0840"> </a></td><td>Rebild</td><td>Rebild</td></tr><tr><td style="white-space:nowrap">0846<a name="dk-core-municipality-codes-0846"> </a></td><td>Mariagerfjord</td><td>Mariagerfjord</td></tr><tr><td style="white-space:nowrap">0250<a name="dk-core-municipality-codes-0250"> </a></td><td>Frederikssund</td><td>Frederikssund</td></tr><tr><td style="white-space:nowrap">0360<a name="dk-core-municipality-codes-0360"> </a></td><td>Lolland</td><td>Lolland</td></tr><tr><td style="white-space:nowrap">0253<a name="dk-core-municipality-codes-0253"> </a></td><td>Greve</td><td>Greve</td></tr><tr><td style="white-space:nowrap">0849<a name="dk-core-municipality-codes-0849"> </a></td><td>Jammerbugt</td><td>Jammerbugt</td></tr><tr><td style="white-space:nowrap">0147<a name="dk-core-municipality-codes-0147"> </a></td><td>Frederiksberg</td><td>Frederiksberg</td></tr><tr><td style="white-space:nowrap">0580<a name="dk-core-municipality-codes-0580"> </a></td><td>Aabenraa</td><td>Aabenraa</td></tr><tr><td style="white-space:nowrap">0259<a name="dk-core-municipality-codes-0259"> </a></td><td>Køge</td><td>Køge</td></tr><tr><td style="white-space:nowrap">0479<a name="dk-core-municipality-codes-0479"> </a></td><td>Svendborg</td><td>Svendborg</td></tr><tr><td style="white-space:nowrap">0410<a name="dk-core-municipality-codes-0410"> </a></td><td>Middelfart</td><td>Middelfart</td></tr><tr><td style="white-space:nowrap">0411<a name="dk-core-municipality-codes-0411"> </a></td><td>Christiansø</td><td>Christiansø</td></tr><tr><td style="white-space:nowrap">0306<a name="dk-core-municipality-codes-0306"> </a></td><td>Odsherred</td><td>Odsherred</td></tr><tr><td style="white-space:nowrap">0630<a name="dk-core-municipality-codes-0630"> </a></td><td>Vejle</td><td>Vejle</td></tr></table></div>
  </text>
  <url value="http://hl7.dk/fhir/core/CodeSystem/dk-core-municipality-codes"/>
  <version value="3.4.0"/>
  <name value="MunicipalityCodes"/>
  <title value="DK Municipality Codes"/>
  <status value="active"/>
  <experimental value="false"/>
  <date value="2025-02-01T19:23:09+01:00"/>
  <publisher value="HL7 Denmark"/>
  <contact>
    <name value="HL7 Denmark"/>
    <telecom>
      <system value="url"/>
      <value value="http://www.hl7.dk"/>
    </telecom>
    <telecom>
      <system value="email"/>
      <value value="jenskristianvilladsen@gmail.com"/>
    </telecom>
  </contact>
  <description value="Municipality codes as defined by https://danmarksadresser.dk/adressedata/kodelister/kommunekodeliste/ and https://sundhedsdatastyrelsen.dk/-/media/sds/filer/rammer-og-retningslinjer/patientregistrering/relaterede/kommuneklassifikation.pdf"/>
  <jurisdiction>
    <coding>
      <system value="urn:iso:std:iso:3166"/>
      <code value="DK"/>
      <display value="Denmark"/>
    </coding>
  </jurisdiction>
  <caseSensitive value="true"/>
  <content value="complete"/>
  <count value="99"/>
  <concept>
    <code value="0740"/>
    <display value="Silkeborg"/>
    <designation>
      <language value="da"/>
      <value value="Silkeborg"/>
    </designation>
  </concept>
  <concept>
    <code value="0741"/>
    <display value="Samsø"/>
    <designation>
      <language value="da"/>
      <value value="Samsø"/>
    </designation>
  </concept>
  <concept>
    <code value="0851"/>
    <display value="Aalborg"/>
    <designation>
      <language value="da"/>
      <value value="Aalborg"/>
    </designation>
  </concept>
  <concept>
    <code value="0746"/>
    <display value="Skanderborg"/>
    <designation>
      <language value="da"/>
      <value value="Skanderborg"/>
    </designation>
  </concept>
  <concept>
    <code value="0151"/>
    <display value="Ballerup"/>
    <designation>
      <language value="da"/>
      <value value="Ballerup"/>
    </designation>
  </concept>
  <concept>
    <code value="0260"/>
    <display value="Halsnæs"/>
    <designation>
      <language value="da"/>
      <value value="Halsnæs"/>
    </designation>
  </concept>
  <concept>
    <code value="0153"/>
    <display value="Brøndby"/>
    <designation>
      <language value="da"/>
      <value value="Brøndby"/>
    </designation>
  </concept>
  <concept>
    <code value="0370"/>
    <display value="Næstved"/>
    <designation>
      <language value="da"/>
      <value value="Næstved"/>
    </designation>
  </concept>
  <concept>
    <code value="0155"/>
    <display value="Dragør"/>
    <designation>
      <language value="da"/>
      <value value="Dragør"/>
    </designation>
  </concept>
  <concept>
    <code value="0480"/>
    <display value="Nordfyns"/>
    <designation>
      <language value="da"/>
      <value value="Nordfyns"/>
    </designation>
  </concept>
  <concept>
    <code value="0157"/>
    <display value="Gentofte"/>
    <designation>
      <language value="da"/>
      <value value="Gentofte"/>
    </designation>
  </concept>
  <concept>
    <code value="0265"/>
    <display value="Roskilde"/>
    <designation>
      <language value="da"/>
      <value value="Roskilde"/>
    </designation>
  </concept>
  <concept>
    <code value="0159"/>
    <display value="Gladsaxe"/>
    <designation>
      <language value="da"/>
      <value value="Gladsaxe"/>
    </designation>
  </concept>
  <concept>
    <code value="0376"/>
    <display value="Guldborgsund"/>
    <designation>
      <language value="da"/>
      <value value="Guldborgsund"/>
    </designation>
  </concept>
  <concept>
    <code value="0269"/>
    <display value="Solrød"/>
    <designation>
      <language value="da"/>
      <value value="Solrød"/>
    </designation>
  </concept>
  <concept>
    <code value="0482"/>
    <display value="Langeland"/>
    <designation>
      <language value="da"/>
      <value value="Langeland"/>
    </designation>
  </concept>
  <concept>
    <code value="0201"/>
    <display value="Allerød"/>
    <designation>
      <language value="da"/>
      <value value="Allerød"/>
    </designation>
  </concept>
  <concept>
    <code value="0420"/>
    <display value="Assens"/>
    <designation>
      <language value="da"/>
      <value value="Assens"/>
    </designation>
  </concept>
  <concept>
    <code value="0530"/>
    <display value="Billund"/>
    <designation>
      <language value="da"/>
      <value value="Billund"/>
    </designation>
  </concept>
  <concept>
    <code value="0316"/>
    <display value="Holbæk"/>
    <designation>
      <language value="da"/>
      <value value="Holbæk"/>
    </designation>
  </concept>
  <concept>
    <code value="0751"/>
    <display value="Aarhus"/>
    <designation>
      <language value="da"/>
      <value value="Aarhus"/>
    </designation>
  </concept>
  <concept>
    <code value="0860"/>
    <display value="Hjørring"/>
    <designation>
      <language value="da"/>
      <value value="Hjørring"/>
    </designation>
  </concept>
  <concept>
    <code value="0756"/>
    <display value="Ikast-Brande"/>
    <designation>
      <language value="da"/>
      <value value="Ikast-Brande"/>
    </designation>
  </concept>
  <concept>
    <code value="0161"/>
    <display value="Glostrup"/>
    <designation>
      <language value="da"/>
      <value value="Glostrup"/>
    </designation>
  </concept>
  <concept>
    <code value="0270"/>
    <display value="Gribskov"/>
    <designation>
      <language value="da"/>
      <value value="Gribskov"/>
    </designation>
  </concept>
  <concept>
    <code value="0163"/>
    <display value="Herlev"/>
    <designation>
      <language value="da"/>
      <value value="Herlev"/>
    </designation>
  </concept>
  <concept>
    <code value="0165"/>
    <display value="Albertslund"/>
    <designation>
      <language value="da"/>
      <value value="Albertslund"/>
    </designation>
  </concept>
  <concept>
    <code value="0167"/>
    <display value="Hvidovre"/>
    <designation>
      <language value="da"/>
      <value value="Hvidovre"/>
    </designation>
  </concept>
  <concept>
    <code value="0492"/>
    <display value="Ærø"/>
    <designation>
      <language value="da"/>
      <value value="Ærø"/>
    </designation>
  </concept>
  <concept>
    <code value="0169"/>
    <display value="Høje-Taastrup"/>
    <designation>
      <language value="da"/>
      <value value="Høje-Taastrup"/>
    </designation>
  </concept>
  <concept>
    <code value="0101"/>
    <display value="København"/>
    <designation>
      <language value="da"/>
      <value value="København"/>
    </designation>
  </concept>
  <concept>
    <code value="0210"/>
    <display value="Fredensborg"/>
    <designation>
      <language value="da"/>
      <value value="Fredensborg"/>
    </designation>
  </concept>
  <concept>
    <code value="0320"/>
    <display value="Faxe"/>
    <designation>
      <language value="da"/>
      <value value="Faxe"/>
    </designation>
  </concept>
  <concept>
    <code value="0430"/>
    <display value="Faaborg-Midtfyn"/>
    <designation>
      <language value="da"/>
      <value value="Faaborg-Midtfyn"/>
    </designation>
  </concept>
  <concept>
    <code value="0540"/>
    <display value="Sønderborg"/>
    <designation>
      <language value="da"/>
      <value value="Sønderborg"/>
    </designation>
  </concept>
  <concept>
    <code value="0217"/>
    <display value="Helsingør"/>
    <designation>
      <language value="da"/>
      <value value="Helsingør"/>
    </designation>
  </concept>
  <concept>
    <code value="0326"/>
    <display value="Kalundborg"/>
    <designation>
      <language value="da"/>
      <value value="Kalundborg"/>
    </designation>
  </concept>
  <concept>
    <code value="0219"/>
    <display value="Hillerød"/>
    <designation>
      <language value="da"/>
      <value value="Hillerød"/>
    </designation>
  </concept>
  <concept>
    <code value="0760"/>
    <display value="Ringkøbing-Skjern"/>
    <designation>
      <language value="da"/>
      <value value="Ringkøbing-Skjern"/>
    </designation>
  </concept>
  <concept>
    <code value="0329"/>
    <display value="Ringsted"/>
    <designation>
      <language value="da"/>
      <value value="Ringsted"/>
    </designation>
  </concept>
  <concept>
    <code value="0657"/>
    <display value="Herning"/>
    <designation>
      <language value="da"/>
      <value value="Herning"/>
    </designation>
  </concept>
  <concept>
    <code value="0766"/>
    <display value="Hedensted"/>
    <designation>
      <language value="da"/>
      <value value="Hedensted"/>
    </designation>
  </concept>
  <concept>
    <code value="0173"/>
    <display value="Lyngby-Taarbæk"/>
    <designation>
      <language value="da"/>
      <value value="Lyngby-Taarbæk"/>
    </designation>
  </concept>
  <concept>
    <code value="0390"/>
    <display value="Vordingborg"/>
    <designation>
      <language value="da"/>
      <value value="Vordingborg"/>
    </designation>
  </concept>
  <concept>
    <code value="0175"/>
    <display value="Rødovre"/>
    <designation>
      <language value="da"/>
      <value value="Rødovre"/>
    </designation>
  </concept>
  <concept>
    <code value="0810"/>
    <display value="Brønderslev"/>
    <designation>
      <language value="da"/>
      <value value="Brønderslev"/>
    </designation>
  </concept>
  <concept>
    <code value="0813"/>
    <display value="Frederikshavn"/>
    <designation>
      <language value="da"/>
      <value value="Frederikshavn"/>
    </designation>
  </concept>
  <concept>
    <code value="0706"/>
    <display value="Syddjurs"/>
    <designation>
      <language value="da"/>
      <value value="Syddjurs"/>
    </designation>
  </concept>
  <concept>
    <code value="0707"/>
    <display value="Norddjurs"/>
    <designation>
      <language value="da"/>
      <value value="Norddjurs"/>
    </designation>
  </concept>
  <concept>
    <code value="0330"/>
    <display value="Slagelse"/>
    <designation>
      <language value="da"/>
      <value value="Slagelse"/>
    </designation>
  </concept>
  <concept>
    <code value="0223"/>
    <display value="Hørsholm"/>
    <designation>
      <language value="da"/>
      <value value="Hørsholm"/>
    </designation>
  </concept>
  <concept>
    <code value="0440"/>
    <display value="Kerteminde"/>
    <designation>
      <language value="da"/>
      <value value="Kerteminde"/>
    </designation>
  </concept>
  <concept>
    <code value="0550"/>
    <display value="Tønder"/>
    <designation>
      <language value="da"/>
      <value value="Tønder"/>
    </designation>
  </concept>
  <concept>
    <code value="0336"/>
    <display value="Stevns"/>
    <designation>
      <language value="da"/>
      <value value="Stevns"/>
    </designation>
  </concept>
  <concept>
    <code value="0661"/>
    <display value="Holstebro"/>
    <designation>
      <language value="da"/>
      <value value="Holstebro"/>
    </designation>
  </concept>
  <concept>
    <code value="0665"/>
    <display value="Lemvig"/>
    <designation>
      <language value="da"/>
      <value value="Lemvig"/>
    </designation>
  </concept>
  <concept>
    <code value="0773"/>
    <display value="Morsø"/>
    <designation>
      <language value="da"/>
      <value value="Morsø"/>
    </designation>
  </concept>
  <concept>
    <code value="0779"/>
    <display value="Skive"/>
    <designation>
      <language value="da"/>
      <value value="Skive"/>
    </designation>
  </concept>
  <concept>
    <code value="0183"/>
    <display value="Ishøj"/>
    <designation>
      <language value="da"/>
      <value value="Ishøj"/>
    </designation>
  </concept>
  <concept>
    <code value="0185"/>
    <display value="Tårnby"/>
    <designation>
      <language value="da"/>
      <value value="Tårnby"/>
    </designation>
  </concept>
  <concept>
    <code value="0710"/>
    <display value="Favrskov"/>
    <designation>
      <language value="da"/>
      <value value="Favrskov"/>
    </designation>
  </concept>
  <concept>
    <code value="0187"/>
    <display value="Vallensbæk"/>
    <designation>
      <language value="da"/>
      <value value="Vallensbæk"/>
    </designation>
  </concept>
  <concept>
    <code value="0820"/>
    <display value="Vesthimmerland"/>
    <designation>
      <language value="da"/>
      <value value="Vesthimmerland"/>
    </designation>
  </concept>
  <concept>
    <code value="0607"/>
    <display value="Fredericia"/>
    <designation>
      <language value="da"/>
      <value value="Fredericia"/>
    </designation>
  </concept>
  <concept>
    <code value="0825"/>
    <display value="Læsø"/>
    <designation>
      <language value="da"/>
      <value value="Læsø"/>
    </designation>
  </concept>
  <concept>
    <code value="0230"/>
    <display value="Rudersdal"/>
    <designation>
      <language value="da"/>
      <value value="Rudersdal"/>
    </designation>
  </concept>
  <concept>
    <code value="0340"/>
    <display value="Sorø"/>
    <designation>
      <language value="da"/>
      <value value="Sorø"/>
    </designation>
  </concept>
  <concept>
    <code value="0450"/>
    <display value="Nyborg"/>
    <designation>
      <language value="da"/>
      <value value="Nyborg"/>
    </designation>
  </concept>
  <concept>
    <code value="0561"/>
    <display value="Esbjerg"/>
    <designation>
      <language value="da"/>
      <value value="Esbjerg"/>
    </designation>
  </concept>
  <concept>
    <code value="0563"/>
    <display value="Fanø"/>
    <designation>
      <language value="da"/>
      <value value="Fanø"/>
    </designation>
  </concept>
  <concept>
    <code value="0671"/>
    <display value="Struer"/>
    <designation>
      <language value="da"/>
      <value value="Struer"/>
    </designation>
  </concept>
  <concept>
    <code value="0190"/>
    <display value="Furesø"/>
    <designation>
      <language value="da"/>
      <value value="Furesø"/>
    </designation>
  </concept>
  <concept>
    <code value="0787"/>
    <display value="Thisted"/>
    <designation>
      <language value="da"/>
      <value value="Thisted"/>
    </designation>
  </concept>
  <concept>
    <code value="0615"/>
    <display value="Horsens"/>
    <designation>
      <language value="da"/>
      <value value="Horsens"/>
    </designation>
  </concept>
  <concept>
    <code value="0727"/>
    <display value="Odder"/>
    <designation>
      <language value="da"/>
      <value value="Odder"/>
    </designation>
  </concept>
  <concept>
    <code value="0240"/>
    <display value="Egedal"/>
    <designation>
      <language value="da"/>
      <value value="Egedal"/>
    </designation>
  </concept>
  <concept>
    <code value="0350"/>
    <display value="Lejre"/>
    <designation>
      <language value="da"/>
      <value value="Lejre"/>
    </designation>
  </concept>
  <concept>
    <code value="0461"/>
    <display value="Odense"/>
    <designation>
      <language value="da"/>
      <value value="Odense"/>
    </designation>
  </concept>
  <concept>
    <code value="0573"/>
    <display value="Varde"/>
    <designation>
      <language value="da"/>
      <value value="Varde"/>
    </designation>
  </concept>
  <concept>
    <code value="0575"/>
    <display value="Vejen"/>
    <designation>
      <language value="da"/>
      <value value="Vejen"/>
    </designation>
  </concept>
  <concept>
    <code value="0791"/>
    <display value="Viborg"/>
    <designation>
      <language value="da"/>
      <value value="Viborg"/>
    </designation>
  </concept>
  <concept>
    <code value="0400"/>
    <display value="Bornholm"/>
    <designation>
      <language value="da"/>
      <value value="Bornholm"/>
    </designation>
  </concept>
  <concept>
    <code value="0510"/>
    <display value="Haderslev"/>
    <designation>
      <language value="da"/>
      <value value="Haderslev"/>
    </designation>
  </concept>
  <concept>
    <code value="0621"/>
    <display value="Kolding"/>
    <designation>
      <language value="da"/>
      <value value="Kolding"/>
    </designation>
  </concept>
  <concept>
    <code value="0730"/>
    <display value="Randers"/>
    <designation>
      <language value="da"/>
      <value value="Randers"/>
    </designation>
  </concept>
  <concept>
    <code value="0840"/>
    <display value="Rebild"/>
    <designation>
      <language value="da"/>
      <value value="Rebild"/>
    </designation>
  </concept>
  <concept>
    <code value="0846"/>
    <display value="Mariagerfjord"/>
    <designation>
      <language value="da"/>
      <value value="Mariagerfjord"/>
    </designation>
  </concept>
  <concept>
    <code value="0250"/>
    <display value="Frederikssund"/>
    <designation>
      <language value="da"/>
      <value value="Frederikssund"/>
    </designation>
  </concept>
  <concept>
    <code value="0360"/>
    <display value="Lolland"/>
    <designation>
      <language value="da"/>
      <value value="Lolland"/>
    </designation>
  </concept>
  <concept>
    <code value="0253"/>
    <display value="Greve"/>
    <designation>
      <language value="da"/>
      <value value="Greve"/>
    </designation>
  </concept>
  <concept>
    <code value="0849"/>
    <display value="Jammerbugt"/>
    <designation>
      <language value="da"/>
      <value value="Jammerbugt"/>
    </designation>
  </concept>
  <concept>
    <code value="0147"/>
    <display value="Frederiksberg"/>
    <designation>
      <language value="da"/>
      <value value="Frederiksberg"/>
    </designation>
  </concept>
  <concept>
    <code value="0580"/>
    <display value="Aabenraa"/>
    <designation>
      <language value="da"/>
      <value value="Aabenraa"/>
    </designation>
  </concept>
  <concept>
    <code value="0259"/>
    <display value="Køge"/>
    <designation>
      <language value="da"/>
      <value value="Køge"/>
    </designation>
  </concept>
  <concept>
    <code value="0479"/>
    <display value="Svendborg"/>
    <designation>
      <language value="da"/>
      <value value="Svendborg"/>
    </designation>
  </concept>
  <concept>
    <code value="0410"/>
    <display value="Middelfart"/>
    <designation>
      <language value="da"/>
      <value value="Middelfart"/>
    </designation>
  </concept>
  <concept>
    <code value="0411"/>
    <display value="Christiansø"/>
    <designation>
      <language value="da"/>
      <value value="Christiansø"/>
    </designation>
  </concept>
  <concept>
    <code value="0306"/>
    <display value="Odsherred"/>
    <designation>
      <language value="da"/>
      <value value="Odsherred"/>
    </designation>
  </concept>
  <concept>
    <code value="0630"/>
    <display value="Vejle"/>
    <designation>
      <language value="da"/>
      <value value="Vejle"/>
    </designation>
  </concept>
</CodeSystem>