<?xml version="1.0" encoding="UTF-8"?>

<Condition xmlns="http://hl7.org/fhir">
  <id value="ElseGraviditet"/>
  <meta>
    <profile value="http://hl7.dk/fhir/core/StructureDefinition/dk-core-condition"/>
  </meta>
  <text>
    <status value="generated"/><div xmlns="http://www.w3.org/1999/xhtml"><p class="res-header-id"><b>Generated Narrative: Condition ElseGraviditet</b></p><a name="ElseGraviditet"> </a><a name="hcElseGraviditet"> </a><a name="ElseGraviditet-da-DK"> </a><p><b>clinicalStatus</b>: <span title="Codes:{http://terminology.hl7.org/CodeSystem/condition-clinical active}">Active</span></p><p><b>verificationStatus</b>: <span title="Codes:{http://terminology.hl7.org/CodeSystem/condition-ver-status confirmed}">Confirmed</span></p><p><b>category</b>: <span title="Codes:{http://terminology.hl7.org/CodeSystem/condition-category encounter-diagnosis}">Encounter Diagnosis</span></p><p><b>code</b>: <span title="Codes:{urn:oid:1.2.208.176.2.4.12 DZ340}">Graviditet, førstegangsfødende</span></p><p><b>subject</b>: <a href="Patient-else.html">Else Test Lauridsen (official) Female, DoB: 1991-02-02 ( urn:oid:1.2.208.176.1.2#0201919990)</a></p><p><b>recordedDate</b>: 2021-07-03</p></div>
  </text>
  <clinicalStatus>
    <coding>
      <system value="http://terminology.hl7.org/CodeSystem/condition-clinical"/>
      <code value="active"/>
    </coding>
  </clinicalStatus>
  <verificationStatus>
    <coding>
      <system value="http://terminology.hl7.org/CodeSystem/condition-ver-status"/>
      <code value="confirmed"/>
    </coding>
  </verificationStatus>
  <category>
    <coding>
      <system value="http://terminology.hl7.org/CodeSystem/condition-category"/>
      <code value="encounter-diagnosis"/>
    </coding>
  </category>
  <code>
    <coding>
      <system value="urn:oid:1.2.208.176.2.4.12"/>
      <code value="DZ340"/>
      <display value="Graviditet, førstegangsfødende"/>
    </coding>
  </code>
  <subject>
    <reference value="Patient/else"/>
  </subject>
  <recordedDate value="2021-07-03"/>
</Condition>