<?xml version="1.0" encoding="UTF-8"?>

<Condition xmlns="http://hl7.org/fhir">
  <id value="JohnMelanoma"/>
  <meta>
    <profile value="http://hl7.dk/fhir/core/StructureDefinition/dk-core-condition"/>
  </meta>
  <text>
    <status value="generated"/><div xmlns="http://www.w3.org/1999/xhtml"><p class="res-header-id"><b>Generated Narrative: Condition JohnMelanoma</b></p><a name="JohnMelanoma"> </a><a name="hcJohnMelanoma"> </a><div style="display: inline-block; background-color: #d9e0e7; padding: 6px; margin: 4px; border: 1px solid #8da1b4; border-radius: 5px; line-height: 60%"><p style="margin-bottom: 0px"/><p style="margin-bottom: 0px">Profile: <a href="StructureDefinition-dk-core-condition.html">Danish Core Condition Profile</a></p></div><p><b>clinicalStatus</b>: <span title="Codes:{http://terminology.hl7.org/CodeSystem/condition-clinical active}">Active</span></p><p><b>verificationStatus</b>: <span title="Codes:{http://terminology.hl7.org/CodeSystem/condition-ver-status unconfirmed}">Unconfirmed</span></p><p><b>category</b>: <span title="Codes:{http://terminology.hl7.org/CodeSystem/condition-category encounter-diagnosis}">Encounter Diagnosis</span></p><p><b>code</b>: <span title="Codes:{urn:oid:1.2.208.176.2.4.12 DC43}">Modermærkekræft i huden</span></p><p><b>subject</b>: <a href="Patient-john.html">Johnny Mand, DoB: 1960-01-02 ( urn:oid:1.2.208.176.1.2#0201609995)</a></p><p><b>recordedDate</b>: 2021-05-01</p><p><b>recorder</b>: <a href="Practitioner-AbrahamLaege.html">Practitioner Abraham Murakami</a></p><p><b>asserter</b>: <a href="Practitioner-AbrahamLaege.html">Practitioner Abraham Murakami</a></p></div>
  </text>
  <clinicalStatus>
    <coding>
      <system value="http://terminology.hl7.org/CodeSystem/condition-clinical"/>
      <code value="active"/>
    </coding>
  </clinicalStatus>
  <verificationStatus>
    <coding>
      <system value="http://terminology.hl7.org/CodeSystem/condition-ver-status"/>
      <code value="unconfirmed"/>
    </coding>
  </verificationStatus>
  <category>
    <coding>
      <system value="http://terminology.hl7.org/CodeSystem/condition-category"/>
      <code value="encounter-diagnosis"/>
    </coding>
  </category>
  <code>
    <coding>
      <system value="urn:oid:1.2.208.176.2.4.12"/>
      <code value="DC43"/>
      <display value="Modermærkekræft i huden"/>
    </coding>
  </code>
  <subject>
    <reference value="Patient/john"/>
  </subject>
  <recordedDate value="2021-05-01"/>
  <recorder>
    <reference value="Practitioner/AbrahamLaege"/>
  </recorder>
  <asserter>
    <reference value="Practitioner/AbrahamLaege"/>
  </asserter>
</Condition>