<?xml version="1.0" encoding="UTF-8"?>

<Observation xmlns="http://hl7.org/fhir">
  <id value="ElsePainVRS"/>
  <meta>
    <profile value="http://hl7.dk/fhir/core/StructureDefinition/dk-core-observation"/>
  </meta>
  <text>
    <status value="generated"/><div xmlns="http://www.w3.org/1999/xhtml"><p class="res-header-id"><b>Generated Narrative: Observation ElsePainVRS</b></p><a name="ElsePainVRS"> </a><a name="hcElsePainVRS"> </a><a name="ElsePainVRS-da-DK"> </a><p><b>status</b>: Final</p><p><b>code</b>: <span title="Codes:{http://snomed.info/sct 1144798005}">Verbal Rating Scale pain intensity score</span></p><p><b>subject</b>: <a href="Patient-else.html">Else Test Lauridsen(official) Female, DoB: 1991-02-02 ( urn:oid:1.2.208.176.1.2#0201919990)</a></p><p><b>effective</b>: 2020-06-01</p><p><b>value</b>: <span title="Codes:{http://localSystem.dk d253770d-ce0b-4320-9806-b8fbe9e5af8a}, {http://snomed.info/sct 76948002}">Severe pain (finding)</span></p></div>
  </text>
  <status value="final"/>
  <code>
    <coding>
      <system value="http://snomed.info/sct"/>
      <version value="http://snomed.info/sct/554471000005108"/>
      <code value="1144798005"/>
      <display value="Verbal Rating Scale pain intensity score"/>
    </coding>
  </code>
  <subject>
    <reference value="Patient/else"/>
  </subject>
  <effectiveDateTime value="2020-06-01"/>
  <valueCodeableConcept>
    <coding>
      <system value="http://localSystem.dk"/>
      <code value="d253770d-ce0b-4320-9806-b8fbe9e5af8a"/>
      <userSelected value="true"/>
    </coding>
    <coding>
      <system value="http://snomed.info/sct"/>
      <version value="http://snomed.info/sct/554471000005108"/>
      <code value="76948002"/>
      <display value="Severe pain (finding)"/>
    </coding>
  </valueCodeableConcept>
</Observation>