<?xml version="1.0" encoding="UTF-8"?>

<Organization xmlns="http://hl7.org/fhir">
  <id value="CenterForDiabetes"/>
  <meta>
    <profile value="http://hl7.dk/fhir/core/StructureDefinition/dk-core-organization"/>
  </meta>
  <text>
    <status value="generated"/><div xmlns="http://www.w3.org/1999/xhtml"><p class="res-header-id"><b>Generated Narrative: Organization CenterForDiabetes</b></p><a name="CenterForDiabetes"> </a><a name="hcCenterForDiabetes"> </a><a name="CenterForDiabetes-da-DK"> </a><p><b>identifier</b>: <code>urn:oid:1.2.208.176.1.1</code>/633271000016006, <code>http://cvr.dk</code>/64942212</p><p><b>type</b>: <span title="Codes:{http://snomed.info/sct 264361005}">HC - Health centre</span></p></div>
  </text>
  <identifier>
    <system value="urn:oid:1.2.208.176.1.1"/>
    <value value="633271000016006"/>
  </identifier>
  <identifier>
    <system value="http://cvr.dk"/>
    <value value="64942212"/>
  </identifier>
  <type>
    <coding>
      <system value="http://snomed.info/sct"/>
      <version value="http://snomed.info/sct/554471000005108"/>
      <code value="264361005"/>
    </coding>
  </type>
</Organization>