<?xml version="1.0" encoding="UTF-8"?>

<Patient xmlns="http://hl7.org/fhir">
  <id value="else"/>
  <meta>
    <profile value="http://hl7.dk/fhir/core/StructureDefinition/dk-core-patient"/>
  </meta>
  <text>
    <status value="generated"/><div xmlns="http://www.w3.org/1999/xhtml"><p style="border: 1px #661aff solid; background-color: #e6e6ff; padding: 10px;"><b>Else Test Lauridsen (OFFICIAL)</b> female, DoB: 1991-02-02 ( id: 0201919990)</p><hr/><table class="grid"><tr><td style="background-color: #f3f5da" title="Known Marital status of Patient">Marital Status:</td><td colspan="3"><span title="Codes: {http://terminology.hl7.org/CodeSystem/v3-MaritalStatus M}">Married</span></td></tr></table></div>
  </text>
  <identifier>
    <system value="urn:oid:1.2.208.176.1.2"/>
    <value value="0201919990"/>
  </identifier>
  <name>
    <use value="official"/>
    <family value="Lauridsen"/>
    <given value="Else"/>
    <given value="Test"/>
  </name>
  <gender value="female"/>
  <birthDate value="1991-02-02"/>
  <maritalStatus>
    <coding>
      <system value="http://terminology.hl7.org/CodeSystem/v3-MaritalStatus"/>
      <code value="M"/>
      <display value="Married"/>
    </coding>
  </maritalStatus>
</Patient>