<?xml version="1.0" encoding="UTF-8"?>

<Patient xmlns="http://hl7.org/fhir">
  <id value="Poul"/>
  <meta>
    <profile value="http://hl7.dk/fhir/core/StructureDefinition/dk-core-patient"/>
    <profile value="http://hl7.org/fhir/uv/phd/StructureDefinition/PhdPatient"/>
  </meta>
  <text>
    <status value="generated"/><div xmlns="http://www.w3.org/1999/xhtml"><p class="res-header-id"><b>Generated Narrative: Patient Poul</b></p><a name="Poul"> </a><a name="hcPoul"> </a><div style="display: inline-block; background-color: #d9e0e7; padding: 6px; margin: 4px; border: 1px solid #8da1b4; border-radius: 5px; line-height: 60%"><p style="margin-bottom: 0px"/><p style="margin-bottom: 0px">Profiles: <a href="StructureDefinition-dk-core-patient.html">Danish Core Patient Profile</a>, <a href="http://hl7.org/fhir/uv/phd/STU1.1/StructureDefinition-PhdPatient.html">PhdPatient</a></p></div><p style="border: 1px #661aff solid; background-color: #e6e6ff; padding: 10px;">Poul Hansen (no stated gender), DoB Unknown ( National unique individual identifier)</p><hr/></div>
  </text>
  <identifier>
    <type>
      <coding>
        <system value="http://terminology.hl7.org/CodeSystem/v2-0203"/>
        <code value="NI"/>
      </coding>
    </type>
    <system value="urn:oid:1.2.208.176.1.2"/>
    <value value="3001749995"/>
  </identifier>
  <name>
    <text value="Poul Hansen"/>
    <family value="Hansen"/>
    <given value="Poul"/>
  </name>
</Patient>