<?xml version="1.0" encoding="UTF-8"?>

<Patient xmlns="http://hl7.org/fhir">
  <id value="john"/>
  <meta>
    <profile value="http://hl7.dk/fhir/core/StructureDefinition/dk-core-patient"/>
  </meta>
  <text>
    <status value="generated"/><div xmlns="http://www.w3.org/1999/xhtml"><p class="res-header-id"><b>Generated Narrative: Patient john</b></p><a name="john"> </a><a name="hcjohn"> </a><a name="john-da-DK"> </a><p style="border: 1px #661aff solid; background-color: #e6e6ff; padding: 10px;">Johnny Male, DoB: 1960-01-02 ( urn:oid:1.2.208.176.1.2#0201609995)</p><hr/><table class="grid"><tr><td style="background-color: #f3f5da" title="Alternate names (see the one above)">Alt. Name:</td><td colspan="3">Mr. John Christian Meyerhofen(Official)</td></tr><tr><td style="background-color: #f3f5da" title="Patient Links">Links:</td><td colspan="3"><ul><li>General Practitioner: Charlottenlund Lægehus (Identifier: <code>urn:oid:1.2.208.176.1.1</code>/487341000016005)</li></ul></td></tr></table></div>
  </text>
  <identifier>
    <system value="urn:oid:1.2.208.176.1.2"/>
    <value value="0201609995"/>
  </identifier>
  <name>
    <use value="official"/>
    <text value="Mr. John Christian Meyerhofen"/>
    <family value="Meyerhofen"/>
    <given value="John"/>
    <given value="Christian"/>
    <prefix value="Mr"/>
  </name>
  <name>
    <use value="usual"/>
    <text value="Johnny"/>
    <given value="Johnny"/>
  </name>
  <gender value="male"/>
  <birthDate value="1960-01-02"/>
  <generalPractitioner>
    <identifier>
      <system value="urn:oid:1.2.208.176.1.1"/>
      <value value="487341000016005"/>
    </identifier>
    <display value="Charlottenlund Lægehus"/>
  </generalPractitioner>
</Patient>