<?xml version="1.0" encoding="UTF-8"?>

<Patient xmlns="http://hl7.org/fhir">
  <id value="ukendt"/>
  <meta>
    <profile value="http://hl7.dk/fhir/core/StructureDefinition/dk-core-patient"/>
  </meta>
  <text>
    <status value="generated"/><div xmlns="http://www.w3.org/1999/xhtml"><p class="res-header-id"><b>Generated Narrative: Patient ukendt</b></p><a name="ukendt"> </a><a name="hcukendt"> </a><div style="display: inline-block; background-color: #d9e0e7; padding: 6px; margin: 4px; border: 1px solid #8da1b4; border-radius: 5px; line-height: 60%"><p style="margin-bottom: 0px"/><p style="margin-bottom: 0px">Profile: <a href="StructureDefinition-dk-core-patient.html">Danish Core Patient Profile</a></p></div><p style="border: 1px #661aff solid; background-color: #e6e6ff; padding: 10px;">Anders(temp) Mand, DoB: 1983-06-07 ( http://rn.dk#0706830VJ9)</p><hr/></div>
  </text>
  <identifier>
    <system value="http://rn.dk"/>
    <value value="0706830VJ9"/>
  </identifier>
  <name>
    <use value="temp"/>
    <text value="Anders"/>
    <family>
      <extension url="http://hl7.org/fhir/StructureDefinition/data-absent-reason">
        <valueCode value="unknown"/>
      </extension>
    </family>
    <given value="Anders"/>
  </name>
  <gender value="male"/>
  <birthDate value="1983-06-07"/>
</Patient>