<?xml version="1.0" encoding="UTF-8"?>

<RelatedPerson xmlns="http://hl7.org/fhir">
  <id value="TwoRelations"/>
  <meta>
    <profile value="http://hl7.dk/fhir/core/StructureDefinition/dk-core-related-person"/>
  </meta>
  <text>
    <status value="generated"/><div xmlns="http://www.w3.org/1999/xhtml"><p class="res-header-id"><b>Generated Narrative: RelatedPerson TwoRelations</b></p><a name="TwoRelations"> </a><a name="hcTwoRelations"> </a><a name="TwoRelations-da-DK"> </a><p><b>identifier</b>: <code>urn:oid:1.2.208.176.1.2</code>/0201919996</p><p><b>patient</b>: <a href="Patient-283.html">Schwendlund Test Mosebryggersen (official) Male, DoB: 1958-08-01 ( urn:oid:1.2.208.176.1.2#0108589995 (use: official, ))</a></p><p><b>relationship</b>: <span title="Codes:{http://terminology.hl7.org/CodeSystem/v3-RoleCode NBOR}">neighbor</span>, <span title="Codes:{http://hl7.dk/fhir/core/CodeSystem/dk-relatedperson-relationshipcodes PRICARE}">Primary caretaker</span></p><p><b>name</b>: Ellen Louise Test Lauridsen (Official)</p><p><b>gender</b>: Female</p><p><b>birthDate</b>: 1991-01-02</p></div>
  </text>
  <identifier>
    <system value="urn:oid:1.2.208.176.1.2"/>
    <value value="0201919996"/>
  </identifier>
  <patient>
    <reference value="Patient/283"/>
  </patient>
  <relationship>
    <coding>
      <system value="http://terminology.hl7.org/CodeSystem/v3-RoleCode"/>
      <code value="NBOR"/>
    </coding>
  </relationship>
  <relationship>
    <coding>
      <system value="http://hl7.dk/fhir/core/CodeSystem/dk-relatedperson-relationshipcodes"/>
      <code value="PRICARE"/>
    </coding>
  </relationship>
  <name>
    <use value="official"/>
    <family value="Lauridsen"/>
    <given value="Ellen Louise Test"/>
  </name>
  <gender value="female"/>
  <birthDate value="1991-01-02"/>
</RelatedPerson>