{
  "resourceType" : "CodeSystem",
  "id" : "ae76690a-fb2f-4849-99ee-c823bc2d353f-5",
  "url" : "http://hl7.org/fhir/comparison/CodeSystem/ae76690a-fb2f-4849-99ee-c823bc2d353f-5",
  "name" : "UnionAddressTypeAndAddressType",
  "title" : "Union of DK Address Type And DK Address Type",
  "status" : "active",
  "date" : "2024-05-06T15:28:49+02:00",
  "jurisdiction" : [{
    "coding" : [{
      "system" : "urn:iso:std:iso:3166",
      "code" : "DK",
      "display" : "Denmark"
    }]
  }],
  "concept" : [{
    "code" : "postal",
    "designation" : [{
      "language" : "da",
      "use" : {
        "system" : "http://snomed.info/sct",
        "code" : "900000000000013009"
      },
      "value" : "Post"
    }]
  },
  {
    "code" : "physical",
    "designation" : [{
      "language" : "da",
      "use" : {
        "system" : "http://snomed.info/sct",
        "code" : "900000000000013009"
      },
      "value" : "Fysisk"
    }]
  },
  {
    "code" : "both",
    "designation" : [{
      "language" : "da",
      "use" : {
        "system" : "http://snomed.info/sct",
        "code" : "900000000000013009"
      },
      "value" : "Post & fysisk"
    }]
  }]
}