{
  "resourceType" : "CodeSystem",
  "id" : "ae76690a-fb2f-4849-99ee-c823bc2d353f-39",
  "url" : "http://hl7.org/fhir/comparison/CodeSystem/ae76690a-fb2f-4849-99ee-c823bc2d353f-39",
  "name" : "IntersectionEpisodeOfCareStatusAndEpisodeOfCareStatus",
  "title" : "Intersection of DK Episode Of Care Status And DK Episode Of Care Status",
  "status" : "active",
  "date" : "2024-05-06T15:28:49+02:00",
  "jurisdiction" : [{
    "coding" : [{
      "system" : "urn:iso:std:iso:3166",
      "code" : "DK",
      "display" : "Denmark"
    }]
  }],
  "concept" : [{
    "code" : "planned",
    "designation" : [{
      "language" : "da",
      "use" : {
        "system" : "http://snomed.info/sct",
        "code" : "900000000000013009"
      },
      "value" : "Planlagt"
    }]
  },
  {
    "code" : "waitlist",
    "designation" : [{
      "language" : "da",
      "use" : {
        "system" : "http://snomed.info/sct",
        "code" : "900000000000013009"
      },
      "value" : "Venteliste"
    }]
  },
  {
    "code" : "active",
    "designation" : [{
      "language" : "da",
      "use" : {
        "system" : "http://snomed.info/sct",
        "code" : "900000000000013009"
      },
      "value" : "Aktiv"
    }]
  },
  {
    "code" : "onhold",
    "designation" : [{
      "language" : "da",
      "use" : {
        "system" : "http://snomed.info/sct",
        "code" : "900000000000013009"
      },
      "value" : "Pauseret"
    }]
  },
  {
    "code" : "finished",
    "designation" : [{
      "language" : "da",
      "use" : {
        "system" : "http://snomed.info/sct",
        "code" : "900000000000013009"
      },
      "value" : "Færdig"
    }]
  },
  {
    "code" : "cancelled",
    "designation" : [{
      "language" : "da",
      "use" : {
        "system" : "http://snomed.info/sct",
        "code" : "900000000000013009"
      },
      "value" : "Annulleret"
    }]
  },
  {
    "code" : "entered-in-error",
    "designation" : [{
      "language" : "da",
      "use" : {
        "system" : "http://snomed.info/sct",
        "code" : "900000000000013009"
      },
      "value" : "Fejlindtastning"
    }]
  }]
}