{
  "resourceType" : "ValueSet",
  "id" : "ae76690a-fb2f-4849-99ee-c823bc2d353f-111",
  "url" : "http://hl7.org/fhir/comparison/ValueSet/ae76690a-fb2f-4849-99ee-c823bc2d353f-111",
  "name" : "IntersectionDkCoreProfessionGroupValueSetAndDkCoreProfessionGroupValueSet",
  "title" : "Intersection of DK Profession Group And DK Profession Group",
  "status" : "active",
  "date" : "2024-05-06T15:28:49+02:00",
  "jurisdiction" : [{
    "coding" : [{
      "system" : "urn:iso:std:iso:3166",
      "code" : "DK",
      "display" : "Denmark"
    }]
  }]
}