<?xml version="1.0" encoding="UTF-8"?>

<RelatedPerson xmlns="http://hl7.org/fhir">
  <id value="TwoRelations"/>
  <meta>
    <profile value="http://hl7.dk/fhir/core/StructureDefinition/dk-core-related-person"/>
  </meta>
  <text>
    <status value="generated"/><div xmlns="http://www.w3.org/1999/xhtml"><p><b>Generated Narrative: RelatedPerson</b><a name="TwoRelations"> </a><a name="hcTwoRelations"> </a></p><div style="display: inline-block; background-color: #d9e0e7; padding: 6px; margin: 4px; border: 1px solid #8da1b4; border-radius: 5px; line-height: 60%"><p style="margin-bottom: 0px">Resource RelatedPerson &quot;TwoRelations&quot; </p><p style="margin-bottom: 0px">Profile: <a href="StructureDefinition-dk-core-related-person.html">Danish Core Related Person Profile</a></p></div><p><b>identifier</b>: <code>urn:oid:1.2.208.176.1.2</code>/0201919996</p><p><b>patient</b>: <a href="Patient-283.html">Patient/283</a> &quot; MOSEBRYGGERSEN&quot;</p><p><b>relationship</b>: neighbor <span style="background: LightGoldenRodYellow; margin: 4px; border: 1px solid khaki"> (<a href="http://terminology.hl7.org/5.5.0/CodeSystem-v3-RoleCode.html">RoleCode</a>#NBOR)</span>, Primary caretaker <span style="background: LightGoldenRodYellow; margin: 4px; border: 1px solid khaki"> (<a href="CodeSystem-dk-relatedperson-relationshipcodes.html">DK Related Person Relationship Codes</a>#PRICARE)</span></p><p><b>name</b>: Ellen Louise Test Lauridsen (Official)</p><p><b>gender</b>: female</p><p><b>birthDate</b>: 1991-01-02</p></div>
  </text>
  <identifier>
    <system value="urn:oid:1.2.208.176.1.2"/>
    <value value="0201919996"/>
  </identifier>
  <patient>
    <reference value="Patient/283"/>
  </patient>
  <relationship>
    <coding>
      <system value="http://terminology.hl7.org/CodeSystem/v3-RoleCode"/>
      <code value="NBOR"/>
    </coding>
  </relationship>
  <relationship>
    <coding>
      <system value="http://hl7.dk/fhir/core/CodeSystem/dk-relatedperson-relationshipcodes"/>
      <code value="PRICARE"/>
    </coding>
  </relationship>
  <name>
    <use value="official"/>
    <family value="Lauridsen"/>
    <given value="Ellen Louise Test"/>
  </name>
  <gender value="female"/>
  <birthDate value="1991-01-02"/>
</RelatedPerson>