{"resourceType":"ValueSet","id":"dk-core-RelatedPersonRelationshipTypes","text":{"status":"extensions","div":"<div xmlns=\"http://www.w3.org/1999/xhtml\"><p class=\"res-header-id\"><b>Generated Narrative: ValueSet dk-core-RelatedPersonRelationshipTypes</b></p><a name=\"dk-core-RelatedPersonRelationshipTypes\"> </a><a name=\"hcdk-core-RelatedPersonRelationshipTypes\"> </a><p>This value set includes codes based on the following rules:</p><ul><li>Include these codes as defined in <a href=\"http://terminology.hl7.org/7.0.1/CodeSystem-v3-RoleCode.html\"><code>http://terminology.hl7.org/CodeSystem/v3-RoleCode</code></a><span title=\"Version is not explicitly stated, which means it is fixed to 3.0.0, the version found through the package references\"> version &#x1F4E6;3.0.0</span><table class=\"none\"><tr><td style=\"white-space:nowrap\"><b>Code</b></td><td><b>Display</b></td><td><b>Definition</b></td></tr><tr><td><code>FAMMEMB</code></td><td style=\"color: #cccccc\">family member</td><td>A relationship between two people characterizing their &quot;familial&quot; relationship</td></tr><tr><td><code>CHILD</code></td><td style=\"color: #cccccc\">child</td><td>The player of the role is a child of the scoping entity.</td></tr><tr><td><code>DAUC</code></td><td style=\"color: #cccccc\">daughter</td><td>**Description:** The player of the role is a female child (of any type) of scoping entity (parent)</td></tr><tr><td><code>SONC</code></td><td style=\"color: #cccccc\">son</td><td>**Description:** The player of the role is a male child (of any type) of scoping entity (parent)</td></tr><tr><td><code>GRNDCHILD</code></td><td style=\"color: #cccccc\">grandchild</td><td>The player of the role is a child of the scoping person's son or daughter.</td></tr><tr><td><code>CHLDINLAW</code></td><td style=\"color: #cccccc\">child-in-law</td><td>The player of the role is the spouse of scoping person's child.</td></tr><tr><td><code>PRN</code></td><td style=\"color: #cccccc\">parent</td><td>The player of the role is one who begets, gives birth to, or nurtures and raises the scoping entity (child).</td></tr><tr><td><code>FTH</code></td><td style=\"color: #cccccc\">father</td><td>The player of the role is a male who begets or raises or nurtures the scoping entity (child).</td></tr><tr><td><code>MTH</code></td><td style=\"color: #cccccc\">mother</td><td>The player of the role is a female who conceives, gives birth to, or raises and nurtures the scoping entity (child).</td></tr><tr><td><code>SIB</code></td><td style=\"color: #cccccc\">sibling</td><td>The player of the role shares one or both parents in common with the scoping entity.</td></tr><tr><td><code>DOMPART</code></td><td style=\"color: #cccccc\">domestic partner</td><td>The player of the role cohabits with the scoping person but is not the scoping person's spouse.</td></tr><tr><td><code>SPS</code></td><td style=\"color: #cccccc\">spouse</td><td>The player of the role is a marriage partner of the scoping person.</td></tr><tr><td><code>FRND</code></td><td style=\"color: #cccccc\">unrelated friend</td><td>The player of the role is a person who is known, liked, and trusted by the scoping person.</td></tr><tr><td><code>NBOR</code></td><td style=\"color: #cccccc\">neighbor</td><td>The player of the role lives near or next to the scoping person.</td></tr><tr><td><code>ROOM</code></td><td style=\"color: #cccccc\">Roommate</td><td>One who shares living quarters with the subject.</td></tr><tr><td><code>GUARD</code></td><td style=\"color: #cccccc\">guardian</td><td>The role played by a person or institution legally empowered with responsibility for the care of a ward.</td></tr><tr><td><code>NOK</code></td><td style=\"color: #cccccc\">next of kin</td><td>Played by an individual who is designated as the next of kin for another individual which scopes the role.</td></tr><tr><td><code>POWATT</code></td><td style=\"color: #cccccc\">power of attorney</td><td>A relationship between two people in which one person authorizes another to act for him in a manner which is a legally binding upon the person giving such authority as if he or she personally were to do the acts.</td></tr><tr><td><code>ECON</code></td><td style=\"color: #cccccc\">emergency contact</td><td>A contact designated for contact in emergent situations.</td></tr></table></li><li>Include all codes defined in <a href=\"CodeSystem-dk-relatedperson-relationshipcodes.html\"><code>http://hl7.dk/fhir/core/CodeSystem/dk-relatedperson-relationshipcodes</code></a><span title=\"Version is not explicitly stated, which means it is fixed to the version provided in this specification\"> version &#x1F4E6;3.5.0</span></li></ul></div>"},"url":"http://hl7.dk/fhir/core/ValueSet/dk-core-RelatedPersonRelationshipTypes","version":"3.5.0","name":"RelatedPersonRelationshipTypes","title":"DK Related Person Relationship Types","status":"active","experimental":false,"date":"2025-12-19T17:20:16+01:00","publisher":"HL7 Denmark","contact":[{"name":"HL7 Denmark","telecom":[{"system":"url","value":"http://www.hl7.dk"},{"system":"email","value":"dk-affiliate@hl7.dk"}]}],"description":"DK Related Person Relationship Types","jurisdiction":[{"coding":[{"system":"urn:iso:std:iso:3166","code":"DK","display":"Denmark"}]}],"compose":{"include":[{"system":"http://terminology.hl7.org/CodeSystem/v3-RoleCode","concept":[{"code":"FAMMEMB"},{"code":"CHILD"},{"code":"DAUC"},{"code":"SONC"},{"code":"GRNDCHILD"},{"code":"CHLDINLAW"},{"code":"PRN"},{"code":"FTH"},{"code":"MTH"},{"code":"SIB"},{"code":"DOMPART"},{"code":"SPS"},{"code":"FRND"},{"code":"NBOR"},{"code":"ROOM"},{"code":"GUARD"},{"code":"NOK"},{"code":"POWATT"},{"code":"ECON"}]},{"system":"http://hl7.dk/fhir/core/CodeSystem/dk-relatedperson-relationshipcodes"}]}}