{"resourceType":"ValueSet","id":"dk-core-servicerequest-codes","text":{"status":"generated","div":"<div xmlns=\"http://www.w3.org/1999/xhtml\"><p class=\"res-header-id\"><b>Generated Narrative: ValueSet dk-core-servicerequest-codes</b></p><a name=\"dk-core-servicerequest-codes\"> </a><a name=\"hcdk-core-servicerequest-codes\"> </a><ul><li>Include these codes as defined in <a href=\"http://www.snomed.org/\"><code>http://snomed.info/sct</code></a><span title=\"Version is explicitly stated to be http://snomed.info/sct/554471000005108\"> version &#x1F4CD;</span><table class=\"none\"><tr><td style=\"white-space:nowrap\"><b>Code</b></td><td><b>Display</b></td><td><b>Dansk (Danish, da)</b></td></tr><tr><td><a href=\"http://snomed.info/id/773568002\">773568002</a></td><td style=\"color: #cccccc\">akutmedicin</td><td>akutmedicin</td></tr><tr><td><a href=\"http://snomed.info/id/408443003\">408443003</a></td><td style=\"color: #cccccc\">almen medicin</td><td>almen medicin</td></tr><tr><td><a href=\"http://snomed.info/id/394577000\">394577000</a></td><td style=\"color: #cccccc\">anæstesiologi</td><td>anæstesiologi</td></tr><tr><td><a href=\"http://snomed.info/id/394821009\">394821009</a></td><td style=\"color: #cccccc\">arbejdsmedicin</td><td></td></tr><tr><td><a href=\"http://snomed.info/id/394588006\">394588006</a></td><td style=\"color: #cccccc\">børne- og ungdomspsykiatri</td><td>børne- og ungdomspsykiatri</td></tr><tr><td><a href=\"http://snomed.info/id/394582007\">394582007</a></td><td style=\"color: #cccccc\">dermato-venerologi</td><td>dermato-venerologi</td></tr><tr><td><a href=\"http://snomed.info/id/394914008\">394914008</a></td><td style=\"color: #cccccc\">diagnostisk radiologi</td><td>diagnostisk radiologi</td></tr><tr><td><a href=\"http://snomed.info/id/394583002\">394583002</a></td><td style=\"color: #cccccc\">endokrinologi</td><td>endokrinologi</td></tr><tr><td><a href=\"http://snomed.info/id/394811001\">394811001</a></td><td style=\"color: #cccccc\">geriatri</td><td>geriatri</td></tr><tr><td><a href=\"http://snomed.info/id/394585009\">394585009</a></td><td style=\"color: #cccccc\">gynækologi og obstetrik</td><td>gynækologi og obstetrik</td></tr><tr><td><a href=\"http://snomed.info/id/408472002\">408472002</a></td><td style=\"color: #cccccc\">hepatologi</td><td>hepatologi</td></tr><tr><td><a href=\"http://snomed.info/id/394803006\">394803006</a></td><td style=\"color: #cccccc\">hæmatologi</td><td>hæmatologi</td></tr><tr><td><a href=\"http://snomed.info/id/394807007\">394807007</a></td><td style=\"color: #cccccc\">infektionsmedicin</td><td>infektionsmedicin</td></tr><tr><td><a href=\"http://snomed.info/id/419192003\">419192003</a></td><td style=\"color: #cccccc\">intern medicin</td><td>intern medicin</td></tr><tr><td><a href=\"http://snomed.info/id/394579002\">394579002</a></td><td style=\"color: #cccccc\">kardiologi</td><td>kardiologi</td></tr><tr><td><a href=\"http://snomed.info/id/408463005\">408463005</a></td><td style=\"color: #cccccc\">karkirurgi</td><td>karkirurgi</td></tr><tr><td><a href=\"http://snomed.info/id/394609007\">394609007</a></td><td style=\"color: #cccccc\">kirurgi</td><td>kirurgi</td></tr><tr><td><a href=\"http://snomed.info/id/551411000005104\">551411000005104</a></td><td style=\"color: #cccccc\">kirurgisk gastroenterologi</td><td>kirurgisk gastroenterologi</td></tr><tr><td><a href=\"http://snomed.info/id/394596001\">394596001</a></td><td style=\"color: #cccccc\">klinisk biokemi</td><td>klinisk biokemi</td></tr><tr><td><a href=\"http://snomed.info/id/394600006\">394600006</a></td><td style=\"color: #cccccc\">klinisk farmakologi</td><td>klinisk farmakologi</td></tr><tr><td><a href=\"http://snomed.info/id/394601005\">394601005</a></td><td style=\"color: #cccccc\">klinisk fysiologi og nuklearmedicin (snomed:  klinisk fysiologi)</td><td>klinisk fysiologi og nuklearmedicin (snomed:  klinisk fysiologi)</td></tr><tr><td><a href=\"http://snomed.info/id/394580004\">394580004</a></td><td style=\"color: #cccccc\">klinisk genetik</td><td>klinisk genetik</td></tr><tr><td><a href=\"http://snomed.info/id/421661004\">421661004</a></td><td style=\"color: #cccccc\">klinisk immunologi</td><td>klinisk immunologi</td></tr><tr><td><a href=\"http://snomed.info/id/408454008\">408454008</a></td><td style=\"color: #cccccc\">klinisk mikrobiologi</td><td>klinisk mikrobiologi</td></tr><tr><td><a href=\"http://snomed.info/id/394809005\">394809005</a></td><td style=\"color: #cccccc\">klinisk neurofysiologi</td><td>klinisk neurofysiologi</td></tr><tr><td><a href=\"http://snomed.info/id/394592004\">394592004</a></td><td style=\"color: #cccccc\">klinisk onkologi</td><td>klinisk onkologi</td></tr><tr><td><a href=\"http://snomed.info/id/418112009\">418112009</a></td><td style=\"color: #cccccc\">lungesygdomme</td><td>lungesygdomme</td></tr><tr><td><a href=\"http://snomed.info/id/394805004\">394805004</a></td><td style=\"color: #cccccc\">medicinsk allergologi</td><td>medicinsk allergologi</td></tr><tr><td><a href=\"http://snomed.info/id/394584008\">394584008</a></td><td style=\"color: #cccccc\">medicinsk gastroenterologi</td><td>medicinsk gastroenterologi</td></tr><tr><td><a href=\"http://snomed.info/id/394589003\">394589003</a></td><td style=\"color: #cccccc\">nefrologi</td><td>nefrologi</td></tr><tr><td><a href=\"http://snomed.info/id/394610002\">394610002</a></td><td style=\"color: #cccccc\">neurokirurgi</td><td>neurokirurgi</td></tr><tr><td><a href=\"http://snomed.info/id/394591006\">394591006</a></td><td style=\"color: #cccccc\">neurologi</td><td>neurologi</td></tr><tr><td><a href=\"http://snomed.info/id/394812008\">394812008</a></td><td style=\"color: #cccccc\">Dental medicine specialties (qualifier value)</td><td>odontologi (snomed: odontologiske specialer)</td></tr><tr><td><a href=\"http://snomed.info/id/394594003\">394594003</a></td><td style=\"color: #cccccc\">oftalmologi</td><td>oftalmologi</td></tr><tr><td><a href=\"http://snomed.info/id/394608004\">394608004</a></td><td style=\"color: #cccccc\">ortodonti</td><td>ortodonti</td></tr><tr><td><a href=\"http://snomed.info/id/394801008\">394801008</a></td><td style=\"color: #cccccc\">ortopædisk kirurgi</td><td>ortopædisk kirurgi</td></tr><tr><td><a href=\"http://snomed.info/id/394604002\">394604002</a></td><td style=\"color: #cccccc\">oto-rhino-laryngologi</td><td>oto-rhino-laryngologi</td></tr><tr><td><a href=\"http://snomed.info/id/394915009\">394915009</a></td><td style=\"color: #cccccc\">patologisk anatomi og cytologi</td><td>patologisk anatomi og cytologi</td></tr><tr><td><a href=\"http://snomed.info/id/394611003\">394611003</a></td><td style=\"color: #cccccc\">plastikkirurgi</td><td>plastikkirurgi</td></tr><tr><td><a href=\"http://snomed.info/id/394587001\">394587001</a></td><td style=\"color: #cccccc\">psykiatri</td><td>psykiatri</td></tr><tr><td><a href=\"http://snomed.info/id/394537008\">394537008</a></td><td style=\"color: #cccccc\">pædiatri</td><td>pædiatri</td></tr><tr><td><a href=\"http://snomed.info/id/394810000\">394810000</a></td><td style=\"color: #cccccc\">reumatologi</td><td>reumatologi</td></tr><tr><td><a href=\"http://snomed.info/id/394581000\">394581000</a></td><td style=\"color: #cccccc\">samfundsmedicin</td><td>samfundsmedicin</td></tr><tr><td><a href=\"http://snomed.info/id/394605001\">394605001</a></td><td style=\"color: #cccccc\">tand-, mund- og kæbekirurgi</td><td>tand-, mund- og kæbekirurgi</td></tr><tr><td><a href=\"http://snomed.info/id/394603008\">394603008</a></td><td style=\"color: #cccccc\">thoraxkirurgi</td><td>thoraxkirurgi</td></tr><tr><td><a href=\"http://snomed.info/id/408448007\">408448007</a></td><td style=\"color: #cccccc\">tropemedicin</td><td>tropemedicin</td></tr><tr><td><a href=\"http://snomed.info/id/394612005\">394612005</a></td><td style=\"color: #cccccc\">urologi</td><td>urologi</td></tr><tr><td><a href=\"http://snomed.info/id/658171000005102\">658171000005102</a></td><td style=\"color: #cccccc\">hjemmepleje</td><td>hjemmepleje</td></tr><tr><td><a href=\"http://snomed.info/id/658161000005107\">658161000005107</a></td><td style=\"color: #cccccc\">hjemmesygepleje</td><td>hjemmesygepleje</td></tr><tr><td><a href=\"http://snomed.info/id/658151000005105\">658151000005105</a></td><td style=\"color: #cccccc\">sundhedsfremme og forebyggelse</td><td>sundhedsfremme og forebyggelse</td></tr><tr><td><a href=\"http://snomed.info/id/658191000005101\">658191000005101</a></td><td style=\"color: #cccccc\">sundhedspleje</td><td>sundhedspleje</td></tr><tr><td><a href=\"http://snomed.info/id/658201000005103\">658201000005103</a></td><td style=\"color: #cccccc\">kommunal tandpleje</td><td>kommunal tandpleje</td></tr><tr><td><a href=\"http://snomed.info/id/658141000005108\">658141000005108</a></td><td style=\"color: #cccccc\">genoptræning efter hospitalsophold</td><td>genoptræning efter hospitalsophold</td></tr><tr><td><a href=\"http://snomed.info/id/658181000005104\">658181000005104</a></td><td style=\"color: #cccccc\">hjælpemiddelområdet</td><td>hjælpemiddelområdet</td></tr><tr><td><a href=\"http://snomed.info/id/2903041000005106\">2903041000005106</a></td><td style=\"color: #cccccc\">det kommunale omsorgs-, social- og sundhedsområde</td><td>det kommunale omsorgs-, social- og sundhedsområde</td></tr></table></li></ul></div>"},"url":"http://hl7.dk/fhir/core/ValueSet/dk-core-servicerequest-codes","version":"3.5.0","name":"DkCoreServiceRequestCodes","title":"DK codes for ServiceRequest","status":"active","experimental":false,"date":"2025-12-19T17:20:16+01:00","publisher":"HL7 Denmark","contact":[{"name":"HL7 Denmark","telecom":[{"system":"url","value":"http://www.hl7.dk"},{"system":"email","value":"dk-affiliate@hl7.dk"}]}],"description":"Value set used to describe Danish healthcare services","jurisdiction":[{"coding":[{"system":"urn:iso:std:iso:3166","code":"DK","display":"Denmark"}]}],"copyright":"This value set includes content from SNOMED CT, which is copyright © 2002+ International Health Terminology Standards Development Organisation (IHTSDO), and distributed by agreement between IHTSDO and HL7. Implementer use of SNOMED CT is not covered by this agreement","compose":{"include":[{"system":"http://snomed.info/sct","version":"http://snomed.info/sct/554471000005108","concept":[{"code":"773568002","designation":[{"language":"da","value":"akutmedicin"}]},{"code":"408443003","designation":[{"language":"da","value":"almen medicin"}]},{"code":"394577000","designation":[{"language":"da","value":"anæstesiologi"}]},{"code":"394821009","designation":[{"value":"arbejdsmedicin"}]},{"code":"394588006","designation":[{"language":"da","value":"børne- og ungdomspsykiatri"}]},{"code":"394582007","designation":[{"language":"da","value":"dermato-venerologi"}]},{"code":"394914008","designation":[{"language":"da","value":"diagnostisk radiologi"}]},{"code":"394583002","designation":[{"language":"da","value":"endokrinologi"}]},{"code":"394811001","designation":[{"language":"da","value":"geriatri"}]},{"code":"394585009","designation":[{"language":"da","value":"gynækologi og obstetrik"}]},{"code":"408472002","designation":[{"language":"da","value":"hepatologi"}]},{"code":"394803006","designation":[{"language":"da","value":"hæmatologi"}]},{"code":"394807007","designation":[{"language":"da","value":"infektionsmedicin"}]},{"code":"419192003","designation":[{"language":"da","value":"intern medicin"}]},{"code":"394579002","designation":[{"language":"da","value":"kardiologi"}]},{"code":"408463005","designation":[{"language":"da","value":"karkirurgi"}]},{"code":"394609007","designation":[{"language":"da","value":"kirurgi"}]},{"code":"551411000005104","designation":[{"language":"da","value":"kirurgisk gastroenterologi"}]},{"code":"394596001","designation":[{"language":"da","value":"klinisk biokemi"}]},{"code":"394600006","designation":[{"language":"da","value":"klinisk farmakologi"}]},{"code":"394601005","designation":[{"language":"da","value":"klinisk fysiologi og nuklearmedicin (snomed:  klinisk fysiologi)"}]},{"code":"394580004","designation":[{"language":"da","value":"klinisk genetik"}]},{"code":"421661004","designation":[{"language":"da","value":"klinisk immunologi"}]},{"code":"408454008","designation":[{"language":"da","value":"klinisk mikrobiologi"}]},{"code":"394809005","designation":[{"language":"da","value":"klinisk neurofysiologi"}]},{"code":"394592004","designation":[{"language":"da","value":"klinisk onkologi"}]},{"code":"418112009","designation":[{"language":"da","value":"lungesygdomme"}]},{"code":"394805004","designation":[{"language":"da","value":"medicinsk allergologi"}]},{"code":"394584008","designation":[{"language":"da","value":"medicinsk gastroenterologi"}]},{"code":"394589003","designation":[{"language":"da","value":"nefrologi"}]},{"code":"394610002","designation":[{"language":"da","value":"neurokirurgi"}]},{"code":"394591006","designation":[{"language":"da","value":"neurologi"}]},{"code":"394812008","designation":[{"language":"da","value":"odontologi (snomed: odontologiske specialer)"}]},{"code":"394594003","designation":[{"language":"da","value":"oftalmologi"}]},{"code":"394608004","designation":[{"language":"da","value":"ortodonti"}]},{"code":"394801008","designation":[{"language":"da","value":"ortopædisk kirurgi"}]},{"code":"394604002","designation":[{"language":"da","value":"oto-rhino-laryngologi"}]},{"code":"394915009","designation":[{"language":"da","value":"patologisk anatomi og cytologi"}]},{"code":"394611003","designation":[{"language":"da","value":"plastikkirurgi"}]},{"code":"394587001","designation":[{"language":"da","value":"psykiatri"}]},{"code":"394537008","designation":[{"language":"da","value":"pædiatri"}]},{"code":"394810000","designation":[{"language":"da","value":"reumatologi"}]},{"code":"394581000","designation":[{"language":"da","value":"samfundsmedicin"}]},{"code":"394605001","designation":[{"language":"da","value":"tand-, mund- og kæbekirurgi"}]},{"code":"394603008","designation":[{"language":"da","value":"thoraxkirurgi"}]},{"code":"408448007","designation":[{"language":"da","value":"tropemedicin"}]},{"code":"394612005","designation":[{"language":"da","value":"urologi"}]},{"code":"658171000005102","designation":[{"language":"da","value":"hjemmepleje"}]},{"code":"658161000005107","designation":[{"language":"da","value":"hjemmesygepleje"}]},{"code":"658151000005105","designation":[{"language":"da","value":"sundhedsfremme og forebyggelse"}]},{"code":"658191000005101","designation":[{"language":"da","value":"sundhedspleje"}]},{"code":"658201000005103","designation":[{"language":"da","value":"kommunal tandpleje"}]},{"code":"658141000005108","designation":[{"language":"da","value":"genoptræning efter hospitalsophold"}]},{"code":"658181000005104","designation":[{"language":"da","value":"hjælpemiddelområdet"}]},{"code":"2903041000005106","designation":[{"language":"da","value":"det kommunale omsorgs-, social- og sundhedsområde"}]}]}]}}