{
  "resourceType" : "ImplementationGuide",
  "id" : "hl7.fhir.dk.core",
  "text" : {
    "status" : "generated",
    "div" : "<div xmlns=\"http://www.w3.org/1999/xhtml\"><p class=\"res-header-id\"><b>Generated Narrative: ImplementationGuide hl7.fhir.dk.core</b></p><a name=\"hl7.fhir.dk.core\"> </a><a name=\"hchl7.fhir.dk.core\"> </a><a name=\"hl7.fhir.dk.core-da-DK\"> </a><h2>DKCore</h2><p>The official URL for this implementation guide is: </p><pre>http://hl7.dk/fhir/core/ImplementationGuide/hl7.fhir.dk.core</pre><div><p>A FHIR Implementation Guide for the Danish common needs across healthcare sectors</p>\n</div></div>"
  },
  "url" : "http://hl7.dk/fhir/core/ImplementationGuide/hl7.fhir.dk.core",
  "version" : "3.4.0",
  "name" : "DKCore",
  "title" : "HL7 FHIR Implementation Guide: DK Core",
  "status" : "active",
  "date" : "2025-02-01T19:18:26+01:00",
  "publisher" : "HL7 Denmark",
  "contact" : [{
    "name" : "HL7 Denmark",
    "telecom" : [{
      "system" : "url",
      "value" : "http://www.hl7.dk"
    },
    {
      "system" : "email",
      "value" : "jenskristianvilladsen@gmail.com"
    }]
  }],
  "description" : "A FHIR Implementation Guide for the Danish common needs across healthcare sectors",
  "jurisdiction" : [{
    "coding" : [{
      "system" : "urn:iso:std:iso:3166",
      "code" : "DK",
      "display" : "Denmark"
    }]
  }],
  "packageId" : "hl7.fhir.dk.core",
  "license" : "CC0-1.0",
  "fhirVersion" : ["4.0.1"],
  "dependsOn" : [{
    "id" : "hl7tx",
    "extension" : [{
      "url" : "http://hl7.org/fhir/tools/StructureDefinition/implementationguide-dependency-comment",
      "valueMarkdown" : "Automatically added as a dependency - all IGs depend on HL7 Terminology"
    }],
    "uri" : "http://terminology.hl7.org/ImplementationGuide/hl7.terminology",
    "packageId" : "hl7.terminology.r4",
    "version" : "6.2.0"
  },
  {
    "id" : "hl7ext",
    "extension" : [{
      "url" : "http://hl7.org/fhir/tools/StructureDefinition/implementationguide-dependency-comment",
      "valueMarkdown" : "Automatically added as a dependency - all IGs depend on the HL7 Extension Pack"
    }],
    "uri" : "http://hl7.org/fhir/extensions/ImplementationGuide/hl7.fhir.uv.extensions",
    "packageId" : "hl7.fhir.uv.extensions.r4",
    "version" : "5.1.0"
  },
  {
    "id" : "hl7_fhir_uv_phd",
    "uri" : "http://hl7.org/fhir/uv/phd/ImplementationGuide/hl7.fhir.uv.phd",
    "packageId" : "hl7.fhir.uv.phd",
    "version" : "1.1.0"
  },
  {
    "id" : "hl7_fhir_uv_ipa",
    "uri" : "http://hl7.org/fhir/uv/ipa/ImplementationGuide/hl7.fhir.uv.ipa",
    "packageId" : "hl7.fhir.uv.ipa",
    "version" : "1.0.0"
  }],
  "definition" : {
    "extension" : [{
      "extension" : [{
        "url" : "code",
        "valueString" : "copyrightyear"
      },
      {
        "url" : "value",
        "valueString" : "2021+"
      }],
      "url" : "http://hl7.org/fhir/tools/StructureDefinition/ig-parameter"
    },
    {
      "extension" : [{
        "url" : "code",
        "valueString" : "releaselabel"
      },
      {
        "url" : "value",
        "valueString" : "release"
      }],
      "url" : "http://hl7.org/fhir/tools/StructureDefinition/ig-parameter"
    },
    {
      "extension" : [{
        "url" : "code",
        "valueString" : "show-inherited-invariants"
      },
      {
        "url" : "value",
        "valueString" : "false"
      }],
      "url" : "http://hl7.org/fhir/tools/StructureDefinition/ig-parameter"
    },
    {
      "extension" : [{
        "url" : "code",
        "valueString" : "ipa-comparison"
      },
      {
        "url" : "value",
        "valueString" : "{last}"
      }],
      "url" : "http://hl7.org/fhir/tools/StructureDefinition/ig-parameter"
    },
    {
      "extension" : [{
        "url" : "code",
        "valueString" : "special-url"
      },
      {
        "url" : "value",
        "valueString" : "urn:oid:1.2.208.176.2.1"
      }],
      "url" : "http://hl7.org/fhir/tools/StructureDefinition/ig-parameter"
    },
    {
      "extension" : [{
        "url" : "code",
        "valueString" : "special-url"
      },
      {
        "url" : "value",
        "valueString" : "urn:iso:std:iso:11073:10101"
      }],
      "url" : "http://hl7.org/fhir/tools/StructureDefinition/ig-parameter"
    },
    {
      "extension" : [{
        "url" : "code",
        "valueString" : "special-url"
      },
      {
        "url" : "value",
        "valueString" : "urn:oid:1.2.208.176.2.4"
      }],
      "url" : "http://hl7.org/fhir/tools/StructureDefinition/ig-parameter"
    },
    {
      "extension" : [{
        "url" : "code",
        "valueString" : "special-url"
      },
      {
        "url" : "value",
        "valueString" : "urn:oid:1.2.208.176.2.21"
      }],
      "url" : "http://hl7.org/fhir/tools/StructureDefinition/ig-parameter"
    },
    {
      "extension" : [{
        "url" : "code",
        "valueString" : "special-url"
      },
      {
        "url" : "value",
        "valueString" : "urn:oid:1.2.208.176.2.4.12"
      }],
      "url" : "http://hl7.org/fhir/tools/StructureDefinition/ig-parameter"
    },
    {
      "extension" : [{
        "url" : "code",
        "valueString" : "path-expansion-params"
      },
      {
        "url" : "value",
        "valueString" : "Parameters-expParam.json"
      }],
      "url" : "http://hl7.org/fhir/tools/StructureDefinition/ig-parameter"
    },
    {
      "extension" : [{
        "url" : "code",
        "valueString" : "autoload-resources"
      },
      {
        "url" : "value",
        "valueString" : "true"
      }],
      "url" : "http://hl7.org/fhir/tools/StructureDefinition/ig-parameter"
    },
    {
      "extension" : [{
        "url" : "code",
        "valueString" : "path-liquid"
      },
      {
        "url" : "value",
        "valueString" : "template/liquid"
      }],
      "url" : "http://hl7.org/fhir/tools/StructureDefinition/ig-parameter"
    },
    {
      "extension" : [{
        "url" : "code",
        "valueString" : "path-liquid"
      },
      {
        "url" : "value",
        "valueString" : "input/liquid"
      }],
      "url" : "http://hl7.org/fhir/tools/StructureDefinition/ig-parameter"
    },
    {
      "extension" : [{
        "url" : "code",
        "valueString" : "path-qa"
      },
      {
        "url" : "value",
        "valueString" : "temp/qa"
      }],
      "url" : "http://hl7.org/fhir/tools/StructureDefinition/ig-parameter"
    },
    {
      "extension" : [{
        "url" : "code",
        "valueString" : "path-temp"
      },
      {
        "url" : "value",
        "valueString" : "temp/pages"
      }],
      "url" : "http://hl7.org/fhir/tools/StructureDefinition/ig-parameter"
    },
    {
      "extension" : [{
        "url" : "code",
        "valueString" : "path-output"
      },
      {
        "url" : "value",
        "valueString" : "output"
      }],
      "url" : "http://hl7.org/fhir/tools/StructureDefinition/ig-parameter"
    },
    {
      "extension" : [{
        "url" : "code",
        "valueString" : "path-suppressed-warnings"
      },
      {
        "url" : "value",
        "valueString" : "input/ignoreWarnings.txt"
      }],
      "url" : "http://hl7.org/fhir/tools/StructureDefinition/ig-parameter"
    },
    {
      "extension" : [{
        "url" : "code",
        "valueString" : "path-history"
      },
      {
        "url" : "value",
        "valueString" : "http://hl7.dk/fhir/core/history.html"
      }],
      "url" : "http://hl7.org/fhir/tools/StructureDefinition/ig-parameter"
    },
    {
      "extension" : [{
        "url" : "code",
        "valueString" : "template-html"
      },
      {
        "url" : "value",
        "valueString" : "template-page.html"
      }],
      "url" : "http://hl7.org/fhir/tools/StructureDefinition/ig-parameter"
    },
    {
      "extension" : [{
        "url" : "code",
        "valueString" : "template-md"
      },
      {
        "url" : "value",
        "valueString" : "template-page-md.html"
      }],
      "url" : "http://hl7.org/fhir/tools/StructureDefinition/ig-parameter"
    },
    {
      "extension" : [{
        "url" : "code",
        "valueString" : "apply-contact"
      },
      {
        "url" : "value",
        "valueString" : "true"
      }],
      "url" : "http://hl7.org/fhir/tools/StructureDefinition/ig-parameter"
    },
    {
      "extension" : [{
        "url" : "code",
        "valueString" : "apply-context"
      },
      {
        "url" : "value",
        "valueString" : "true"
      }],
      "url" : "http://hl7.org/fhir/tools/StructureDefinition/ig-parameter"
    },
    {
      "extension" : [{
        "url" : "code",
        "valueString" : "apply-copyright"
      },
      {
        "url" : "value",
        "valueString" : "true"
      }],
      "url" : "http://hl7.org/fhir/tools/StructureDefinition/ig-parameter"
    },
    {
      "extension" : [{
        "url" : "code",
        "valueString" : "apply-jurisdiction"
      },
      {
        "url" : "value",
        "valueString" : "true"
      }],
      "url" : "http://hl7.org/fhir/tools/StructureDefinition/ig-parameter"
    },
    {
      "extension" : [{
        "url" : "code",
        "valueString" : "apply-license"
      },
      {
        "url" : "value",
        "valueString" : "true"
      }],
      "url" : "http://hl7.org/fhir/tools/StructureDefinition/ig-parameter"
    },
    {
      "extension" : [{
        "url" : "code",
        "valueString" : "apply-publisher"
      },
      {
        "url" : "value",
        "valueString" : "true"
      }],
      "url" : "http://hl7.org/fhir/tools/StructureDefinition/ig-parameter"
    },
    {
      "extension" : [{
        "url" : "code",
        "valueString" : "apply-version"
      },
      {
        "url" : "value",
        "valueString" : "true"
      }],
      "url" : "http://hl7.org/fhir/tools/StructureDefinition/ig-parameter"
    },
    {
      "extension" : [{
        "url" : "code",
        "valueString" : "apply-wg"
      },
      {
        "url" : "value",
        "valueString" : "true"
      }],
      "url" : "http://hl7.org/fhir/tools/StructureDefinition/ig-parameter"
    },
    {
      "extension" : [{
        "url" : "code",
        "valueString" : "active-tables"
      },
      {
        "url" : "value",
        "valueString" : "true"
      }],
      "url" : "http://hl7.org/fhir/tools/StructureDefinition/ig-parameter"
    },
    {
      "extension" : [{
        "url" : "code",
        "valueString" : "fmm-definition"
      },
      {
        "url" : "value",
        "valueString" : "http://hl7.org/fhir/versions.html#maturity"
      }],
      "url" : "http://hl7.org/fhir/tools/StructureDefinition/ig-parameter"
    },
    {
      "extension" : [{
        "url" : "code",
        "valueString" : "propagate-status"
      },
      {
        "url" : "value",
        "valueString" : "true"
      }],
      "url" : "http://hl7.org/fhir/tools/StructureDefinition/ig-parameter"
    },
    {
      "extension" : [{
        "url" : "code",
        "valueString" : "excludelogbinaryformat"
      },
      {
        "url" : "value",
        "valueString" : "true"
      }],
      "url" : "http://hl7.org/fhir/tools/StructureDefinition/ig-parameter"
    },
    {
      "extension" : [{
        "url" : "code",
        "valueString" : "tabbed-snapshots"
      },
      {
        "url" : "value",
        "valueString" : "true"
      }],
      "url" : "http://hl7.org/fhir/tools/StructureDefinition/ig-parameter"
    },
    {
      "url" : "http://hl7.org/fhir/tools/StructureDefinition/ig-internal-dependency",
      "valueCode" : "hl7.fhir.uv.tools.r4#0.3.0"
    },
    {
      "extension" : [{
        "url" : "code",
        "valueCode" : "copyrightyear"
      },
      {
        "url" : "value",
        "valueString" : "2021+"
      }],
      "url" : "http://hl7.org/fhir/tools/StructureDefinition/ig-parameter"
    },
    {
      "extension" : [{
        "url" : "code",
        "valueCode" : "releaselabel"
      },
      {
        "url" : "value",
        "valueString" : "release"
      }],
      "url" : "http://hl7.org/fhir/tools/StructureDefinition/ig-parameter"
    },
    {
      "extension" : [{
        "url" : "code",
        "valueCode" : "show-inherited-invariants"
      },
      {
        "url" : "value",
        "valueString" : "false"
      }],
      "url" : "http://hl7.org/fhir/tools/StructureDefinition/ig-parameter"
    },
    {
      "extension" : [{
        "url" : "code",
        "valueCode" : "ipa-comparison"
      },
      {
        "url" : "value",
        "valueString" : "{last}"
      }],
      "url" : "http://hl7.org/fhir/tools/StructureDefinition/ig-parameter"
    },
    {
      "extension" : [{
        "url" : "code",
        "valueCode" : "special-url"
      },
      {
        "url" : "value",
        "valueString" : "urn:oid:1.2.208.176.2.1"
      }],
      "url" : "http://hl7.org/fhir/tools/StructureDefinition/ig-parameter"
    },
    {
      "extension" : [{
        "url" : "code",
        "valueCode" : "special-url"
      },
      {
        "url" : "value",
        "valueString" : "urn:iso:std:iso:11073:10101"
      }],
      "url" : "http://hl7.org/fhir/tools/StructureDefinition/ig-parameter"
    },
    {
      "extension" : [{
        "url" : "code",
        "valueCode" : "special-url"
      },
      {
        "url" : "value",
        "valueString" : "urn:oid:1.2.208.176.2.4"
      }],
      "url" : "http://hl7.org/fhir/tools/StructureDefinition/ig-parameter"
    },
    {
      "extension" : [{
        "url" : "code",
        "valueCode" : "special-url"
      },
      {
        "url" : "value",
        "valueString" : "urn:oid:1.2.208.176.2.21"
      }],
      "url" : "http://hl7.org/fhir/tools/StructureDefinition/ig-parameter"
    },
    {
      "extension" : [{
        "url" : "code",
        "valueCode" : "special-url"
      },
      {
        "url" : "value",
        "valueString" : "urn:oid:1.2.208.176.2.4.12"
      }],
      "url" : "http://hl7.org/fhir/tools/StructureDefinition/ig-parameter"
    },
    {
      "extension" : [{
        "url" : "code",
        "valueCode" : "path-expansion-params"
      },
      {
        "url" : "value",
        "valueString" : "Parameters-expParam.json"
      }],
      "url" : "http://hl7.org/fhir/tools/StructureDefinition/ig-parameter"
    },
    {
      "extension" : [{
        "url" : "code",
        "valueCode" : "autoload-resources"
      },
      {
        "url" : "value",
        "valueString" : "true"
      }],
      "url" : "http://hl7.org/fhir/tools/StructureDefinition/ig-parameter"
    },
    {
      "extension" : [{
        "url" : "code",
        "valueCode" : "path-liquid"
      },
      {
        "url" : "value",
        "valueString" : "template/liquid"
      }],
      "url" : "http://hl7.org/fhir/tools/StructureDefinition/ig-parameter"
    },
    {
      "extension" : [{
        "url" : "code",
        "valueCode" : "path-liquid"
      },
      {
        "url" : "value",
        "valueString" : "input/liquid"
      }],
      "url" : "http://hl7.org/fhir/tools/StructureDefinition/ig-parameter"
    },
    {
      "extension" : [{
        "url" : "code",
        "valueCode" : "path-qa"
      },
      {
        "url" : "value",
        "valueString" : "temp/qa"
      }],
      "url" : "http://hl7.org/fhir/tools/StructureDefinition/ig-parameter"
    },
    {
      "extension" : [{
        "url" : "code",
        "valueCode" : "path-temp"
      },
      {
        "url" : "value",
        "valueString" : "temp/pages"
      }],
      "url" : "http://hl7.org/fhir/tools/StructureDefinition/ig-parameter"
    },
    {
      "extension" : [{
        "url" : "code",
        "valueCode" : "path-output"
      },
      {
        "url" : "value",
        "valueString" : "output"
      }],
      "url" : "http://hl7.org/fhir/tools/StructureDefinition/ig-parameter"
    },
    {
      "extension" : [{
        "url" : "code",
        "valueCode" : "path-suppressed-warnings"
      },
      {
        "url" : "value",
        "valueString" : "input/ignoreWarnings.txt"
      }],
      "url" : "http://hl7.org/fhir/tools/StructureDefinition/ig-parameter"
    },
    {
      "extension" : [{
        "url" : "code",
        "valueCode" : "path-history"
      },
      {
        "url" : "value",
        "valueString" : "http://hl7.dk/fhir/core/history.html"
      }],
      "url" : "http://hl7.org/fhir/tools/StructureDefinition/ig-parameter"
    },
    {
      "extension" : [{
        "url" : "code",
        "valueCode" : "template-html"
      },
      {
        "url" : "value",
        "valueString" : "template-page.html"
      }],
      "url" : "http://hl7.org/fhir/tools/StructureDefinition/ig-parameter"
    },
    {
      "extension" : [{
        "url" : "code",
        "valueCode" : "template-md"
      },
      {
        "url" : "value",
        "valueString" : "template-page-md.html"
      }],
      "url" : "http://hl7.org/fhir/tools/StructureDefinition/ig-parameter"
    },
    {
      "extension" : [{
        "url" : "code",
        "valueCode" : "apply-contact"
      },
      {
        "url" : "value",
        "valueString" : "true"
      }],
      "url" : "http://hl7.org/fhir/tools/StructureDefinition/ig-parameter"
    },
    {
      "extension" : [{
        "url" : "code",
        "valueCode" : "apply-context"
      },
      {
        "url" : "value",
        "valueString" : "true"
      }],
      "url" : "http://hl7.org/fhir/tools/StructureDefinition/ig-parameter"
    },
    {
      "extension" : [{
        "url" : "code",
        "valueCode" : "apply-copyright"
      },
      {
        "url" : "value",
        "valueString" : "true"
      }],
      "url" : "http://hl7.org/fhir/tools/StructureDefinition/ig-parameter"
    },
    {
      "extension" : [{
        "url" : "code",
        "valueCode" : "apply-jurisdiction"
      },
      {
        "url" : "value",
        "valueString" : "true"
      }],
      "url" : "http://hl7.org/fhir/tools/StructureDefinition/ig-parameter"
    },
    {
      "extension" : [{
        "url" : "code",
        "valueCode" : "apply-license"
      },
      {
        "url" : "value",
        "valueString" : "true"
      }],
      "url" : "http://hl7.org/fhir/tools/StructureDefinition/ig-parameter"
    },
    {
      "extension" : [{
        "url" : "code",
        "valueCode" : "apply-publisher"
      },
      {
        "url" : "value",
        "valueString" : "true"
      }],
      "url" : "http://hl7.org/fhir/tools/StructureDefinition/ig-parameter"
    },
    {
      "extension" : [{
        "url" : "code",
        "valueCode" : "apply-version"
      },
      {
        "url" : "value",
        "valueString" : "true"
      }],
      "url" : "http://hl7.org/fhir/tools/StructureDefinition/ig-parameter"
    },
    {
      "extension" : [{
        "url" : "code",
        "valueCode" : "apply-wg"
      },
      {
        "url" : "value",
        "valueString" : "true"
      }],
      "url" : "http://hl7.org/fhir/tools/StructureDefinition/ig-parameter"
    },
    {
      "extension" : [{
        "url" : "code",
        "valueCode" : "active-tables"
      },
      {
        "url" : "value",
        "valueString" : "true"
      }],
      "url" : "http://hl7.org/fhir/tools/StructureDefinition/ig-parameter"
    },
    {
      "extension" : [{
        "url" : "code",
        "valueCode" : "fmm-definition"
      },
      {
        "url" : "value",
        "valueString" : "http://hl7.org/fhir/versions.html#maturity"
      }],
      "url" : "http://hl7.org/fhir/tools/StructureDefinition/ig-parameter"
    },
    {
      "extension" : [{
        "url" : "code",
        "valueCode" : "propagate-status"
      },
      {
        "url" : "value",
        "valueString" : "true"
      }],
      "url" : "http://hl7.org/fhir/tools/StructureDefinition/ig-parameter"
    },
    {
      "extension" : [{
        "url" : "code",
        "valueCode" : "excludelogbinaryformat"
      },
      {
        "url" : "value",
        "valueString" : "true"
      }],
      "url" : "http://hl7.org/fhir/tools/StructureDefinition/ig-parameter"
    },
    {
      "extension" : [{
        "url" : "code",
        "valueCode" : "tabbed-snapshots"
      },
      {
        "url" : "value",
        "valueString" : "true"
      }],
      "url" : "http://hl7.org/fhir/tools/StructureDefinition/ig-parameter"
    }],
    "resource" : [{
      "extension" : [{
        "url" : "http://hl7.org/fhir/tools/StructureDefinition/resource-information",
        "valueString" : "Practitioner"
      }],
      "reference" : {
        "reference" : "Practitioner/AbrahamLaege"
      },
      "name" : "AbrahamLæge",
      "description" : "Eksempel på lægen Abraham fra akutsygeplejen",
      "exampleCanonical" : "http://hl7.dk/fhir/core/StructureDefinition/dk-core-practitioner"
    },
    {
      "extension" : [{
        "url" : "http://hl7.org/fhir/tools/StructureDefinition/resource-information",
        "valueString" : "Location"
      }],
      "reference" : {
        "reference" : "Location/ambulance"
      },
      "name" : "ambulance",
      "description" : "Ambulance provided by Acme Corp",
      "exampleCanonical" : "http://hl7.dk/fhir/core/StructureDefinition/dk-core-location"
    },
    {
      "extension" : [{
        "url" : "http://hl7.org/fhir/tools/StructureDefinition/resource-information",
        "valueString" : "Organization"
      }],
      "reference" : {
        "reference" : "Organization/CenterForDiabetes"
      },
      "name" : "Center for Diabetes",
      "description" : "Center for Diabetes",
      "exampleCanonical" : "http://hl7.dk/fhir/core/StructureDefinition/dk-core-organization"
    },
    {
      "extension" : [{
        "url" : "http://hl7.org/fhir/tools/StructureDefinition/resource-information",
        "valueString" : "Organization"
      }],
      "reference" : {
        "reference" : "Organization/CenterForDiabetesTeamDiabetes"
      },
      "name" : "Center for Diabetes Team Diabetes",
      "description" : "Center for Diabetes Team Diabetes",
      "exampleCanonical" : "http://hl7.dk/fhir/core/StructureDefinition/dk-core-organization"
    },
    {
      "extension" : [{
        "url" : "http://hl7.org/fhir/tools/StructureDefinition/resource-information",
        "valueString" : "Organization"
      }],
      "reference" : {
        "reference" : "Organization/CenterForDiabetesTeamHjerte"
      },
      "name" : "Center for Diabetes Team Hjerte",
      "description" : "Center for Diabetes Team Hjerte",
      "exampleCanonical" : "http://hl7.dk/fhir/core/StructureDefinition/dk-core-organization"
    },
    {
      "extension" : [{
        "url" : "http://hl7.org/fhir/tools/StructureDefinition/resource-information",
        "valueString" : "Organization"
      }],
      "reference" : {
        "reference" : "Organization/CenterForDiabetesTeamKvalitet"
      },
      "name" : "Center for Diabetes Team Kvalitet",
      "description" : "Center for Diabetes Team Kvalitet",
      "exampleCanonical" : "http://hl7.dk/fhir/core/StructureDefinition/dk-core-organization"
    },
    {
      "extension" : [{
        "url" : "http://hl7.org/fhir/tools/StructureDefinition/resource-information",
        "valueString" : "Observation"
      }],
      "reference" : {
        "reference" : "Observation/CoincidentTimeStamp.0222"
      },
      "name" : "Coincident time stamp from Poul's home blood pressure measurement",
      "description" : "A coincident time stamp observation is used to ensure and inspect the consistency\nof timelines when using battery-operated health devices having their own clock that may\nor may not be synchronized to local time - and may even travel with their owner across\ntime zones.",
      "exampleCanonical" : "http://hl7.dk/fhir/core/StructureDefinition/dk-core-observation"
    },
    {
      "extension" : [{
        "url" : "http://hl7.org/fhir/tools/StructureDefinition/resource-information",
        "valueString" : "StructureDefinition:extension"
      }],
      "reference" : {
        "reference" : "StructureDefinition/ConditionLastAssertedDate"
      },
      "name" : "ConditionLastAssertedDate",
      "description" : "Extension for the last date a Condition-instance was confirmed valid in its current state. E.g. with its current clinical- and verification status, stage and severity. Typically the last performed follow-up",
      "exampleBoolean" : false
    },
    {
      "extension" : [{
        "url" : "http://hl7.org/fhir/tools/StructureDefinition/resource-information",
        "valueString" : "NamingSystem"
      }],
      "reference" : {
        "reference" : "NamingSystem/cpr"
      },
      "name" : "cpr",
      "description" : "The Danish civil registration system (\"CPR\") encompasses basic personal data about anyone with a civil registration number. A civil registration number shall be allocated to anyone who: 1) is registered in the national register in Denmark on the grounds of birth or relocation from abroad; 2) is included under Arbejdsmarkedets TillægsPension (ATP); 3) according to the tax authorities, is required to have a civil registration number for the purpose of tax processing in Denmark.",
      "exampleBoolean" : false
    },
    {
      "extension" : [{
        "url" : "http://hl7.org/fhir/tools/StructureDefinition/resource-information",
        "valueString" : "StructureDefinition:complex-type"
      }],
      "reference" : {
        "reference" : "StructureDefinition/dk-core-cvr-identifier"
      },
      "name" : "Danish Central Business Register (CVR) Identifier",
      "description" : "Identifier holding a danish [CVR](https://datacvr.virk.dk/data/) number.",
      "exampleBoolean" : false
    },
    {
      "extension" : [{
        "url" : "http://hl7.org/fhir/tools/StructureDefinition/resource-information",
        "valueString" : "StructureDefinition:complex-type"
      }],
      "reference" : {
        "reference" : "StructureDefinition/dk-core-cpr-identifier"
      },
      "name" : "Danish Central Person Register (CPR) Identifier",
      "description" : "This structure holds the danish [CPR](https://cpr.dk/) identifier",
      "exampleBoolean" : false
    },
    {
      "extension" : [{
        "url" : "http://hl7.org/fhir/tools/StructureDefinition/resource-information",
        "valueString" : "StructureDefinition:resource"
      }],
      "reference" : {
        "reference" : "StructureDefinition/dk-core-basic-observation"
      },
      "name" : "Danish Core Basic Observation Profile",
      "description" : "HL7 Denmark core profile for basic observations, which is a profiling of DkCoreObservation.",
      "exampleBoolean" : false
    },
    {
      "extension" : [{
        "url" : "http://hl7.org/fhir/tools/StructureDefinition/resource-information",
        "valueString" : "StructureDefinition:resource"
      }],
      "reference" : {
        "reference" : "StructureDefinition/dk-core-condition"
      },
      "name" : "Danish Core Condition Profile",
      "description" : "HL7 Denmark core profile for professionally asserted conditions, as specified by danish health and social care organizations",
      "exampleBoolean" : false
    },
    {
      "extension" : [{
        "url" : "http://hl7.org/fhir/tools/StructureDefinition/resource-information",
        "valueString" : "StructureDefinition:resource"
      }],
      "reference" : {
        "reference" : "StructureDefinition/dk-core-location"
      },
      "name" : "Danish Core Location Profile",
      "description" : "HL7 Denmark core profile for locations",
      "exampleBoolean" : false
    },
    {
      "extension" : [{
        "url" : "http://hl7.org/fhir/tools/StructureDefinition/resource-information",
        "valueString" : "StructureDefinition:extension"
      }],
      "reference" : {
        "reference" : "StructureDefinition/dk-core-municipalityCodes"
      },
      "name" : "Danish Core Municipality codes",
      "description" : "Identifier holding the official identifier for a danish municipality",
      "exampleBoolean" : false
    },
    {
      "extension" : [{
        "url" : "http://hl7.org/fhir/tools/StructureDefinition/resource-information",
        "valueString" : "StructureDefinition:resource"
      }],
      "reference" : {
        "reference" : "StructureDefinition/dk-core-observation"
      },
      "name" : "Danish Core Observation Profile",
      "description" : "HL7 Denmark core profile for observations",
      "exampleBoolean" : false
    },
    {
      "extension" : [{
        "url" : "http://hl7.org/fhir/tools/StructureDefinition/resource-information",
        "valueString" : "StructureDefinition:resource"
      }],
      "reference" : {
        "reference" : "StructureDefinition/dk-core-organization"
      },
      "name" : "Danish Core Organization Profile",
      "description" : "HL7 Denmark core profile for a danish health organization",
      "exampleBoolean" : false
    },
    {
      "extension" : [{
        "url" : "http://hl7.org/fhir/tools/StructureDefinition/resource-information",
        "valueString" : "StructureDefinition:resource"
      }],
      "reference" : {
        "reference" : "StructureDefinition/dk-core-patient"
      },
      "name" : "Danish Core Patient Profile",
      "description" : "HL7 Denmark core profile for a patient",
      "exampleBoolean" : false
    },
    {
      "extension" : [{
        "url" : "http://hl7.org/fhir/tools/StructureDefinition/resource-information",
        "valueString" : "StructureDefinition:resource"
      }],
      "reference" : {
        "reference" : "StructureDefinition/dk-core-person-servicerequest"
      },
      "name" : "Danish Core Person ServiceRequest Profile",
      "description" : "HL7 Denmark core profile for requesting a service, such as diagnostic investigations, nursing services, treatments, and more for a Patient.",
      "exampleBoolean" : false
    },
    {
      "extension" : [{
        "url" : "http://hl7.org/fhir/tools/StructureDefinition/resource-information",
        "valueString" : "StructureDefinition:resource"
      }],
      "reference" : {
        "reference" : "StructureDefinition/dk-core-practitioner"
      },
      "name" : "Danish Core Practitioner Profile",
      "description" : "HL7 Denmark core profile for health professionals and other actors relevant in citizen and patient pathways",
      "exampleBoolean" : false
    },
    {
      "extension" : [{
        "url" : "http://hl7.org/fhir/tools/StructureDefinition/resource-information",
        "valueString" : "StructureDefinition:resource"
      }],
      "reference" : {
        "reference" : "StructureDefinition/dk-core-practitioner-role"
      },
      "name" : "Danish Core PractitionerRole Profile",
      "description" : "HL7 Denmark core profile for health professional roles",
      "exampleBoolean" : false
    },
    {
      "extension" : [{
        "url" : "http://hl7.org/fhir/tools/StructureDefinition/resource-information",
        "valueString" : "StructureDefinition:extension"
      }],
      "reference" : {
        "reference" : "StructureDefinition/dk-core-RegionalSubDivisionCodes"
      },
      "name" : "Danish Core Regional Sub Division Codes Extension",
      "description" : "Identifier holding the official organization identifier for a danish region",
      "exampleBoolean" : false
    },
    {
      "extension" : [{
        "url" : "http://hl7.org/fhir/tools/StructureDefinition/resource-information",
        "valueString" : "StructureDefinition:resource"
      }],
      "reference" : {
        "reference" : "StructureDefinition/dk-core-related-person"
      },
      "name" : "Danish Core Related Person Profile",
      "description" : "HL7 Denmark core profile for a related person",
      "exampleBoolean" : false
    },
    {
      "extension" : [{
        "url" : "http://hl7.org/fhir/tools/StructureDefinition/resource-information",
        "valueString" : "StructureDefinition:complex-type"
      }],
      "reference" : {
        "reference" : "StructureDefinition/dk-core-authorization-identifier"
      },
      "name" : "Danish Health Professionals Authorization Identifier",
      "description" : "Identifier holding the official [authorization identifier](https://en.stps.dk/en/health-professionals-and-authorities/online-register-registered-health-professionals/) for a practitioner.",
      "exampleBoolean" : false
    },
    {
      "extension" : [{
        "url" : "http://hl7.org/fhir/tools/StructureDefinition/resource-information",
        "valueString" : "StructureDefinition:resource"
      }],
      "reference" : {
        "reference" : "StructureDefinition/ipa-dk-core-condition"
      },
      "name" : "Danish IPA Core Condition Profile",
      "description" : "HL7 Denmark core profile for IPA and DK Core compliant conditions",
      "exampleBoolean" : false
    },
    {
      "extension" : [{
        "url" : "http://hl7.org/fhir/tools/StructureDefinition/resource-information",
        "valueString" : "StructureDefinition:resource"
      }],
      "reference" : {
        "reference" : "StructureDefinition/ipa-dk-core-observation"
      },
      "name" : "Danish IPA Core Observation Profile",
      "description" : "HL7 Denmark core profile for IPA and DK Core compliant observations",
      "exampleBoolean" : false
    },
    {
      "extension" : [{
        "url" : "http://hl7.org/fhir/tools/StructureDefinition/resource-information",
        "valueString" : "StructureDefinition:resource"
      }],
      "reference" : {
        "reference" : "StructureDefinition/ipa-dk-core-patient"
      },
      "name" : "Danish IPA Core Patient Profile",
      "description" : "HL7 Denmark core profile for IPA and DK Core compliant patients",
      "exampleBoolean" : false
    },
    {
      "extension" : [{
        "url" : "http://hl7.org/fhir/tools/StructureDefinition/resource-information",
        "valueString" : "StructureDefinition:resource"
      }],
      "reference" : {
        "reference" : "StructureDefinition/ipa-dk-core-practitioner"
      },
      "name" : "Danish IPA Core Practitioner Profile",
      "description" : "HL7 Denmark core profile for IPA and DK Core compliant practitioners",
      "exampleBoolean" : false
    },
    {
      "extension" : [{
        "url" : "http://hl7.org/fhir/tools/StructureDefinition/resource-information",
        "valueString" : "StructureDefinition:resource"
      }],
      "reference" : {
        "reference" : "StructureDefinition/ipa-dk-core-practitionerrole"
      },
      "name" : "Danish IPA Core PractitionerRole Profile",
      "description" : "HL7 Denmark core profile for IPA and DK Core compliant practitionerroles",
      "exampleBoolean" : false
    },
    {
      "extension" : [{
        "url" : "http://hl7.org/fhir/tools/StructureDefinition/resource-information",
        "valueString" : "StructureDefinition:complex-type"
      }],
      "reference" : {
        "reference" : "StructureDefinition/dk-core-d-ecpr-identifier"
      },
      "name" : "Decentralised eCPR, called D-eCPR",
      "description" : "This strucure holds the danish [D-eCPR](https://www.nspop.dk/pages/viewpage.action?pageId=226757583#eCPRFormater(XeCPRogDeCPR)-Formatetfordecentraleerstatningspersonnumre-D-eCPR) identifier, which is often used by the Danish regions.",
      "exampleBoolean" : false
    },
    {
      "extension" : [{
        "url" : "http://hl7.org/fhir/tools/StructureDefinition/resource-information",
        "valueString" : "CodeSystem"
      }],
      "reference" : {
        "reference" : "CodeSystem/address-type-dk-supplement"
      },
      "name" : "DK Address Type",
      "description" : "The type of an address (physical / postal)",
      "exampleBoolean" : false
    },
    {
      "extension" : [{
        "url" : "http://hl7.org/fhir/tools/StructureDefinition/resource-information",
        "valueString" : "CodeSystem"
      }],
      "reference" : {
        "reference" : "CodeSystem/address-use-dk-supplement"
      },
      "name" : "DK Address Use",
      "description" : "The use of an address",
      "exampleBoolean" : false
    },
    {
      "extension" : [{
        "url" : "http://hl7.org/fhir/tools/StructureDefinition/resource-information",
        "valueString" : "CodeSystem"
      }],
      "reference" : {
        "reference" : "CodeSystem/administrative-gender-supplement"
      },
      "name" : "DK Administrative Gender Supplement",
      "description" : "CodeSystem supplement with danish translations for administrative gender",
      "exampleBoolean" : false
    },
    {
      "extension" : [{
        "url" : "http://hl7.org/fhir/tools/StructureDefinition/resource-information",
        "valueString" : "CodeSystem"
      }],
      "reference" : {
        "reference" : "CodeSystem/care-team-status-dk-supplement"
      },
      "name" : "DK CareTeam Status",
      "description" : "Indicates the status of the care team.",
      "exampleBoolean" : false
    },
    {
      "extension" : [{
        "url" : "http://hl7.org/fhir/tools/StructureDefinition/resource-information",
        "valueString" : "ValueSet"
      }],
      "reference" : {
        "reference" : "ValueSet/dk-core-servicerequest-codes"
      },
      "name" : "DK codes for ServiceRequest",
      "description" : "Value set used to describe Danish healthcare services",
      "exampleBoolean" : false
    },
    {
      "extension" : [{
        "url" : "http://hl7.org/fhir/tools/StructureDefinition/resource-information",
        "valueString" : "CodeSystem"
      }],
      "reference" : {
        "reference" : "CodeSystem/consent-state-codes-dk-supplement"
      },
      "name" : "DK Consent State",
      "description" : "Indicates the state of the consent",
      "exampleBoolean" : false
    },
    {
      "extension" : [{
        "url" : "http://hl7.org/fhir/tools/StructureDefinition/resource-information",
        "valueString" : "ValueSet"
      }],
      "reference" : {
        "reference" : "ValueSet/dk-core-IEEEBasicObservation"
      },
      "name" : "Dk Core IEEE Basic Observation",
      "description" : "IEEE MDC codes for Basic Observations usable in Denmark",
      "exampleBoolean" : false
    },
    {
      "extension" : [{
        "url" : "http://hl7.org/fhir/tools/StructureDefinition/resource-information",
        "valueString" : "ValueSet"
      }],
      "reference" : {
        "reference" : "ValueSet/dk-core-LoincBasicObservation"
      },
      "name" : "DK Core LOINC Basic Observations",
      "description" : "LOINC codes describing Basic Observations usable in Denmark.",
      "exampleBoolean" : false
    },
    {
      "extension" : [{
        "url" : "http://hl7.org/fhir/tools/StructureDefinition/resource-information",
        "valueString" : "ValueSet"
      }],
      "reference" : {
        "reference" : "ValueSet/dk-marital-status"
      },
      "name" : "DK Core Marital Status",
      "description" : "This value set defines the set of codes that can be used to indicate the marital status of a person in Denmark.",
      "exampleBoolean" : false
    },
    {
      "extension" : [{
        "url" : "http://hl7.org/fhir/tools/StructureDefinition/resource-information",
        "valueString" : "ValueSet"
      }],
      "reference" : {
        "reference" : "ValueSet/dk-core-NPUBasicObservation"
      },
      "name" : "DK Core NPU Basic Observation",
      "description" : "NPU codes for Basic Observations usable in Denmark",
      "exampleBoolean" : false
    },
    {
      "extension" : [{
        "url" : "http://hl7.org/fhir/tools/StructureDefinition/resource-information",
        "valueString" : "ValueSet"
      }],
      "reference" : {
        "reference" : "ValueSet/dk-core-SCTBasicObservation"
      },
      "name" : "DK Core SNOMED CT Basic Observation",
      "description" : "SNOMED CT codes for Basic Observations usable in Denmark",
      "exampleBoolean" : false
    },
    {
      "extension" : [{
        "url" : "http://hl7.org/fhir/tools/StructureDefinition/resource-information",
        "valueString" : "ValueSet"
      }],
      "reference" : {
        "reference" : "ValueSet/dk-core-UCUM-BasicUnits"
      },
      "name" : "DK Core UCUM Basic Units",
      "description" : "UCUM codes to represent units for basic Observations usable in Denmark",
      "exampleBoolean" : false
    },
    {
      "extension" : [{
        "url" : "http://hl7.org/fhir/tools/StructureDefinition/resource-information",
        "valueString" : "ValueSet"
      }],
      "reference" : {
        "reference" : "ValueSet/DkCoreDeCPRValueSet"
      },
      "name" : "DK D-eCPR OID values",
      "description" : "DK D-eCPR OID values",
      "exampleBoolean" : false
    },
    {
      "extension" : [{
        "url" : "http://hl7.org/fhir/tools/StructureDefinition/resource-information",
        "valueString" : "CodeSystem"
      }],
      "reference" : {
        "reference" : "CodeSystem/days-of-week-dk-supplement"
      },
      "name" : "DK Days Of Week",
      "description" : "The days of the week.",
      "exampleBoolean" : false
    },
    {
      "extension" : [{
        "url" : "http://hl7.org/fhir/tools/StructureDefinition/resource-information",
        "valueString" : "CodeSystem"
      }],
      "reference" : {
        "reference" : "CodeSystem/dk-core-d-ecpr-codes"
      },
      "name" : "DK Decentralised eCPR Systems",
      "description" : "DK",
      "exampleBoolean" : false
    },
    {
      "extension" : [{
        "url" : "http://hl7.org/fhir/tools/StructureDefinition/resource-information",
        "valueString" : "CodeSystem"
      }],
      "reference" : {
        "reference" : "CodeSystem/episode-of-care-status-dk-supplement"
      },
      "name" : "DK Episode Of Care Status",
      "description" : "The status of the episode of care.",
      "exampleBoolean" : false
    },
    {
      "extension" : [{
        "url" : "http://hl7.org/fhir/tools/StructureDefinition/resource-information",
        "valueString" : "ValueSet"
      }],
      "reference" : {
        "reference" : "ValueSet/extended-patient-contactrelationship"
      },
      "name" : "DK Extended Patient Contact Relationship",
      "description" : "DK Extended Patient Contact Relationship",
      "exampleBoolean" : false
    },
    {
      "extension" : [{
        "url" : "http://hl7.org/fhir/tools/StructureDefinition/resource-information",
        "valueString" : "CodeSystem"
      }],
      "reference" : {
        "reference" : "CodeSystem/dk-core-municipality-codes-greenland"
      },
      "name" : "DK Greenland Municipality Codes",
      "description" : "Greenland municipality codes as defined by https://www.iso.org/obp/ui/#iso:code:3166:GL and https://cpr.dk/cpr-systemet/kommunesammenlaegninger-opdeling/groenland-2018/",
      "exampleBoolean" : false
    },
    {
      "extension" : [{
        "url" : "http://hl7.org/fhir/tools/StructureDefinition/resource-information",
        "valueString" : "CodeSystem"
      }],
      "reference" : {
        "reference" : "CodeSystem/dk-marital-status"
      },
      "name" : "DK Marital Statuses",
      "description" : "DK marital statuses",
      "exampleBoolean" : false
    },
    {
      "extension" : [{
        "url" : "http://hl7.org/fhir/tools/StructureDefinition/resource-information",
        "valueString" : "ValueSet"
      }],
      "reference" : {
        "reference" : "ValueSet/dk-core-MunicipalityCodes"
      },
      "name" : "DK Municipality Codes",
      "description" : "Municipality codes used in Denmark",
      "exampleBoolean" : false
    },
    {
      "extension" : [{
        "url" : "http://hl7.org/fhir/tools/StructureDefinition/resource-information",
        "valueString" : "CodeSystem"
      }],
      "reference" : {
        "reference" : "CodeSystem/dk-core-municipality-codes"
      },
      "name" : "DK Municipality Codes",
      "description" : "Municipality codes as defined by https://danmarksadresser.dk/adressedata/kodelister/kommunekodeliste/ and https://sundhedsdatastyrelsen.dk/-/media/sds/filer/rammer-og-retningslinjer/patientregistrering/relaterede/kommuneklassifikation.pdf",
      "exampleBoolean" : false
    },
    {
      "extension" : [{
        "url" : "http://hl7.org/fhir/tools/StructureDefinition/resource-information",
        "valueString" : "CodeSystem"
      }],
      "reference" : {
        "reference" : "CodeSystem/dk-npu-fragment"
      },
      "name" : "DK NPU Subset",
      "description" : "DK NPU Subsetted code system used in DK Core. The full version of NPU can be found at http://labterm.dk",
      "exampleBoolean" : false
    },
    {
      "extension" : [{
        "url" : "http://hl7.org/fhir/tools/StructureDefinition/resource-information",
        "valueString" : "ValueSet"
      }],
      "reference" : {
        "reference" : "ValueSet/dk-core-priority-codes"
      },
      "name" : "DK priority codes",
      "description" : "DK Codes for priority",
      "exampleBoolean" : false
    },
    {
      "extension" : [{
        "url" : "http://hl7.org/fhir/tools/StructureDefinition/resource-information",
        "valueString" : "ValueSet"
      }],
      "reference" : {
        "reference" : "ValueSet/DkCoreProfessionGroupValueSet"
      },
      "name" : "DK Profession Group",
      "description" : "DK Profession Group codes",
      "exampleBoolean" : false
    },
    {
      "extension" : [{
        "url" : "http://hl7.org/fhir/tools/StructureDefinition/resource-information",
        "valueString" : "CodeSystem"
      }],
      "reference" : {
        "reference" : "CodeSystem/DkCoreProfessionGroupCodes"
      },
      "name" : "DK Profession Group Codes",
      "description" : "DK health ProfessionGroup codes as defined by https://www.retsinformation.dk/eli/lta/2019/731, and derived from http://autregwebservice.sst.dk/autregservice.asmx/GetAllProfessionGroups. Code (5176) was not uniqe, and have been converted to 5176a and 5176b",
      "exampleBoolean" : false
    },
    {
      "extension" : [{
        "url" : "http://hl7.org/fhir/tools/StructureDefinition/resource-information",
        "valueString" : "CodeSystem"
      }],
      "reference" : {
        "reference" : "CodeSystem/publication-status-dk-supplement"
      },
      "name" : "DK Publication Status",
      "description" : "The lifecycle status of a Value Set or Concept Map.",
      "exampleBoolean" : false
    },
    {
      "extension" : [{
        "url" : "http://hl7.org/fhir/tools/StructureDefinition/resource-information",
        "valueString" : "ValueSet"
      }],
      "reference" : {
        "reference" : "ValueSet/dk-core-RegionalSubDivisionCodes"
      },
      "name" : "DK Regional Subdivision Codes",
      "description" : "Subdivision codes (Regional codes) used in Denmark",
      "exampleBoolean" : false
    },
    {
      "extension" : [{
        "url" : "http://hl7.org/fhir/tools/StructureDefinition/resource-information",
        "valueString" : "CodeSystem"
      }],
      "reference" : {
        "reference" : "CodeSystem/dk-core-regional-subdivision-codes"
      },
      "name" : "DK Regional Subdivision Codes",
      "description" : "Subdivision codes (Regional codes) used in Denmark as found on https://www.iso.org/obp/ui/#iso:code:3166:DK",
      "exampleBoolean" : false
    },
    {
      "extension" : [{
        "url" : "http://hl7.org/fhir/tools/StructureDefinition/resource-information",
        "valueString" : "CodeSystem"
      }],
      "reference" : {
        "reference" : "CodeSystem/dk-relatedperson-relationshipcodes"
      },
      "name" : "DK Related Person Relationship Codes",
      "description" : "DK Related Person Relationship Codes",
      "exampleBoolean" : false
    },
    {
      "extension" : [{
        "url" : "http://hl7.org/fhir/tools/StructureDefinition/resource-information",
        "valueString" : "ValueSet"
      }],
      "reference" : {
        "reference" : "ValueSet/dk-core-RelatedPersonRelationshipTypes"
      },
      "name" : "DK Related Person Relationship Types",
      "description" : "DK Related Person Relationship Types",
      "exampleBoolean" : false
    },
    {
      "extension" : [{
        "url" : "http://hl7.org/fhir/tools/StructureDefinition/resource-information",
        "valueString" : "CodeSystem"
      }],
      "reference" : {
        "reference" : "CodeSystem/request-status-dk-supplement"
      },
      "name" : "DK Request Status",
      "description" : "Codes identifying the stage lifecycle stage of a request",
      "exampleBoolean" : false
    },
    {
      "extension" : [{
        "url" : "http://hl7.org/fhir/tools/StructureDefinition/resource-information",
        "valueString" : "CodeSystem"
      }],
      "reference" : {
        "reference" : "CodeSystem/role-code-dk-supplement"
      },
      "name" : "DK Role Code",
      "description" : "CodeSystem supplement with danish translations for RoleCode",
      "exampleBoolean" : false
    },
    {
      "extension" : [{
        "url" : "http://hl7.org/fhir/tools/StructureDefinition/resource-information",
        "valueString" : "ValueSet"
      }],
      "reference" : {
        "reference" : "ValueSet/sor-organization-type"
      },
      "name" : "DK SOR Organization Type",
      "description" : "Value set used for indicating the organization type for organizations from SOR",
      "exampleBoolean" : false
    },
    {
      "extension" : [{
        "url" : "http://hl7.org/fhir/tools/StructureDefinition/resource-information",
        "valueString" : "ValueSet"
      }],
      "reference" : {
        "reference" : "ValueSet/dk-core-TechniquesSCTCodes"
      },
      "name" : "DK TechniquesSCTCodes",
      "description" : "SNOMED CT Codes for the technique used when obtaining an observation",
      "exampleBoolean" : false
    },
    {
      "extension" : [{
        "url" : "http://hl7.org/fhir/tools/StructureDefinition/resource-information",
        "valueString" : "CodeSystem"
      }],
      "reference" : {
        "reference" : "CodeSystem/v2-0131-supplement"
      },
      "name" : "DK v2 Contact Role Supplement",
      "description" : "CodeSystem supplement with danish translations for Contact Role",
      "exampleBoolean" : false
    },
    {
      "extension" : [{
        "url" : "http://hl7.org/fhir/tools/StructureDefinition/resource-information",
        "valueString" : "Condition"
      }],
      "reference" : {
        "reference" : "Condition/ElseGraviditet"
      },
      "name" : "Else Graviditet",
      "description" : "Else Graviditet, tilstandskode som indberettes ifm Elses ambulante forløb (fx jordemoder), og ved eventuel indlæggelse i graviditeten",
      "exampleCanonical" : "http://hl7.dk/fhir/core/StructureDefinition/dk-core-condition"
    },
    {
      "extension" : [{
        "url" : "http://hl7.org/fhir/tools/StructureDefinition/resource-information",
        "valueString" : "Bundle"
      }],
      "reference" : {
        "reference" : "Bundle/ElsesTOBS"
      },
      "name" : "Else's TOBS measurements",
      "description" : "An example of TOBS (Danish: Tidlig opsporing af begyndende sygdom), which includes level of consciousness, heart rate, respiration rate, blood pressure and temperature.",
      "exampleBoolean" : true
    },
    {
      "extension" : [{
        "url" : "http://hl7.org/fhir/tools/StructureDefinition/resource-information",
        "valueString" : "Observation"
      }],
      "reference" : {
        "reference" : "Observation/ElseBloodPressure"
      },
      "name" : "ElseBloodPressure",
      "exampleCanonical" : "http://hl7.dk/fhir/core/StructureDefinition/dk-core-basic-observation"
    },
    {
      "extension" : [{
        "url" : "http://hl7.org/fhir/tools/StructureDefinition/resource-information",
        "valueString" : "Observation"
      }],
      "reference" : {
        "reference" : "Observation/ElseBodyTemperature"
      },
      "name" : "ElseBodyTemperature",
      "exampleCanonical" : "http://hl7.dk/fhir/core/StructureDefinition/dk-core-basic-observation"
    },
    {
      "extension" : [{
        "url" : "http://hl7.org/fhir/tools/StructureDefinition/resource-information",
        "valueString" : "Observation"
      }],
      "reference" : {
        "reference" : "Observation/ElseConsciousness"
      },
      "name" : "ElseConsciousness",
      "exampleCanonical" : "http://hl7.dk/fhir/core/StructureDefinition/dk-core-observation"
    },
    {
      "extension" : [{
        "url" : "http://hl7.org/fhir/tools/StructureDefinition/resource-information",
        "valueString" : "Observation"
      }],
      "reference" : {
        "reference" : "Observation/ElseHeartRate"
      },
      "name" : "ElseHeartRate",
      "exampleCanonical" : "http://hl7.dk/fhir/core/StructureDefinition/dk-core-basic-observation"
    },
    {
      "extension" : [{
        "url" : "http://hl7.org/fhir/tools/StructureDefinition/resource-information",
        "valueString" : "Observation"
      }],
      "reference" : {
        "reference" : "Observation/ElsePainVRS"
      },
      "name" : "ElsePainVRS",
      "description" : "Elses smerte målt med VRS",
      "exampleCanonical" : "http://hl7.dk/fhir/core/StructureDefinition/dk-core-observation"
    },
    {
      "extension" : [{
        "url" : "http://hl7.org/fhir/tools/StructureDefinition/resource-information",
        "valueString" : "Observation"
      }],
      "reference" : {
        "reference" : "Observation/ElseRespirationRate"
      },
      "name" : "ElseRespirationRate",
      "exampleCanonical" : "http://hl7.dk/fhir/core/StructureDefinition/dk-core-basic-observation"
    },
    {
      "extension" : [{
        "url" : "http://hl7.org/fhir/tools/StructureDefinition/resource-information",
        "valueString" : "Observation"
      }],
      "reference" : {
        "reference" : "Observation/ElsesTOBSscore"
      },
      "name" : "ElsesTOBSscore",
      "exampleCanonical" : "http://hl7.dk/fhir/core/StructureDefinition/dk-core-observation"
    },
    {
      "extension" : [{
        "url" : "http://hl7.org/fhir/tools/StructureDefinition/resource-information",
        "valueString" : "Observation"
      }],
      "reference" : {
        "reference" : "Observation/ElseUrinStix"
      },
      "name" : "ElseUrinStix",
      "exampleCanonical" : "http://hl7.dk/fhir/core/StructureDefinition/dk-core-observation"
    },
    {
      "extension" : [{
        "url" : "http://hl7.org/fhir/tools/StructureDefinition/resource-information",
        "valueString" : "Patient"
      }],
      "reference" : {
        "reference" : "Patient/Confidential"
      },
      "name" : "Example of a patient with confidential address and name",
      "description" : "Example of a patient with confidential address and name",
      "exampleCanonical" : "http://hl7.dk/fhir/core/StructureDefinition/dk-core-patient"
    },
    {
      "extension" : [{
        "url" : "http://hl7.org/fhir/tools/StructureDefinition/resource-information",
        "valueString" : "RelatedPerson"
      }],
      "reference" : {
        "reference" : "RelatedPerson/TwoRelations"
      },
      "name" : "Example of a related person with two relations",
      "description" : "Example of a person that has relations as both neighbor and primary caretaker",
      "exampleCanonical" : "http://hl7.dk/fhir/core/StructureDefinition/dk-core-related-person"
    },
    {
      "extension" : [{
        "url" : "http://hl7.org/fhir/tools/StructureDefinition/resource-information",
        "valueString" : "Patient"
      }],
      "reference" : {
        "reference" : "Patient/else"
      },
      "name" : "Example of a woman of childbearing age",
      "description" : "Example of a woman of childbearing age. Else is a MedCom test-patient",
      "exampleCanonical" : "http://hl7.dk/fhir/core/StructureDefinition/dk-core-patient"
    },
    {
      "extension" : [{
        "url" : "http://hl7.org/fhir/tools/StructureDefinition/resource-information",
        "valueString" : "RelatedPerson"
      }],
      "reference" : {
        "reference" : "RelatedPerson/Child"
      },
      "name" : "Example of child as related person",
      "description" : "Example of child as related person",
      "exampleCanonical" : "http://hl7.dk/fhir/core/StructureDefinition/dk-core-related-person"
    },
    {
      "extension" : [{
        "url" : "http://hl7.org/fhir/tools/StructureDefinition/resource-information",
        "valueString" : "Patient"
      }],
      "reference" : {
        "reference" : "Patient/ukendt"
      },
      "name" : "Example of valid patient unknown identifier registry",
      "description" : "Example of valid patient unknown identifier registry. The patient is a 'John Doe' with an Identifier from an unofficial register",
      "exampleCanonical" : "http://hl7.dk/fhir/core/StructureDefinition/dk-core-patient"
    },
    {
      "extension" : [{
        "url" : "http://hl7.org/fhir/tools/StructureDefinition/resource-information",
        "valueString" : "Patient"
      }],
      "reference" : {
        "reference" : "Patient/ukendt-D-eCPR"
      },
      "name" : "Example of valid patient with a D-eCPR as identifier",
      "description" : "Example of valid patient with a D-eCPR as identifier.",
      "exampleCanonical" : "http://hl7.dk/fhir/core/StructureDefinition/dk-core-patient"
    },
    {
      "extension" : [{
        "url" : "http://hl7.org/fhir/tools/StructureDefinition/resource-information",
        "valueString" : "Patient"
      }],
      "reference" : {
        "reference" : "Patient/ukendt-X-eCPR"
      },
      "name" : "Example of valid patient with a X-eCPR as identifier",
      "description" : "Example of valid patient with a X-eCPR as identifier.",
      "exampleCanonical" : "http://hl7.dk/fhir/core/StructureDefinition/dk-core-patient"
    },
    {
      "extension" : [{
        "url" : "http://hl7.org/fhir/tools/StructureDefinition/resource-information",
        "valueString" : "Patient"
      }],
      "reference" : {
        "reference" : "Patient/Max"
      },
      "name" : "Example of valid patient with danish marital status",
      "description" : "Example of valid patient with danish marital status",
      "exampleCanonical" : "http://hl7.dk/fhir/core/StructureDefinition/dk-core-patient"
    },
    {
      "extension" : [{
        "url" : "http://hl7.org/fhir/tools/StructureDefinition/resource-information",
        "valueString" : "Patient"
      }],
      "reference" : {
        "reference" : "Patient/283"
      },
      "name" : "Example of valid patient with full address",
      "description" : "Example of valid patient with full address",
      "exampleCanonical" : "http://hl7.dk/fhir/core/StructureDefinition/dk-core-patient"
    },
    {
      "extension" : [{
        "url" : "http://hl7.org/fhir/tools/StructureDefinition/resource-information",
        "valueString" : "Patient"
      }],
      "reference" : {
        "reference" : "Patient/john"
      },
      "name" : "Example of valid patient with multiple names",
      "description" : "Example of valid patient with multiple names",
      "exampleCanonical" : "http://hl7.dk/fhir/core/StructureDefinition/dk-core-patient"
    },
    {
      "extension" : [{
        "url" : "http://hl7.org/fhir/tools/StructureDefinition/resource-information",
        "valueString" : "Parameters"
      }],
      "reference" : {
        "reference" : "Parameters/expParam"
      },
      "name" : "expParam",
      "description" : "SNOMED CT expansion parameter",
      "exampleBoolean" : false
    },
    {
      "extension" : [{
        "url" : "http://hl7.org/fhir/tools/StructureDefinition/resource-information",
        "valueString" : "StructureDefinition:complex-type"
      }],
      "reference" : {
        "reference" : "StructureDefinition/dk-core-gln-identifier"
      },
      "name" : "GLN Identifier",
      "description" : "Identifier holding a 13 digit GLN",
      "exampleBoolean" : false
    },
    {
      "extension" : [{
        "url" : "http://hl7.org/fhir/tools/StructureDefinition/resource-information",
        "valueString" : "Practitioner"
      }],
      "reference" : {
        "reference" : "Practitioner/HanneSocialraadgiver"
      },
      "name" : "HanneSocialrådgiver",
      "description" : "Eksempel på socialrådgiveren Hanne",
      "exampleCanonical" : "http://hl7.dk/fhir/core/StructureDefinition/dk-core-practitioner"
    },
    {
      "extension" : [{
        "url" : "http://hl7.org/fhir/tools/StructureDefinition/resource-information",
        "valueString" : "ServiceRequest"
      }],
      "reference" : {
        "reference" : "ServiceRequest/HenvisningFraLageTilSygehus"
      },
      "name" : "Henvisning vedr. modermærkekræft",
      "description" : "Henvisning fra læge til sygehus vedr. mistanke om at John har modermærkekræft",
      "exampleBoolean" : true
    },
    {
      "extension" : [{
        "url" : "http://hl7.org/fhir/tools/StructureDefinition/resource-information",
        "valueString" : "Condition"
      }],
      "reference" : {
        "reference" : "Condition/JohnDiabetes"
      },
      "name" : "John diabetes",
      "description" : "Johns diabetes-diagnose, udskrivningsdiagnose fra hospitalet fx til brug i indberetning og epikrise",
      "exampleCanonical" : "http://hl7.dk/fhir/core/StructureDefinition/dk-core-condition"
    },
    {
      "extension" : [{
        "url" : "http://hl7.org/fhir/tools/StructureDefinition/resource-information",
        "valueString" : "Condition"
      }],
      "reference" : {
        "reference" : "Condition/JohnFracture"
      },
      "name" : "John fraktur",
      "description" : "Johns fraktur-diagnose, udskrivningsdiagnose fra hospitalet med tillægskode",
      "exampleCanonical" : "http://hl7.dk/fhir/core/StructureDefinition/dk-core-condition"
    },
    {
      "extension" : [{
        "url" : "http://hl7.org/fhir/tools/StructureDefinition/resource-information",
        "valueString" : "Condition"
      }],
      "reference" : {
        "reference" : "Condition/JohnMelanoma"
      },
      "name" : "John mistanke om Modermærkekræft",
      "description" : "Johns mistanke om modermærkekræft i huden, kan fx bruges som henvisningsdiagnosese",
      "exampleCanonical" : "http://hl7.dk/fhir/core/StructureDefinition/dk-core-condition"
    },
    {
      "extension" : [{
        "url" : "http://hl7.org/fhir/tools/StructureDefinition/resource-information",
        "valueString" : "Condition"
      }],
      "reference" : {
        "reference" : "Condition/JohnPacemaker"
      },
      "name" : "John pacemaker",
      "description" : "Johns status efter pacemakeroperation, udtrykt semantisk korrekt med fund frem for operationskode",
      "exampleCanonical" : "http://hl7.dk/fhir/core/StructureDefinition/dk-core-condition"
    },
    {
      "extension" : [{
        "url" : "http://hl7.org/fhir/tools/StructureDefinition/resource-information",
        "valueString" : "Condition"
      }],
      "reference" : {
        "reference" : "Condition/ConditionPressureUlcer"
      },
      "name" : "John tryksår",
      "description" : "John, tryksår, kommunal tilstand",
      "exampleCanonical" : "http://hl7.dk/fhir/core/StructureDefinition/dk-core-condition"
    },
    {
      "extension" : [{
        "url" : "http://hl7.org/fhir/tools/StructureDefinition/resource-information",
        "valueString" : "Observation"
      }],
      "reference" : {
        "reference" : "Observation/ObservationOxySatBasicObservationOrg"
      },
      "name" : "John's oxygen saturation measurement (Basic observation)",
      "exampleCanonical" : "http://hl7.dk/fhir/core/StructureDefinition/dk-core-basic-observation"
    },
    {
      "extension" : [{
        "url" : "http://hl7.org/fhir/tools/StructureDefinition/resource-information",
        "valueString" : "Observation"
      }],
      "reference" : {
        "reference" : "Observation/ObservationOxySatObservation"
      },
      "name" : "John's oxygen saturation measurement (Observation)",
      "description" : "This example suggests a way to handle the oxygen saturation case, where the original measurement\nwas reported in '%' by a device or typed in manually, and then 'translated' to the NPU system,\nwhich requires the value to be unitless.",
      "exampleCanonical" : "http://hl7.dk/fhir/core/StructureDefinition/dk-core-observation"
    },
    {
      "extension" : [{
        "url" : "http://hl7.org/fhir/tools/StructureDefinition/resource-information",
        "valueString" : "Observation"
      }],
      "reference" : {
        "reference" : "Observation/ObservationRespiratoryBasicObservation"
      },
      "name" : "John's Respiratory rate measurement (Basic observation)",
      "description" : "A simple basic observation of a hyperventilating patient",
      "exampleCanonical" : "http://hl7.dk/fhir/core/StructureDefinition/dk-core-basic-observation"
    },
    {
      "extension" : [{
        "url" : "http://hl7.org/fhir/tools/StructureDefinition/resource-information",
        "valueString" : "StructureDefinition:complex-type"
      }],
      "reference" : {
        "reference" : "StructureDefinition/dk-core-kombit-org-identifier"
      },
      "name" : "Kombit Organsation Identifier",
      "description" : "Identifier holding the organization code issued by KOMBIT",
      "exampleBoolean" : false
    },
    {
      "extension" : [{
        "url" : "http://hl7.org/fhir/tools/StructureDefinition/resource-information",
        "valueString" : "Organization"
      }],
      "reference" : {
        "reference" : "Organization/LaegerneHasserisBymidte"
      },
      "name" : "LaegerneHasserisBymidte",
      "description" : "Praktisernede læge i Hasseris, som defineret af SOR",
      "exampleCanonical" : "http://hl7.dk/fhir/core/StructureDefinition/dk-core-organization"
    },
    {
      "extension" : [{
        "url" : "http://hl7.org/fhir/tools/StructureDefinition/resource-information",
        "valueString" : "PractitionerRole"
      }],
      "reference" : {
        "reference" : "PractitionerRole/AbrahamPractitionerRole"
      },
      "name" : "Licensed physician in primary care",
      "description" : "This is an example of PractitionerRole profile. The example describes the service which practitioner is performing in a specific location in a specific role.",
      "exampleCanonical" : "http://hl7.dk/fhir/core/StructureDefinition/dk-core-practitioner-role"
    },
    {
      "extension" : [{
        "url" : "http://hl7.org/fhir/tools/StructureDefinition/resource-information",
        "valueString" : "Bundle"
      }],
      "reference" : {
        "reference" : "Bundle/MaxTOKS"
      },
      "name" : "Max TOKS measurements, including Glasgow Coma Scale assesment",
      "description" : "An example of TOBS (Danish: Tidlig opsporing af begyndende sygdom), which includes level of consciousness, heart rate, respiration rate, blood pressure and temperature.",
      "exampleBoolean" : true
    },
    {
      "extension" : [{
        "url" : "http://hl7.org/fhir/tools/StructureDefinition/resource-information",
        "valueString" : "Observation"
      }],
      "reference" : {
        "reference" : "Observation/MaxBloodPressure"
      },
      "name" : "MaxBloodPressure",
      "exampleCanonical" : "http://hl7.dk/fhir/core/StructureDefinition/dk-core-basic-observation"
    },
    {
      "extension" : [{
        "url" : "http://hl7.org/fhir/tools/StructureDefinition/resource-information",
        "valueString" : "Observation"
      }],
      "reference" : {
        "reference" : "Observation/MaxBodyTemperature"
      },
      "name" : "MaxBodyTemperature",
      "exampleCanonical" : "http://hl7.dk/fhir/core/StructureDefinition/dk-core-basic-observation"
    },
    {
      "extension" : [{
        "url" : "http://hl7.org/fhir/tools/StructureDefinition/resource-information",
        "valueString" : "Observation"
      }],
      "reference" : {
        "reference" : "Observation/MaxConsciousness"
      },
      "name" : "MaxConsciousness",
      "exampleCanonical" : "http://hl7.dk/fhir/core/StructureDefinition/dk-core-observation"
    },
    {
      "extension" : [{
        "url" : "http://hl7.org/fhir/tools/StructureDefinition/resource-information",
        "valueString" : "Observation"
      }],
      "reference" : {
        "reference" : "Observation/MaxGlasgowComaScale"
      },
      "name" : "MaxGlasgowComaScale",
      "exampleCanonical" : "http://hl7.dk/fhir/core/StructureDefinition/dk-core-observation"
    },
    {
      "extension" : [{
        "url" : "http://hl7.org/fhir/tools/StructureDefinition/resource-information",
        "valueString" : "Observation"
      }],
      "reference" : {
        "reference" : "Observation/MaxHeartRate"
      },
      "name" : "MaxHeartRate",
      "exampleCanonical" : "http://hl7.dk/fhir/core/StructureDefinition/dk-core-basic-observation"
    },
    {
      "extension" : [{
        "url" : "http://hl7.org/fhir/tools/StructureDefinition/resource-information",
        "valueString" : "Observation"
      }],
      "reference" : {
        "reference" : "Observation/MaxRespirationRate"
      },
      "name" : "MaxRespirationRate",
      "exampleCanonical" : "http://hl7.dk/fhir/core/StructureDefinition/dk-core-basic-observation"
    },
    {
      "extension" : [{
        "url" : "http://hl7.org/fhir/tools/StructureDefinition/resource-information",
        "valueString" : "Observation"
      }],
      "reference" : {
        "reference" : "Observation/MaxSaturation"
      },
      "name" : "MaxSaturation",
      "exampleCanonical" : "http://hl7.dk/fhir/core/StructureDefinition/dk-core-basic-observation"
    },
    {
      "extension" : [{
        "url" : "http://hl7.org/fhir/tools/StructureDefinition/resource-information",
        "valueString" : "Observation"
      }],
      "reference" : {
        "reference" : "Observation/MaxVitalSignsPanel"
      },
      "name" : "MaxVitalSignsPanel",
      "exampleCanonical" : "http://hl7.dk/fhir/core/StructureDefinition/dk-core-basic-observation"
    },
    {
      "extension" : [{
        "url" : "http://hl7.org/fhir/tools/StructureDefinition/resource-information",
        "valueString" : "Organization"
      }],
      "reference" : {
        "reference" : "Organization/b08997bb-4476-4dd0-84dd-2e297f809364"
      },
      "name" : "MedCom Test Organization",
      "description" : "MedCom Test Organization with SOR id",
      "exampleCanonical" : "http://hl7.dk/fhir/core/StructureDefinition/dk-core-organization"
    },
    {
      "extension" : [{
        "url" : "http://hl7.org/fhir/tools/StructureDefinition/resource-information",
        "valueString" : "StructureDefinition:complex-type"
      }],
      "reference" : {
        "reference" : "StructureDefinition/dk-core-x-ecpr-identifier"
      },
      "name" : "National eCPR service, called X-eCPR",
      "description" : "This strucure holds the danish [X-eCPR](https://www.nspop.dk/pages/viewpage.action?pageId=226757583#eCPRFormater(XeCPRogDeCPR)-Formatetfornationaleerstatningspersonnumre-X-eCPR) identifier, maintained by the Danish Health Data Authority.",
      "exampleBoolean" : false
    },
    {
      "extension" : [{
        "url" : "http://hl7.org/fhir/tools/StructureDefinition/resource-information",
        "valueString" : "Location"
      }],
      "reference" : {
        "reference" : "Location/neuroradiologyUnit"
      },
      "name" : "neuroradiologyUnit",
      "exampleCanonical" : "http://hl7.dk/fhir/core/StructureDefinition/dk-core-location"
    },
    {
      "extension" : [{
        "url" : "http://hl7.org/fhir/tools/StructureDefinition/resource-information",
        "valueString" : "StructureDefinition:extension"
      }],
      "reference" : {
        "reference" : "StructureDefinition/NotFollowedAnymore"
      },
      "name" : "NotFollowedAnymore",
      "description" : "Extension for the date where a condition lost focus in a specific clinical context",
      "exampleBoolean" : false
    },
    {
      "extension" : [{
        "url" : "http://hl7.org/fhir/tools/StructureDefinition/resource-information",
        "valueString" : "PractitionerRole"
      }],
      "reference" : {
        "reference" : "PractitionerRole/PlaceholderPractitionerRole"
      },
      "name" : "Placeholder for a physician",
      "description" : "This is an example of PractitionerRole where it acts as a placeholder for an unknown person. This may be useful in several scenarios.",
      "exampleCanonical" : "http://hl7.dk/fhir/core/StructureDefinition/dk-core-practitioner-role"
    },
    {
      "extension" : [{
        "url" : "http://hl7.org/fhir/tools/StructureDefinition/resource-information",
        "valueString" : "Patient"
      }],
      "reference" : {
        "reference" : "Patient/Poul"
      },
      "name" : "Poul Hansen",
      "description" : "A patient admitted to a remote monitoring programme, performing measurements\nat home.",
      "exampleCanonical" : "http://hl7.dk/fhir/core/StructureDefinition/dk-core-patient"
    },
    {
      "extension" : [{
        "url" : "http://hl7.org/fhir/tools/StructureDefinition/resource-information",
        "valueString" : "Device"
      }],
      "reference" : {
        "reference" : "Device/BPMonitor.C4F312FFFE53F2C9"
      },
      "name" : "Poul's A&D blood pressure monitor",
      "description" : "This device is Poul's personal blood pressure monitor, which he keeps in the bedroom\nof his home, and uses for daily monitoring due to his CHF condition.",
      "exampleBoolean" : true
    },
    {
      "extension" : [{
        "url" : "http://hl7.org/fhir/tools/StructureDefinition/resource-information",
        "valueString" : "Device"
      }],
      "reference" : {
        "reference" : "Device/WeightScale.606405FFFECFC604"
      },
      "name" : "Poul's A&D weight scale",
      "description" : "This device is Poul's personal weighing scale, which he keeps in the bathroom\nof his home, and uses for daily monitoring due to his CHF condition.",
      "exampleBoolean" : true
    },
    {
      "extension" : [{
        "url" : "http://hl7.org/fhir/tools/StructureDefinition/resource-information",
        "valueString" : "Observation"
      }],
      "reference" : {
        "reference" : "Observation/Weight.Poul.230221"
      },
      "name" : "Poul's daily weighing on Feb. 21st",
      "description" : "Poul has been instructed to perform a daily weighing in the morning. This is his\ndaily weighing from Feb. 21st 2023.",
      "exampleCanonical" : "http://hl7.dk/fhir/core/StructureDefinition/ipa-dk-core-observation"
    },
    {
      "extension" : [{
        "url" : "http://hl7.org/fhir/tools/StructureDefinition/resource-information",
        "valueString" : "Observation"
      }],
      "reference" : {
        "reference" : "Observation/HeartRate.Poul.1974654"
      },
      "name" : "Poul's heart rate measurement",
      "description" : "Poul has been instructed to measure his blood pressure due to his CHF condition. This heart rate\nmeasurement was produced by his blood pressure monitor during one of these measurements.",
      "exampleCanonical" : "http://hl7.dk/fhir/core/StructureDefinition/ipa-dk-core-observation"
    },
    {
      "extension" : [{
        "url" : "http://hl7.org/fhir/tools/StructureDefinition/resource-information",
        "valueString" : "Bundle"
      }],
      "reference" : {
        "reference" : "Bundle/ContinuaBundleWithDevice"
      },
      "name" : "Poul's home blood pressure measurement",
      "description" : "This example demonstrates a DkCoreObservation _and_ Continua-compliant\nbundle containing a home blood pressure measurement uploaded to a Continua-compliant\n_\"FHIR Observation Reporting Server\"._",
      "exampleBoolean" : true
    },
    {
      "extension" : [{
        "url" : "http://hl7.org/fhir/tools/StructureDefinition/resource-information",
        "valueString" : "Device"
      }],
      "reference" : {
        "reference" : "Device/Telma.FEEDDADADEADBEEF"
      },
      "name" : "Poul's remote patient monitoring app",
      "description" : "Poul has been enrolled in a Remote Patient Monitoring programme in order to monitor the\nstate of his CHF condition. This is the app he uses to report the data to his doctor.",
      "exampleBoolean" : true
    },
    {
      "extension" : [{
        "url" : "http://hl7.org/fhir/tools/StructureDefinition/resource-information",
        "valueString" : "StructureDefinition:complex-type"
      }],
      "reference" : {
        "reference" : "StructureDefinition/dk-core-producent-id"
      },
      "name" : "Producent Id",
      "description" : "Offical MedCom code describing the producer of lab results",
      "exampleBoolean" : false
    },
    {
      "extension" : [{
        "url" : "http://hl7.org/fhir/tools/StructureDefinition/resource-information",
        "valueString" : "Organization"
      }],
      "reference" : {
        "reference" : "Organization/154b8c96-a061-45bf-9ce4-1947c7c3c283"
      },
      "name" : "Producer Test Organization",
      "description" : "Producer of Lab Results Test Organization",
      "exampleCanonical" : "http://hl7.dk/fhir/core/StructureDefinition/dk-core-organization"
    },
    {
      "extension" : [{
        "url" : "http://hl7.org/fhir/tools/StructureDefinition/resource-information",
        "valueString" : "ServiceRequest"
      }],
      "reference" : {
        "reference" : "ServiceRequest/JohnsServiceRequest"
      },
      "name" : "Request for nursing care of John.",
      "description" : "Request for nursing care of John.",
      "exampleCanonical" : "http://hl7.dk/fhir/core/StructureDefinition/dk-core-person-servicerequest"
    },
    {
      "extension" : [{
        "url" : "http://hl7.org/fhir/tools/StructureDefinition/resource-information",
        "valueString" : "ServiceRequest"
      }],
      "reference" : {
        "reference" : "ServiceRequest/MaxServiceRequest"
      },
      "name" : "Request for nursing care of John.",
      "description" : "Request for nursing care of John.",
      "exampleCanonical" : "http://hl7.dk/fhir/core/StructureDefinition/dk-core-person-servicerequest"
    },
    {
      "extension" : [{
        "url" : "http://hl7.org/fhir/tools/StructureDefinition/resource-information",
        "valueString" : "Practitioner"
      }],
      "reference" : {
        "reference" : "Practitioner/SidselSygeplejerske"
      },
      "name" : "SidselSygeplejerske",
      "description" : "Eksempel på en sygeplejerske",
      "exampleCanonical" : "http://hl7.dk/fhir/core/StructureDefinition/dk-core-practitioner"
    },
    {
      "extension" : [{
        "url" : "http://hl7.org/fhir/tools/StructureDefinition/resource-information",
        "valueString" : "NamingSystem"
      }],
      "reference" : {
        "reference" : "NamingSystem/sor"
      },
      "name" : "sor",
      "description" : "SOR is provided by the Danish Health Data Authority under the Danish Ministry of Health. The register holds organizations within the Danish health sector, their geographical and virtual addresses as well as codes for their identification and for EDI-communication. Danish Health Data Authority is responsible for issuing and publishing codes to identify organizations across health care sectors and related public and private services. SOR includes organizational data on hospitals, the primary care sector (physiotherapists, general practitioners, dentists etc.) and municipal health service organizations as well as non-health care organizations that need to be able to receive data from the former.",
      "exampleBoolean" : false
    },
    {
      "extension" : [{
        "url" : "http://hl7.org/fhir/tools/StructureDefinition/resource-information",
        "valueString" : "StructureDefinition:complex-type"
      }],
      "reference" : {
        "reference" : "StructureDefinition/dk-core-sor-identifier"
      },
      "name" : "SOR Identifier",
      "description" : "Identifier holding the official SOR identifier for a danish healthcare organization",
      "exampleBoolean" : false
    }],
    "page" : {
      "extension" : [{
        "url" : "http://hl7.org/fhir/tools/StructureDefinition/ig-page-name",
        "valueUrl" : "toc.html"
      }],
      "nameUrl" : "toc.html",
      "title" : "Table of Contents",
      "generation" : "html",
      "page" : [{
        "extension" : [{
          "url" : "http://hl7.org/fhir/tools/StructureDefinition/ig-page-name",
          "valueUrl" : "index.html"
        }],
        "nameUrl" : "index.html",
        "title" : "Home",
        "generation" : "markdown"
      },
      {
        "extension" : [{
          "url" : "http://hl7.org/fhir/tools/StructureDefinition/ig-page-name",
          "valueUrl" : "downloads.html"
        }],
        "nameUrl" : "downloads.html",
        "title" : "Downloads",
        "generation" : "markdown"
      },
      {
        "extension" : [{
          "url" : "http://hl7.org/fhir/tools/StructureDefinition/ig-page-name",
          "valueUrl" : "extensions.html"
        }],
        "nameUrl" : "extensions.html",
        "title" : "Extensions",
        "generation" : "html"
      },
      {
        "extension" : [{
          "url" : "http://hl7.org/fhir/tools/StructureDefinition/ig-page-name",
          "valueUrl" : "guidance.html"
        }],
        "nameUrl" : "guidance.html",
        "title" : "Guidance",
        "generation" : "markdown"
      },
      {
        "extension" : [{
          "url" : "http://hl7.org/fhir/tools/StructureDefinition/ig-page-name",
          "valueUrl" : "profiles.html"
        }],
        "nameUrl" : "profiles.html",
        "title" : "Profiles",
        "generation" : "html"
      },
      {
        "extension" : [{
          "url" : "http://hl7.org/fhir/tools/StructureDefinition/ig-page-name",
          "valueUrl" : "terminology.html"
        }],
        "nameUrl" : "terminology.html",
        "title" : "Terminology",
        "generation" : "html"
      }]
    },
    "parameter" : [{
      "code" : "path-resource",
      "value" : "input/capabilities"
    },
    {
      "code" : "path-resource",
      "value" : "input/examples"
    },
    {
      "code" : "path-resource",
      "value" : "input/extensions"
    },
    {
      "code" : "path-resource",
      "value" : "input/models"
    },
    {
      "code" : "path-resource",
      "value" : "input/operations"
    },
    {
      "code" : "path-resource",
      "value" : "input/profiles"
    },
    {
      "code" : "path-resource",
      "value" : "input/resources"
    },
    {
      "code" : "path-resource",
      "value" : "input/vocabulary"
    },
    {
      "code" : "path-resource",
      "value" : "input/maps"
    },
    {
      "code" : "path-resource",
      "value" : "input/testing"
    },
    {
      "code" : "path-resource",
      "value" : "input/history"
    },
    {
      "code" : "path-resource",
      "value" : "fsh-generated/resources"
    },
    {
      "code" : "path-pages",
      "value" : "template/config"
    },
    {
      "code" : "path-pages",
      "value" : "input/images"
    },
    {
      "code" : "path-tx-cache",
      "value" : "input-cache/txcache"
    }]
  }
}