{
  "resourceType" : "Observation",
  "id" : "ElseBodyTemperature",
  "meta" : {
    "profile" : ["http://hl7.dk/fhir/core/StructureDefinition/dk-core-basic-observation"]
  },
  "text" : {
    "status" : "generated",
    "div" : "<div xmlns=\"http://www.w3.org/1999/xhtml\"><p class=\"res-header-id\"><b>Generated Narrative: Observation ElseBodyTemperature</b></p><a name=\"ElseBodyTemperature\"> </a><a name=\"hcElseBodyTemperature\"> </a><a name=\"ElseBodyTemperature-da-DK\"> </a><p><b>status</b>: Final</p><p><b>category</b>: <span title=\"Codes:{http://terminology.hl7.org/CodeSystem/observation-category vital-signs}\">Vital Signs</span></p><p><b>code</b>: <span title=\"Codes:{http://loinc.org 8310-5}, {http://snomed.info/sct 276885007}\">Body temperature</span></p><p><b>subject</b>: <a href=\"Patient-else.html\">Else Test Lauridsen(official) Female, DoB: 1991-02-02 ( urn:oid:1.2.208.176.1.2#0201919990)</a></p><p><b>effective</b>: 2023-09-12 17:45:00+0000</p><p><b>performer</b>: <a href=\"Practitioner-SidselSygeplejerske.html\">Practitioner Sidsel Andersen</a></p><p><b>value</b>: 38.7 grader celcius<span style=\"background: LightGoldenRodYellow\"> (Details: UCUM  codeCel = 'Cel')</span></p><p><b>method</b>: <span title=\"Codes:{http://snomed.info/sct 272391002}\">Measurement technique (qualifier value)</span></p></div>"
  },
  "status" : "final",
  "category" : [{
    "coding" : [{
      "system" : "http://terminology.hl7.org/CodeSystem/observation-category",
      "code" : "vital-signs"
    }]
  }],
  "code" : {
    "coding" : [{
      "system" : "http://loinc.org",
      "code" : "8310-5"
    },
    {
      "system" : "http://snomed.info/sct",
      "version" : "http://snomed.info/sct/554471000005108",
      "code" : "276885007"
    }]
  },
  "subject" : {
    "reference" : "Patient/else"
  },
  "effectiveDateTime" : "2023-09-12T17:45:00.000Z",
  "performer" : [{
    "reference" : "Practitioner/SidselSygeplejerske"
  }],
  "valueQuantity" : {
    "value" : 38.7,
    "unit" : "grader celcius",
    "system" : "http://unitsofmeasure.org",
    "code" : "Cel"
  },
  "method" : {
    "coding" : [{
      "system" : "http://snomed.info/sct",
      "version" : "http://snomed.info/sct/554471000005108",
      "code" : "272391002",
      "display" : "Measurement technique (qualifier value)"
    }]
  }
}