{
  "resourceType" : "ValueSet",
  "id" : "dk-core-priority-codes",
  "text" : {
    "status" : "extensions",
    "div" : "<div xmlns=\"http://www.w3.org/1999/xhtml\"><p class=\"res-header-id\"><b>Generated Narrative: ValueSet dk-core-priority-codes</b></p><a name=\"dk-core-priority-codes\"> </a><a name=\"hcdk-core-priority-codes\"> </a><a name=\"dk-core-priority-codes-da-DK\"> </a><p>This value set includes codes based on the following rules:</p><ul><li>Import all the codes that are contained in <a href=\"http://hl7.org/fhir/R4/valueset-request-priority.html\">Request priority</a></li></ul><p>This value set excludes codes based on the following rules:</p><ul><li>Exclude these codes as defined in <a href=\"http://hl7.org/fhir/R4/codesystem-request-priority.html\"><code>http://hl7.org/fhir/request-priority</code></a><table class=\"none\"><tr><td style=\"white-space:nowrap\"><b>Code</b></td><td><b>Display</b></td><td><b>Definition</b></td></tr><tr><td><a href=\"http://hl7.org/fhir/R4/codesystem-request-priority.html#request-priority-urgent\">urgent</a></td><td style=\"color: #cccccc\">Urgent</td><td>The request should be actioned promptly - higher priority than routine.</td></tr><tr><td><a href=\"http://hl7.org/fhir/R4/codesystem-request-priority.html#request-priority-stat\">stat</a></td><td style=\"color: #cccccc\">STAT</td><td>The request should be actioned immediately - highest possible priority.  E.g. an emergency.</td></tr></table></li></ul></div>"
  },
  "url" : "http://hl7.dk/fhir/core/ValueSet/dk-core-priority-codes",
  "version" : "3.4.0",
  "name" : "DkCorePriorityCodes",
  "title" : "DK priority codes",
  "status" : "active",
  "experimental" : false,
  "date" : "2025-02-01T19:18:26+01:00",
  "publisher" : "HL7 Denmark",
  "contact" : [{
    "name" : "HL7 Denmark",
    "telecom" : [{
      "system" : "url",
      "value" : "http://www.hl7.dk"
    },
    {
      "system" : "email",
      "value" : "jenskristianvilladsen@gmail.com"
    }]
  }],
  "description" : "DK Codes for priority",
  "jurisdiction" : [{
    "coding" : [{
      "system" : "urn:iso:std:iso:3166",
      "code" : "DK",
      "display" : "Denmark"
    }]
  }],
  "compose" : {
    "include" : [{
      "valueSet" : ["http://hl7.org/fhir/ValueSet/request-priority"]
    }],
    "exclude" : [{
      "system" : "http://hl7.org/fhir/request-priority",
      "concept" : [{
        "code" : "urgent"
      },
      {
        "code" : "stat"
      }]
    }]
  }
}