<?xml version="1.0" encoding="UTF-8"?><ValueSet xmlns="http://hl7.org/fhir"><id value="dk-core-LoincBasicObservation"/><text><status value="generated"/><div xmlns="http://www.w3.org/1999/xhtml"><p class="res-header-id"><b>Generated Narrative: ValueSet dk-core-LoincBasicObservation</b></p><a name="dk-core-LoincBasicObservation"> </a><a name="hcdk-core-LoincBasicObservation"> </a><a name="dk-core-LoincBasicObservation-da-DK"> </a><ul><li>Include these codes as defined in <a href="http://loinc.org"><code>http://loinc.org</code></a><table class="none"><tr><td style="white-space:nowrap"><b>Code</b></td><td><b>Display</b></td></tr><tr><td><a href="https://loinc.org/9279-1/">9279-1</a></td><td style="color: #cccccc">Respiratory rate</td></tr><tr><td><a href="https://loinc.org/8867-4/">8867-4</a></td><td style="color: #cccccc">Heart rate</td></tr><tr><td><a href="https://loinc.org/2708-6/">2708-6</a></td><td style="color: #cccccc">Oxygen saturation in Arterial blood</td></tr><tr><td><a href="https://loinc.org/8310-5/">8310-5</a></td><td style="color: #cccccc">Body temperature</td></tr><tr><td><a href="https://loinc.org/85353-1/">85353-1</a></td><td style="color: #cccccc">Vital signs, weight, height, head circumference, oxygen saturation and BMI panel</td></tr><tr><td><a href="https://loinc.org/8302-2/">8302-2</a></td><td style="color: #cccccc">Body height</td></tr><tr><td><a href="https://loinc.org/9843-4/">9843-4</a></td><td style="color: #cccccc">Head Occipital-frontal circumference</td></tr><tr><td><a href="https://loinc.org/29463-7/">29463-7</a></td><td style="color: #cccccc">Body weight</td></tr><tr><td><a href="https://loinc.org/39156-5/">39156-5</a></td><td style="color: #cccccc">Body mass index (BMI) [Ratio]</td></tr><tr><td><a href="https://loinc.org/85354-9/">85354-9</a></td><td style="color: #cccccc">Blood pressure panel with all children optional</td></tr><tr><td><a href="https://loinc.org/8480-6/">8480-6</a></td><td style="color: #cccccc">Systolic blood pressure</td></tr><tr><td><a href="https://loinc.org/8462-4/">8462-4</a></td><td style="color: #cccccc">Diastolic blood pressure</td></tr><tr><td><a href="https://loinc.org/8478-0/">8478-0</a></td><td style="color: #cccccc">Mean blood pressure</td></tr><tr><td><a href="https://loinc.org/59408-5/">59408-5</a></td><td style="color: #cccccc">Oxygen saturation in Arterial blood by Pulse oximetry</td></tr></table></li></ul></div></text><url value="http://hl7.dk/fhir/core/ValueSet/dk-core-LoincBasicObservation"/><version value="3.4.0"/><name value="LoincBasicObservation"/><title value="DK Core LOINC Basic Observations"/><status value="active"/><experimental value="false"/><date value="2025-02-01T19:18:26+01:00"/><publisher value="HL7 Denmark"/><contact><name value="HL7 Denmark"/><telecom><system value="url"/><value value="http://www.hl7.dk"/></telecom><telecom><system value="email"/><value value="jenskristianvilladsen@gmail.com"/></telecom></contact><description value="LOINC codes describing Basic Observations usable in Denmark."/><jurisdiction><coding><system value="urn:iso:std:iso:3166"/><code value="DK"/><display value="Denmark"/></coding></jurisdiction><copyright value="This material contains content from LOINC (http://loinc.org). LOINC is copyright © 1995-2020, Regenstrief Institute, Inc. and the Logical Observation Identifiers Names and Codes (LOINC) Committee and is available at no cost under the license at http://loinc.org/license. LOINC® is a registered United States trademark of Regenstrief Institute, Inc"/><compose><include><system value="http://loinc.org"/><concept><code value="9279-1"/></concept><concept><code value="8867-4"/></concept><concept><code value="2708-6"/></concept><concept><code value="8310-5"/></concept><concept><code value="85353-1"/></concept><concept><code value="8302-2"/></concept><concept><code value="9843-4"/></concept><concept><code value="29463-7"/></concept><concept><code value="39156-5"/></concept><concept><code value="85354-9"/></concept><concept><code value="8480-6"/></concept><concept><code value="8462-4"/></concept><concept><code value="8478-0"/></concept><concept><code value="59408-5"/></concept></include></compose></ValueSet>