{
  "resourceType" : "CodeSystem",
  "id" : "days-of-week-dk-supplement",
  "text" : {
    "status" : "generated",
    "div" : "<div xmlns=\"http://www.w3.org/1999/xhtml\"><p>This code system <code>http://hl7.dk/fhir/core/CodeSystem/days-of-week-dk-supplement</code> defines displays on the following codes:</p><table class=\"codes\"><tr><td style=\"white-space:nowrap\"><b>Code</b></td><td><b>Dansk (Danish, da)</b></td></tr><tr><td><a style=\"white-space:nowrap\" href=\"http://hl7.org/fhir/R4/codesystem-days-of-week.html#days-of-week-mon\">mon</a><a name=\"days-of-week-dk-supplement-mon\"> </a></td><td>Mandag</td></tr><tr><td><a style=\"white-space:nowrap\" href=\"http://hl7.org/fhir/R4/codesystem-days-of-week.html#days-of-week-tue\">tue</a><a name=\"days-of-week-dk-supplement-tue\"> </a></td><td>Tirsdag</td></tr><tr><td><a style=\"white-space:nowrap\" href=\"http://hl7.org/fhir/R4/codesystem-days-of-week.html#days-of-week-wed\">wed</a><a name=\"days-of-week-dk-supplement-wed\"> </a></td><td>Onsdag</td></tr><tr><td><a style=\"white-space:nowrap\" href=\"http://hl7.org/fhir/R4/codesystem-days-of-week.html#days-of-week-thu\">thu</a><a name=\"days-of-week-dk-supplement-thu\"> </a></td><td>Torsdag</td></tr><tr><td><a style=\"white-space:nowrap\" href=\"http://hl7.org/fhir/R4/codesystem-days-of-week.html#days-of-week-fri\">fri</a><a name=\"days-of-week-dk-supplement-fri\"> </a></td><td>Fredag</td></tr><tr><td><a style=\"white-space:nowrap\" href=\"http://hl7.org/fhir/R4/codesystem-days-of-week.html#days-of-week-sat\">sat</a><a name=\"days-of-week-dk-supplement-sat\"> </a></td><td>Lørdag</td></tr><tr><td><a style=\"white-space:nowrap\" href=\"http://hl7.org/fhir/R4/codesystem-days-of-week.html#days-of-week-sun\">sun</a><a name=\"days-of-week-dk-supplement-sun\"> </a></td><td>Søndag</td></tr></table></div>"
  },
  "url" : "http://hl7.dk/fhir/core/CodeSystem/days-of-week-dk-supplement",
  "version" : "3.0.0",
  "name" : "DaysOfWeek",
  "title" : "DK Days Of Week",
  "status" : "active",
  "experimental" : false,
  "date" : "2023-12-01T14:00:38+01:00",
  "publisher" : "HL7 Denmark",
  "contact" : [{
    "name" : "HL7 Denmark",
    "telecom" : [{
      "system" : "url",
      "value" : "http://www.hl7.dk"
    },
    {
      "system" : "email",
      "value" : "jenskristianvilladsen@gmail.com"
    }]
  }],
  "description" : "The days of the week.",
  "jurisdiction" : [{
    "coding" : [{
      "system" : "urn:iso:std:iso:3166",
      "code" : "DK",
      "display" : "Denmark"
    }]
  }],
  "content" : "supplement",
  "supplements" : "http://hl7.org/fhir/days-of-week",
  "concept" : [{
    "code" : "mon",
    "designation" : [{
      "language" : "da",
      "use" : {
        "system" : "http://snomed.info/sct",
        "code" : "900000000000013009"
      },
      "value" : "Mandag"
    }]
  },
  {
    "code" : "tue",
    "designation" : [{
      "language" : "da",
      "use" : {
        "system" : "http://snomed.info/sct",
        "code" : "900000000000013009"
      },
      "value" : "Tirsdag"
    }]
  },
  {
    "code" : "wed",
    "designation" : [{
      "language" : "da",
      "use" : {
        "system" : "http://snomed.info/sct",
        "code" : "900000000000013009"
      },
      "value" : "Onsdag"
    }]
  },
  {
    "code" : "thu",
    "designation" : [{
      "language" : "da",
      "use" : {
        "system" : "http://snomed.info/sct",
        "code" : "900000000000013009"
      },
      "value" : "Torsdag"
    }]
  },
  {
    "code" : "fri",
    "designation" : [{
      "language" : "da",
      "use" : {
        "system" : "http://snomed.info/sct",
        "code" : "900000000000013009"
      },
      "value" : "Fredag"
    }]
  },
  {
    "code" : "sat",
    "designation" : [{
      "language" : "da",
      "use" : {
        "system" : "http://snomed.info/sct",
        "code" : "900000000000013009"
      },
      "value" : "Lørdag"
    }]
  },
  {
    "code" : "sun",
    "designation" : [{
      "language" : "da",
      "use" : {
        "system" : "http://snomed.info/sct",
        "code" : "900000000000013009"
      },
      "value" : "Søndag"
    }]
  }]
}