<?xml version="1.0" encoding="UTF-8"?>

<Organization xmlns="http://hl7.org/fhir">
  <id value="b08997bb-4476-4dd0-84dd-2e297f809364"/>
  <meta>
    <profile value="http://hl7.dk/fhir/core/StructureDefinition/dk-core-organization"/>
  </meta>
  <text>
    <status value="generated"/><div xmlns="http://www.w3.org/1999/xhtml"><p class="res-header-id"><b>Generated Narrative: Organization b08997bb-4476-4dd0-84dd-2e297f809364</b></p><a name="b08997bb-4476-4dd0-84dd-2e297f809364"> </a><a name="hcb08997bb-4476-4dd0-84dd-2e297f809364"> </a><a name="b08997bb-4476-4dd0-84dd-2e297f809364-da-DK"> </a><p><b>identifier</b>: <code>urn:oid:1.2.208.176.1.1</code>/12345678901, <code>http://cvr.dk</code>/26919991, <code>https://www.gs1.org/gln</code>/5798002472264, <code>https://kombit.dk/sts/organisation</code>/urn:uuid:a107fd1e-9f35-422c-9d1e-add097bbf4a6</p><p><b>type</b>: <span title="Codes:{http://snomed.info/sct 264372000}">Pharmacy</span></p></div>
  </text>
  <identifier>
    <system value="urn:oid:1.2.208.176.1.1"/>
    <value value="12345678901"/>
  </identifier>
  <identifier>
    <system value="http://cvr.dk"/>
    <value value="26919991"/>
  </identifier>
  <identifier>
    <system value="https://www.gs1.org/gln"/>
    <value value="5798002472264"/>
  </identifier>
  <identifier>
    <system value="https://kombit.dk/sts/organisation"/>
    <value value="urn:uuid:a107fd1e-9f35-422c-9d1e-add097bbf4a6"/>
  </identifier>
  <type>
    <coding>
      <system value="http://snomed.info/sct"/>
      <code value="264372000"/>
    </coding>
  </type>
</Organization>