<?xml version="1.0" encoding="UTF-8"?>

<Practitioner xmlns="http://hl7.org/fhir">
  <id value="HanneSocialraadgiver"/>
  <meta>
    <profile value="http://hl7.dk/fhir/core/StructureDefinition/dk-core-practitioner"/>
  </meta>
  <text>
    <status value="generated"/><div xmlns="http://www.w3.org/1999/xhtml"><p class="res-header-id"><b>Generated Narrative: Practitioner HanneSocialraadgiver</b></p><a name="HanneSocialraadgiver"> </a><a name="hcHanneSocialraadgiver"> </a><a name="HanneSocialraadgiver-da-DK"> </a><p><b>name</b>: Hanne Mortensen </p><h3>Qualifications</h3><table class="grid"><tr><td style="display: none">-</td><td><b>Code</b></td></tr><tr><td style="display: none">*</td><td><span title="Codes:">Socialrådgiver</span></td></tr></table></div>
  </text>
  <name>
    <family value="Mortensen"/>
    <given value="Hanne"/>
  </name>
  <qualification>
    <code>
      <text value="Socialrådgiver"/>
    </code>
  </qualification>
</Practitioner>