<?xml version="1.0" encoding="UTF-8"?>

<Condition xmlns="http://hl7.org/fhir">
  <id value="JohnPacemaker"/>
  <meta>
    <profile value="http://hl7.dk/fhir/core/StructureDefinition/dk-core-condition"/>
  </meta>
  <text>
    <status value="generated"/><div xmlns="http://www.w3.org/1999/xhtml"><p class="res-header-id"><b>Generated Narrative: Condition JohnPacemaker</b></p><a name="JohnPacemaker"> </a><a name="hcJohnPacemaker"> </a><a name="JohnPacemaker-da-DK"> </a><p><b>clinicalStatus</b>: <span title="Codes:{http://terminology.hl7.org/CodeSystem/condition-clinical active}">Active</span></p><p><b>verificationStatus</b>: <span title="Codes:{http://terminology.hl7.org/CodeSystem/condition-ver-status confirmed}">Confirmed</span></p><p><b>category</b>: <span title="Codes:{http://terminology.hl7.org/CodeSystem/condition-category problem-list-item}">Problem List Item</span></p><p><b>code</b>: <span title="Codes:{http://snomed.info/sct 441509002}">Cardiac pacemaker in situ</span></p><p><b>subject</b>: <a href="Patient-john.html">Johnny Male, DoB: 1960-01-02 ( urn:oid:1.2.208.176.1.2#0201609995)</a></p><p><b>recordedDate</b>: 2021-05-01</p><p><b>recorder</b>: <a href="Practitioner-AbrahamLaege.html">Practitioner Abraham Murakami</a></p></div>
  </text>
  <clinicalStatus>
    <coding>
      <system value="http://terminology.hl7.org/CodeSystem/condition-clinical"/>
      <code value="active"/>
    </coding>
  </clinicalStatus>
  <verificationStatus>
    <coding>
      <system value="http://terminology.hl7.org/CodeSystem/condition-ver-status"/>
      <code value="confirmed"/>
    </coding>
  </verificationStatus>
  <category>
    <coding>
      <system value="http://terminology.hl7.org/CodeSystem/condition-category"/>
      <code value="problem-list-item"/>
    </coding>
  </category>
  <code>
    <coding>
      <system value="http://snomed.info/sct"/>
      <version value="http://snomed.info/sct/554471000005108"/>
      <code value="441509002"/>
      <display value="Cardiac pacemaker in situ"/>
    </coding>
  </code>
  <subject>
    <reference value="Patient/john"/>
  </subject>
  <recordedDate value="2021-05-01"/>
  <recorder>
    <reference value="Practitioner/AbrahamLaege"/>
  </recorder>
</Condition>