<?xml version="1.0" encoding="UTF-8"?>

<Organization xmlns="http://hl7.org/fhir">
  <id value="154b8c96-a061-45bf-9ce4-1947c7c3c283"/>
  <meta>
    <profile value="http://hl7.dk/fhir/core/StructureDefinition/dk-core-organization"/>
  </meta>
  <text>
    <status value="generated"/><div xmlns="http://www.w3.org/1999/xhtml"><p class="res-header-id"><b>Generated Narrative: Organization 154b8c96-a061-45bf-9ce4-1947c7c3c283</b></p><a name="154b8c96-a061-45bf-9ce4-1947c7c3c283"> </a><a name="hc154b8c96-a061-45bf-9ce4-1947c7c3c283"> </a><a name="154b8c96-a061-45bf-9ce4-1947c7c3c283-da-DK"> </a><p><b>identifier</b>: <code>urn:oid:1.2.208.176.1.1</code>/12345678901, <code>http://medcomfhir.dk/ig/terminology/CodeSystem/MedComProducentID</code>/KAF</p><p><b>type</b>: <span title="Codes:{http://snomed.info/sct 264361005}">HC - Health centre</span></p></div>
  </text>
  <identifier>
    <system value="urn:oid:1.2.208.176.1.1"/>
    <value value="12345678901"/>
  </identifier>
  <identifier>
    <system value="http://medcomfhir.dk/ig/terminology/CodeSystem/MedComProducentID"/>
    <value value="KAF"/>
  </identifier>
  <type>
    <coding>
      <system value="http://snomed.info/sct"/>
      <version value="http://snomed.info/sct/554471000005108"/>
      <code value="264361005"/>
    </coding>
  </type>
</Organization>