<?xml version="1.0" encoding="UTF-8"?>

<ServiceRequest xmlns="http://hl7.org/fhir">
  <id value="JohnsServiceRequest"/>
  <meta>
    <profile value="http://hl7.dk/fhir/core/StructureDefinition/dk-core-person-servicerequest"/>
  </meta>
  <text>
    <status value="generated"/><div xmlns="http://www.w3.org/1999/xhtml"><p class="res-header-id"><b>Generated Narrative: ServiceRequest JohnsServiceRequest</b></p><a name="JohnsServiceRequest"> </a><a name="hcJohnsServiceRequest"> </a><a name="JohnsServiceRequest-da-DK"> </a><p><b>status</b>: Active</p><p><b>intent</b>: Plan</p><p><b>category</b>: <span title="Codes:{http://snomed.info/sct 658161000005107}">hjemmesygepleje</span></p><p><b>priority</b>: Routine</p><p><b>code</b>: <span title="Codes:{http://snomed.info/sct 225358003}">sårbehandling og -pleje</span></p><p><b>orderDetail</b>: <span title="Codes:{http://snomed.info/sct 410379003}">overvågning af forbindingskift/sårpleje</span></p><p><b>subject</b>: <a href="Patient-john.html">Johnny Male, DoB: 1960-01-02 ( urn:oid:1.2.208.176.1.2#0201609995)</a></p></div>
  </text>
  <status value="active"/>
  <intent value="plan"/>
  <category>
    <coding>
      <system value="http://snomed.info/sct"/>
      <version value="http://snomed.info/sct/554471000005108"/>
      <code value="658161000005107"/>
      <display value="hjemmesygepleje"/>
    </coding>
  </category>
  <priority value="routine"/>
  <code>
    <coding>
      <system value="http://snomed.info/sct"/>
      <version value="http://snomed.info/sct/554471000005108"/>
      <code value="225358003"/>
      <display value="sårbehandling og -pleje"/>
    </coding>
  </code>
  <orderDetail>
    <coding>
      <system value="http://snomed.info/sct"/>
      <version value="http://snomed.info/sct/554471000005108"/>
      <code value="410379003"/>
      <display value="overvågning af forbindingskift/sårpleje"/>
    </coding>
  </orderDetail>
  <subject>
    <reference value="Patient/john"/>
  </subject>
</ServiceRequest>