<?xml version="1.0" encoding="UTF-8"?>

<ValueSet xmlns="http://hl7.org/fhir">
  <id value="dk-core-UCUM-BasicUnits"/>
  <text>
    <status value="generated"/><div xmlns="http://www.w3.org/1999/xhtml"><p class="res-header-id"><b>Generated Narrative: ValueSet dk-core-UCUM-BasicUnits</b></p><a name="dk-core-UCUM-BasicUnits"> </a><a name="hcdk-core-UCUM-BasicUnits"> </a><a name="dk-core-UCUM-BasicUnits-da-DK"> </a><ul><li>Include these codes as defined in <a href="http://unitsofmeasure.org"><code>http://unitsofmeasure.org</code></a><table class="none"><tr><td style="white-space:nowrap"><b>Code</b></td><td><b>Display</b></td></tr><tr><td>%</td><td style="color: #cccccc">%</td></tr><tr><td>cm</td><td style="color: #cccccc">cm</td></tr><tr><td>[in_i]</td><td style="color: #cccccc">[in_i]</td></tr><tr><td>kg</td><td style="color: #cccccc">kg</td></tr><tr><td>g</td><td style="color: #cccccc">g</td></tr><tr><td>[lb_av]</td><td style="color: #cccccc">[lb_av]</td></tr><tr><td>Cel</td><td style="color: #cccccc">Cel</td></tr><tr><td>[degF]</td><td style="color: #cccccc">[degF]</td></tr><tr><td>mm[Hg]</td><td style="color: #cccccc">mm[Hg]</td></tr><tr><td>/min</td><td style="color: #cccccc">/min</td></tr><tr><td>kg/m2</td><td style="color: #cccccc">kg/m2</td></tr><tr><td>m2</td><td style="color: #cccccc">m2</td></tr><tr><td>{fraction}</td><td style="color: #cccccc">{fraction}</td></tr></table></li></ul></div>
  </text>
  <url value="http://hl7.dk/fhir/core/ValueSet/dk-core-UCUM-BasicUnits"/>
  <version value="3.4.0"/>
  <name value="UCUMBasicUnits"/>
  <title value="DK Core UCUM Basic Units"/>
  <status value="active"/>
  <experimental value="false"/>
  <date value="2025-02-01T19:18:26+01:00"/>
  <publisher value="HL7 Denmark"/>
  <contact>
    <name value="HL7 Denmark"/>
    <telecom>
      <system value="url"/>
      <value value="http://www.hl7.dk"/>
    </telecom>
    <telecom>
      <system value="email"/>
      <value value="jenskristianvilladsen@gmail.com"/>
    </telecom>
  </contact>
  <description value="UCUM codes to represent units for basic Observations usable in Denmark"/>
  <jurisdiction>
    <coding>
      <system value="urn:iso:std:iso:3166"/>
      <code value="DK"/>
      <display value="Denmark"/>
    </coding>
  </jurisdiction>
  <copyright value="This material contains content from UCUM (http://ucum.org). UCUM is copyright © 1999-2024, Regenstrief Institute, Inc. and is available under the license at http://ucum.org/license."/>
  <compose>
    <include>
      <system value="http://unitsofmeasure.org"/>
      <concept>
        <code value="%"/>
      </concept>
      <concept>
        <code value="cm"/>
      </concept>
      <concept>
        <code value="[in_i]"/>
      </concept>
      <concept>
        <code value="kg"/>
      </concept>
      <concept>
        <code value="g"/>
      </concept>
      <concept>
        <code value="[lb_av]"/>
      </concept>
      <concept>
        <code value="Cel"/>
      </concept>
      <concept>
        <code value="[degF]"/>
      </concept>
      <concept>
        <code value="mm[Hg]"/>
      </concept>
      <concept>
        <code value="/min"/>
      </concept>
      <concept>
        <code value="kg/m2"/>
      </concept>
      <concept>
        <code value="m2"/>
      </concept>
      <concept>
        <code value="{fraction}"/>
      </concept>
    </include>
  </compose>
</ValueSet>