<?xml version="1.0" encoding="UTF-8"?>

<ValueSet xmlns="http://hl7.org/fhir">
  <id value="dk-core-RelatedPersonRelationshipTypes"/>
  <text>
    <status value="extensions"/><div xmlns="http://www.w3.org/1999/xhtml"><p class="res-header-id"><b>Generated Narrative: ValueSet dk-core-RelatedPersonRelationshipTypes</b></p><a name="dk-core-RelatedPersonRelationshipTypes"> </a><a name="hcdk-core-RelatedPersonRelationshipTypes"> </a><a name="dk-core-RelatedPersonRelationshipTypes-da-DK"> </a><p>This value set includes codes based on the following rules:</p><ul><li>Include these codes as defined in <a href="http://terminology.hl7.org/6.0.2/CodeSystem-v3-RoleCode.html"><code>http://terminology.hl7.org/CodeSystem/v3-RoleCode</code></a><table class="none"><tr><td style="white-space:nowrap"><b>Code</b></td><td><b>Display</b></td><td><b>Definition</b></td></tr><tr><td><a href="http://terminology.hl7.org/6.0.2/CodeSystem-v3-RoleCode.html#v3-RoleCode-FAMMEMB">FAMMEMB</a></td><td style="color: #cccccc">family member</td><td>A relationship between two people characterizing their &quot;familial&quot; relationship</td></tr><tr><td><a href="http://terminology.hl7.org/6.0.2/CodeSystem-v3-RoleCode.html#v3-RoleCode-CHILD">CHILD</a></td><td style="color: #cccccc">child</td><td>The player of the role is a child of the scoping entity.</td></tr><tr><td><a href="http://terminology.hl7.org/6.0.2/CodeSystem-v3-RoleCode.html#v3-RoleCode-DAUC">DAUC</a></td><td style="color: #cccccc">daughter</td><td>**Description:** The player of the role is a female child (of any type) of scoping entity (parent)</td></tr><tr><td><a href="http://terminology.hl7.org/6.0.2/CodeSystem-v3-RoleCode.html#v3-RoleCode-SONC">SONC</a></td><td style="color: #cccccc">son</td><td>**Description:** The player of the role is a male child (of any type) of scoping entity (parent)</td></tr><tr><td><a href="http://terminology.hl7.org/6.0.2/CodeSystem-v3-RoleCode.html#v3-RoleCode-GRNDCHILD">GRNDCHILD</a></td><td style="color: #cccccc">grandchild</td><td>The player of the role is a child of the scoping person's son or daughter.</td></tr><tr><td><a href="http://terminology.hl7.org/6.0.2/CodeSystem-v3-RoleCode.html#v3-RoleCode-CHLDINLAW">CHLDINLAW</a></td><td style="color: #cccccc">child-in-law</td><td>The player of the role is the spouse of scoping person's child.</td></tr><tr><td><a href="http://terminology.hl7.org/6.0.2/CodeSystem-v3-RoleCode.html#v3-RoleCode-PRN">PRN</a></td><td style="color: #cccccc">parent</td><td>The player of the role is one who begets, gives birth to, or nurtures and raises the scoping entity (child).</td></tr><tr><td><a href="http://terminology.hl7.org/6.0.2/CodeSystem-v3-RoleCode.html#v3-RoleCode-FTH">FTH</a></td><td style="color: #cccccc">father</td><td>The player of the role is a male who begets or raises or nurtures the scoping entity (child).</td></tr><tr><td><a href="http://terminology.hl7.org/6.0.2/CodeSystem-v3-RoleCode.html#v3-RoleCode-MTH">MTH</a></td><td style="color: #cccccc">mother</td><td>The player of the role is a female who conceives, gives birth to, or raises and nurtures the scoping entity (child).</td></tr><tr><td><a href="http://terminology.hl7.org/6.0.2/CodeSystem-v3-RoleCode.html#v3-RoleCode-SIB">SIB</a></td><td style="color: #cccccc">sibling</td><td>The player of the role shares one or both parents in common with the scoping entity.</td></tr><tr><td><a href="http://terminology.hl7.org/6.0.2/CodeSystem-v3-RoleCode.html#v3-RoleCode-DOMPART">DOMPART</a></td><td style="color: #cccccc">domestic partner</td><td>The player of the role cohabits with the scoping person but is not the scoping person's spouse.</td></tr><tr><td><a href="http://terminology.hl7.org/6.0.2/CodeSystem-v3-RoleCode.html#v3-RoleCode-SPS">SPS</a></td><td style="color: #cccccc">spouse</td><td>The player of the role is a marriage partner of the scoping person.</td></tr><tr><td><a href="http://terminology.hl7.org/6.0.2/CodeSystem-v3-RoleCode.html#v3-RoleCode-FRND">FRND</a></td><td style="color: #cccccc">unrelated friend</td><td>The player of the role is a person who is known, liked, and trusted by the scoping person.</td></tr><tr><td><a href="http://terminology.hl7.org/6.0.2/CodeSystem-v3-RoleCode.html#v3-RoleCode-NBOR">NBOR</a></td><td style="color: #cccccc">neighbor</td><td>The player of the role lives near or next to the scoping person.</td></tr><tr><td><a href="http://terminology.hl7.org/6.0.2/CodeSystem-v3-RoleCode.html#v3-RoleCode-ROOM">ROOM</a></td><td style="color: #cccccc">Roommate</td><td>One who shares living quarters with the subject.</td></tr><tr><td><a href="http://terminology.hl7.org/6.0.2/CodeSystem-v3-RoleCode.html#v3-RoleCode-GUARD">GUARD</a></td><td style="color: #cccccc">guardian</td><td>The role played by a person or institution legally empowered with responsibility for the care of a ward.</td></tr><tr><td><a href="http://terminology.hl7.org/6.0.2/CodeSystem-v3-RoleCode.html#v3-RoleCode-NOK">NOK</a></td><td style="color: #cccccc">next of kin</td><td>Played by an individual who is designated as the next of kin for another individual which scopes the role.</td></tr><tr><td><a href="http://terminology.hl7.org/6.0.2/CodeSystem-v3-RoleCode.html#v3-RoleCode-POWATT">POWATT</a></td><td style="color: #cccccc">power of attorney</td><td>A relationship between two people in which one person authorizes another to act for him in a manner which is a legally binding upon the person giving such authority as if he or she personally were to do the acts.</td></tr><tr><td><a href="http://terminology.hl7.org/6.0.2/CodeSystem-v3-RoleCode.html#v3-RoleCode-ECON">ECON</a></td><td style="color: #cccccc">emergency contact</td><td>A contact designated for contact in emergent situations.</td></tr></table></li><li>Include all codes defined in <a href="CodeSystem-dk-relatedperson-relationshipcodes.html"><code>http://hl7.dk/fhir/core/CodeSystem/dk-relatedperson-relationshipcodes</code></a></li></ul></div>
  </text>
  <url value="http://hl7.dk/fhir/core/ValueSet/dk-core-RelatedPersonRelationshipTypes"/>
  <version value="3.4.0"/>
  <name value="RelatedPersonRelationshipTypes"/>
  <title value="DK Related Person Relationship Types"/>
  <status value="active"/>
  <experimental value="false"/>
  <date value="2025-02-01T19:18:26+01:00"/>
  <publisher value="HL7 Denmark"/>
  <contact>
    <name value="HL7 Denmark"/>
    <telecom>
      <system value="url"/>
      <value value="http://www.hl7.dk"/>
    </telecom>
    <telecom>
      <system value="email"/>
      <value value="jenskristianvilladsen@gmail.com"/>
    </telecom>
  </contact>
  <description value="DK Related Person Relationship Types"/>
  <jurisdiction>
    <coding>
      <system value="urn:iso:std:iso:3166"/>
      <code value="DK"/>
      <display value="Denmark"/>
    </coding>
  </jurisdiction>
  <compose>
    <include>
      <system value="http://terminology.hl7.org/CodeSystem/v3-RoleCode"/>
      <concept>
        <code value="FAMMEMB"/>
      </concept>
      <concept>
        <code value="CHILD"/>
      </concept>
      <concept>
        <code value="DAUC"/>
      </concept>
      <concept>
        <code value="SONC"/>
      </concept>
      <concept>
        <code value="GRNDCHILD"/>
      </concept>
      <concept>
        <code value="CHLDINLAW"/>
      </concept>
      <concept>
        <code value="PRN"/>
      </concept>
      <concept>
        <code value="FTH"/>
      </concept>
      <concept>
        <code value="MTH"/>
      </concept>
      <concept>
        <code value="SIB"/>
      </concept>
      <concept>
        <code value="DOMPART"/>
      </concept>
      <concept>
        <code value="SPS"/>
      </concept>
      <concept>
        <code value="FRND"/>
      </concept>
      <concept>
        <code value="NBOR"/>
      </concept>
      <concept>
        <code value="ROOM"/>
      </concept>
      <concept>
        <code value="GUARD"/>
      </concept>
      <concept>
        <code value="NOK"/>
      </concept>
      <concept>
        <code value="POWATT"/>
      </concept>
      <concept>
        <code value="ECON"/>
      </concept>
    </include>
    <include>
      <system value="http://hl7.dk/fhir/core/CodeSystem/dk-relatedperson-relationshipcodes"/>
    </include>
  </compose>
</ValueSet>