{"resourceType":"CodeSystem","id":"consent-state-codes-dk-supplement","text":{"status":"generated","div":"<div xmlns=\"http://www.w3.org/1999/xhtml\"><p>This code system <code>http://hl7.dk/fhir/core/CodeSystem/consent-state-codes-dk-supplement</code> defines displays on the following codes:</p><table class=\"codes\"><tr><td style=\"white-space:nowrap\"><b>Code</b></td><td><b>Dansk (Danish, da)</b></td></tr><tr><td><a style=\"white-space:nowrap\" href=\"http://hl7.org/fhir/R4/codesystem-consent-state-codes.html#consent-state-codes-draft\">draft</a><a name=\"consent-state-codes-dk-supplement-draft\"> </a></td><td>Under udarbejdelse</td></tr><tr><td><a style=\"white-space:nowrap\" href=\"http://hl7.org/fhir/R4/codesystem-consent-state-codes.html#consent-state-codes-proposed\">proposed</a><a name=\"consent-state-codes-dk-supplement-proposed\"> </a></td><td>Forslag</td></tr><tr><td><a style=\"white-space:nowrap\" href=\"http://hl7.org/fhir/R4/codesystem-consent-state-codes.html#consent-state-codes-active\">active</a><a name=\"consent-state-codes-dk-supplement-active\"> </a></td><td>Aktiv</td></tr><tr><td><a style=\"white-space:nowrap\" href=\"http://hl7.org/fhir/R4/codesystem-consent-state-codes.html#consent-state-codes-rejected\">rejected</a><a name=\"consent-state-codes-dk-supplement-rejected\"> </a></td><td>Afvist</td></tr><tr><td><a style=\"white-space:nowrap\" href=\"http://hl7.org/fhir/R4/codesystem-consent-state-codes.html#consent-state-codes-inactive\">inactive</a><a name=\"consent-state-codes-dk-supplement-inactive\"> </a></td><td>Inaktiv</td></tr><tr><td><a style=\"white-space:nowrap\" href=\"http://hl7.org/fhir/R4/codesystem-consent-state-codes.html#consent-state-codes-entered-in-error\">entered-in-error</a><a name=\"consent-state-codes-dk-supplement-entered-in-error\"> </a></td><td>Fejlindtastning</td></tr></table></div>"},"url":"http://hl7.dk/fhir/core/CodeSystem/consent-state-codes-dk-supplement","version":"2.2.0","name":"ConsentState","title":"DK Consent State","status":"active","experimental":false,"date":"2023-05-05T01:37:30+02:00","publisher":"HL7 Denmark","contact":[{"name":"HL7 Denmark","telecom":[{"system":"url","value":"http://www.hl7.dk"},{"system":"email","value":"jenskristianvilladsen@gmail.com"}]}],"description":"Indicates the state of the consent","jurisdiction":[{"coding":[{"system":"urn:iso:std:iso:3166","code":"DK","display":"Denmark"}]}],"content":"supplement","supplements":"http://hl7.org/fhir/consent-state-codes","concept":[{"code":"draft","designation":[{"language":"da","use":{"system":"http://snomed.info/sct","code":"900000000000013009"},"value":"Under udarbejdelse"}]},{"code":"proposed","designation":[{"language":"da","use":{"system":"http://snomed.info/sct","code":"900000000000013009"},"value":"Forslag"}]},{"code":"active","designation":[{"language":"da","use":{"system":"http://snomed.info/sct","code":"900000000000013009"},"value":"Aktiv"}]},{"code":"rejected","designation":[{"language":"da","use":{"system":"http://snomed.info/sct","code":"900000000000013009"},"value":"Afvist"}]},{"code":"inactive","designation":[{"language":"da","use":{"system":"http://snomed.info/sct","code":"900000000000013009"},"value":"Inaktiv"}]},{"code":"entered-in-error","designation":[{"language":"da","use":{"system":"http://snomed.info/sct","code":"900000000000013009"},"value":"Fejlindtastning"}]}]}