{"resourceType":"ImplementationGuide","id":"hl7.fhir.dk.core","text":{"status":"extensions","div":"<div xmlns=\"http://www.w3.org/1999/xhtml\"><h2>DKCore</h2><p>The official URL for this implementation guide is: </p><pre>http://hl7.dk/fhir/core/ImplementationGuide/hl7.fhir.dk.core</pre><div><p>A FHIR Implementation Guide for the Danish common needs across healthcare sectors</p>\n</div></div>"},"url":"http://hl7.dk/fhir/core/ImplementationGuide/hl7.fhir.dk.core","version":"2.2.0","name":"DKCore","title":"HL7 FHIR Implementation Guide: DK Core","status":"active","date":"2023-04-30T22:07:34+02:00","publisher":"HL7 Denmark","contact":[{"name":"HL7 Denmark","telecom":[{"system":"url","value":"http://www.hl7.dk"},{"system":"email","value":"jenskristianvilladsen@gmail.com"}]}],"description":"A FHIR Implementation Guide for the Danish common needs across healthcare sectors","jurisdiction":[{"coding":[{"system":"urn:iso:std:iso:3166","code":"DK","display":"Denmark"}]}],"packageId":"hl7.fhir.dk.core","license":"CC0-1.0","fhirVersion":["4.0.1"],"dependsOn":[{"id":"hl7tx","extension":[{"url":"http://hl7.org/fhir/tools/StructureDefinition/implementationguide-dependency-comment","valueMarkdown":"Automatically added as a dependency - all IGs depend on HL7 Terminology"}],"uri":"http://terminology.hl7.org/ImplementationGuide/hl7.terminology","packageId":"hl7.terminology.r4","version":"5.0.0"},{"id":"hl7_fhir_uv_ipa","uri":"http://hl7.org/fhir/uv/ipa/ImplementationGuide/hl7.fhir.uv.ipa","packageId":"hl7.fhir.uv.ipa","version":"1.0.0"}],"definition":{"extension":[{"extension":[{"url":"code","valueString":"copyrightyear"},{"url":"value","valueString":"2021+"}],"url":"http://hl7.org/fhir/tools/StructureDefinition/ig-parameter"},{"extension":[{"url":"code","valueString":"releaselabel"},{"url":"value","valueString":"release"}],"url":"http://hl7.org/fhir/tools/StructureDefinition/ig-parameter"},{"extension":[{"url":"code","valueString":"show-inherited-invariants"},{"url":"value","valueString":"false"}],"url":"http://hl7.org/fhir/tools/StructureDefinition/ig-parameter"},{"extension":[{"url":"code","valueString":"ipa-comparison"},{"url":"value","valueString":"{last}"}],"url":"http://hl7.org/fhir/tools/StructureDefinition/ig-parameter"},{"extension":[{"url":"code","valueString":"autoload-resources"},{"url":"value","valueString":"true"}],"url":"http://hl7.org/fhir/tools/StructureDefinition/ig-parameter"},{"extension":[{"url":"code","valueString":"path-liquid"},{"url":"value","valueString":"template/liquid"}],"url":"http://hl7.org/fhir/tools/StructureDefinition/ig-parameter"},{"extension":[{"url":"code","valueString":"path-liquid"},{"url":"value","valueString":"input/liquid"}],"url":"http://hl7.org/fhir/tools/StructureDefinition/ig-parameter"},{"extension":[{"url":"code","valueString":"path-qa"},{"url":"value","valueString":"temp/qa"}],"url":"http://hl7.org/fhir/tools/StructureDefinition/ig-parameter"},{"extension":[{"url":"code","valueString":"path-temp"},{"url":"value","valueString":"temp/pages"}],"url":"http://hl7.org/fhir/tools/StructureDefinition/ig-parameter"},{"extension":[{"url":"code","valueString":"path-output"},{"url":"value","valueString":"output"}],"url":"http://hl7.org/fhir/tools/StructureDefinition/ig-parameter"},{"extension":[{"url":"code","valueString":"path-suppressed-warnings"},{"url":"value","valueString":"input/ignoreWarnings.txt"}],"url":"http://hl7.org/fhir/tools/StructureDefinition/ig-parameter"},{"extension":[{"url":"code","valueString":"path-history"},{"url":"value","valueString":"http://hl7.dk/fhir/core/history.html"}],"url":"http://hl7.org/fhir/tools/StructureDefinition/ig-parameter"},{"extension":[{"url":"code","valueString":"template-html"},{"url":"value","valueString":"template-page.html"}],"url":"http://hl7.org/fhir/tools/StructureDefinition/ig-parameter"},{"extension":[{"url":"code","valueString":"template-md"},{"url":"value","valueString":"template-page-md.html"}],"url":"http://hl7.org/fhir/tools/StructureDefinition/ig-parameter"},{"extension":[{"url":"code","valueString":"apply-contact"},{"url":"value","valueString":"true"}],"url":"http://hl7.org/fhir/tools/StructureDefinition/ig-parameter"},{"extension":[{"url":"code","valueString":"apply-context"},{"url":"value","valueString":"true"}],"url":"http://hl7.org/fhir/tools/StructureDefinition/ig-parameter"},{"extension":[{"url":"code","valueString":"apply-copyright"},{"url":"value","valueString":"true"}],"url":"http://hl7.org/fhir/tools/StructureDefinition/ig-parameter"},{"extension":[{"url":"code","valueString":"apply-jurisdiction"},{"url":"value","valueString":"true"}],"url":"http://hl7.org/fhir/tools/StructureDefinition/ig-parameter"},{"extension":[{"url":"code","valueString":"apply-license"},{"url":"value","valueString":"true"}],"url":"http://hl7.org/fhir/tools/StructureDefinition/ig-parameter"},{"extension":[{"url":"code","valueString":"apply-publisher"},{"url":"value","valueString":"true"}],"url":"http://hl7.org/fhir/tools/StructureDefinition/ig-parameter"},{"extension":[{"url":"code","valueString":"apply-version"},{"url":"value","valueString":"true"}],"url":"http://hl7.org/fhir/tools/StructureDefinition/ig-parameter"},{"extension":[{"url":"code","valueString":"active-tables"},{"url":"value","valueString":"true"}],"url":"http://hl7.org/fhir/tools/StructureDefinition/ig-parameter"},{"extension":[{"url":"code","valueString":"fmm-definition"},{"url":"value","valueString":"http://hl7.org/fhir/versions.html#maturity"}],"url":"http://hl7.org/fhir/tools/StructureDefinition/ig-parameter"},{"extension":[{"url":"code","valueString":"propagate-status"},{"url":"value","valueString":"true"}],"url":"http://hl7.org/fhir/tools/StructureDefinition/ig-parameter"},{"extension":[{"url":"code","valueString":"excludelogbinaryformat"},{"url":"value","valueString":"true"}],"url":"http://hl7.org/fhir/tools/StructureDefinition/ig-parameter"},{"extension":[{"url":"code","valueString":"tabbed-snapshots"},{"url":"value","valueString":"true"}],"url":"http://hl7.org/fhir/tools/StructureDefinition/ig-parameter"},{"url":"http://hl7.org/fhir/tools/StructureDefinition/ig-internal-dependency","valueCode":"hl7.fhir.uv.tools#current"},{"extension":[{"url":"code","valueCode":"copyrightyear"},{"url":"value","valueString":"2021+"}],"url":"http://hl7.org/fhir/tools/StructureDefinition/ig-parameter"},{"extension":[{"url":"code","valueCode":"releaselabel"},{"url":"value","valueString":"release"}],"url":"http://hl7.org/fhir/tools/StructureDefinition/ig-parameter"},{"extension":[{"url":"code","valueCode":"show-inherited-invariants"},{"url":"value","valueString":"false"}],"url":"http://hl7.org/fhir/tools/StructureDefinition/ig-parameter"},{"extension":[{"url":"code","valueCode":"ipa-comparison"},{"url":"value","valueString":"{last}"}],"url":"http://hl7.org/fhir/tools/StructureDefinition/ig-parameter"},{"extension":[{"url":"code","valueCode":"autoload-resources"},{"url":"value","valueString":"true"}],"url":"http://hl7.org/fhir/tools/StructureDefinition/ig-parameter"},{"extension":[{"url":"code","valueCode":"path-liquid"},{"url":"value","valueString":"template/liquid"}],"url":"http://hl7.org/fhir/tools/StructureDefinition/ig-parameter"},{"extension":[{"url":"code","valueCode":"path-liquid"},{"url":"value","valueString":"input/liquid"}],"url":"http://hl7.org/fhir/tools/StructureDefinition/ig-parameter"},{"extension":[{"url":"code","valueCode":"path-qa"},{"url":"value","valueString":"temp/qa"}],"url":"http://hl7.org/fhir/tools/StructureDefinition/ig-parameter"},{"extension":[{"url":"code","valueCode":"path-temp"},{"url":"value","valueString":"temp/pages"}],"url":"http://hl7.org/fhir/tools/StructureDefinition/ig-parameter"},{"extension":[{"url":"code","valueCode":"path-output"},{"url":"value","valueString":"output"}],"url":"http://hl7.org/fhir/tools/StructureDefinition/ig-parameter"},{"extension":[{"url":"code","valueCode":"path-suppressed-warnings"},{"url":"value","valueString":"input/ignoreWarnings.txt"}],"url":"http://hl7.org/fhir/tools/StructureDefinition/ig-parameter"},{"extension":[{"url":"code","valueCode":"path-history"},{"url":"value","valueString":"http://hl7.dk/fhir/core/history.html"}],"url":"http://hl7.org/fhir/tools/StructureDefinition/ig-parameter"},{"extension":[{"url":"code","valueCode":"template-html"},{"url":"value","valueString":"template-page.html"}],"url":"http://hl7.org/fhir/tools/StructureDefinition/ig-parameter"},{"extension":[{"url":"code","valueCode":"template-md"},{"url":"value","valueString":"template-page-md.html"}],"url":"http://hl7.org/fhir/tools/StructureDefinition/ig-parameter"},{"extension":[{"url":"code","valueCode":"apply-contact"},{"url":"value","valueString":"true"}],"url":"http://hl7.org/fhir/tools/StructureDefinition/ig-parameter"},{"extension":[{"url":"code","valueCode":"apply-context"},{"url":"value","valueString":"true"}],"url":"http://hl7.org/fhir/tools/StructureDefinition/ig-parameter"},{"extension":[{"url":"code","valueCode":"apply-copyright"},{"url":"value","valueString":"true"}],"url":"http://hl7.org/fhir/tools/StructureDefinition/ig-parameter"},{"extension":[{"url":"code","valueCode":"apply-jurisdiction"},{"url":"value","valueString":"true"}],"url":"http://hl7.org/fhir/tools/StructureDefinition/ig-parameter"},{"extension":[{"url":"code","valueCode":"apply-license"},{"url":"value","valueString":"true"}],"url":"http://hl7.org/fhir/tools/StructureDefinition/ig-parameter"},{"extension":[{"url":"code","valueCode":"apply-publisher"},{"url":"value","valueString":"true"}],"url":"http://hl7.org/fhir/tools/StructureDefinition/ig-parameter"},{"extension":[{"url":"code","valueCode":"apply-version"},{"url":"value","valueString":"true"}],"url":"http://hl7.org/fhir/tools/StructureDefinition/ig-parameter"},{"extension":[{"url":"code","valueCode":"active-tables"},{"url":"value","valueString":"true"}],"url":"http://hl7.org/fhir/tools/StructureDefinition/ig-parameter"},{"extension":[{"url":"code","valueCode":"fmm-definition"},{"url":"value","valueString":"http://hl7.org/fhir/versions.html#maturity"}],"url":"http://hl7.org/fhir/tools/StructureDefinition/ig-parameter"},{"extension":[{"url":"code","valueCode":"propagate-status"},{"url":"value","valueString":"true"}],"url":"http://hl7.org/fhir/tools/StructureDefinition/ig-parameter"},{"extension":[{"url":"code","valueCode":"excludelogbinaryformat"},{"url":"value","valueString":"true"}],"url":"http://hl7.org/fhir/tools/StructureDefinition/ig-parameter"},{"extension":[{"url":"code","valueCode":"tabbed-snapshots"},{"url":"value","valueString":"true"}],"url":"http://hl7.org/fhir/tools/StructureDefinition/ig-parameter"},{"extension":[{"url":"code","valueCode":"copyrightyear"},{"url":"value","valueString":"2021+"}],"url":"http://hl7.org/fhir/tools/StructureDefinition/ig-parameter"},{"extension":[{"url":"code","valueCode":"releaselabel"},{"url":"value","valueString":"release"}],"url":"http://hl7.org/fhir/tools/StructureDefinition/ig-parameter"},{"extension":[{"url":"code","valueCode":"show-inherited-invariants"},{"url":"value","valueString":"false"}],"url":"http://hl7.org/fhir/tools/StructureDefinition/ig-parameter"},{"extension":[{"url":"code","valueCode":"ipa-comparison"},{"url":"value","valueString":"{last}"}],"url":"http://hl7.org/fhir/tools/StructureDefinition/ig-parameter"},{"extension":[{"url":"code","valueCode":"autoload-resources"},{"url":"value","valueString":"true"}],"url":"http://hl7.org/fhir/tools/StructureDefinition/ig-parameter"},{"extension":[{"url":"code","valueCode":"path-liquid"},{"url":"value","valueString":"template/liquid"}],"url":"http://hl7.org/fhir/tools/StructureDefinition/ig-parameter"},{"extension":[{"url":"code","valueCode":"path-liquid"},{"url":"value","valueString":"input/liquid"}],"url":"http://hl7.org/fhir/tools/StructureDefinition/ig-parameter"},{"extension":[{"url":"code","valueCode":"path-qa"},{"url":"value","valueString":"temp/qa"}],"url":"http://hl7.org/fhir/tools/StructureDefinition/ig-parameter"},{"extension":[{"url":"code","valueCode":"path-temp"},{"url":"value","valueString":"temp/pages"}],"url":"http://hl7.org/fhir/tools/StructureDefinition/ig-parameter"},{"extension":[{"url":"code","valueCode":"path-output"},{"url":"value","valueString":"output"}],"url":"http://hl7.org/fhir/tools/StructureDefinition/ig-parameter"},{"extension":[{"url":"code","valueCode":"path-suppressed-warnings"},{"url":"value","valueString":"input/ignoreWarnings.txt"}],"url":"http://hl7.org/fhir/tools/StructureDefinition/ig-parameter"},{"extension":[{"url":"code","valueCode":"path-history"},{"url":"value","valueString":"http://hl7.dk/fhir/core/history.html"}],"url":"http://hl7.org/fhir/tools/StructureDefinition/ig-parameter"},{"extension":[{"url":"code","valueCode":"template-html"},{"url":"value","valueString":"template-page.html"}],"url":"http://hl7.org/fhir/tools/StructureDefinition/ig-parameter"},{"extension":[{"url":"code","valueCode":"template-md"},{"url":"value","valueString":"template-page-md.html"}],"url":"http://hl7.org/fhir/tools/StructureDefinition/ig-parameter"},{"extension":[{"url":"code","valueCode":"apply-contact"},{"url":"value","valueString":"true"}],"url":"http://hl7.org/fhir/tools/StructureDefinition/ig-parameter"},{"extension":[{"url":"code","valueCode":"apply-context"},{"url":"value","valueString":"true"}],"url":"http://hl7.org/fhir/tools/StructureDefinition/ig-parameter"},{"extension":[{"url":"code","valueCode":"apply-copyright"},{"url":"value","valueString":"true"}],"url":"http://hl7.org/fhir/tools/StructureDefinition/ig-parameter"},{"extension":[{"url":"code","valueCode":"apply-jurisdiction"},{"url":"value","valueString":"true"}],"url":"http://hl7.org/fhir/tools/StructureDefinition/ig-parameter"},{"extension":[{"url":"code","valueCode":"apply-license"},{"url":"value","valueString":"true"}],"url":"http://hl7.org/fhir/tools/StructureDefinition/ig-parameter"},{"extension":[{"url":"code","valueCode":"apply-publisher"},{"url":"value","valueString":"true"}],"url":"http://hl7.org/fhir/tools/StructureDefinition/ig-parameter"},{"extension":[{"url":"code","valueCode":"apply-version"},{"url":"value","valueString":"true"}],"url":"http://hl7.org/fhir/tools/StructureDefinition/ig-parameter"},{"extension":[{"url":"code","valueCode":"active-tables"},{"url":"value","valueString":"true"}],"url":"http://hl7.org/fhir/tools/StructureDefinition/ig-parameter"},{"extension":[{"url":"code","valueCode":"fmm-definition"},{"url":"value","valueString":"http://hl7.org/fhir/versions.html#maturity"}],"url":"http://hl7.org/fhir/tools/StructureDefinition/ig-parameter"},{"extension":[{"url":"code","valueCode":"propagate-status"},{"url":"value","valueString":"true"}],"url":"http://hl7.org/fhir/tools/StructureDefinition/ig-parameter"},{"extension":[{"url":"code","valueCode":"excludelogbinaryformat"},{"url":"value","valueString":"true"}],"url":"http://hl7.org/fhir/tools/StructureDefinition/ig-parameter"},{"extension":[{"url":"code","valueCode":"tabbed-snapshots"},{"url":"value","valueString":"true"}],"url":"http://hl7.org/fhir/tools/StructureDefinition/ig-parameter"}],"grouping":[{"id":"-str-profile","name":"Structures: Resource Profiles","description":"These define constraints on FHIR resources for systems conforming to this implementation guide."},{"id":"-str-datatype","name":"Structures: Data Type Profiles","description":"These define constraints on FHIR data types for systems conforming to this implementation guide."},{"id":"-str-extension","name":"Structures: Extension Definitions","description":"These define constraints on FHIR data types for systems conforming to this implementation guide."},{"id":"-term-valueset","name":"Terminology: Value Sets","description":"These define sets of codes used by systems conforming to this implementation guide."},{"id":"-term-codesystem","name":"Terminology: Code Systems","description":"These define new code systems used by systems conforming to this implementation guide."},{"id":"-term-namingsystem","name":"Terminology: Naming Systems","description":"These define identifier and/or code system identities used by systems conforming to this implementation guide."},{"id":"-ex-example","name":"Example: Example Instances","description":"These are example instances that show what data produced and consumed by systems conforming with this implementation guide might look like."}],"resource":[{"extension":[{"url":"http://hl7.org/fhir/StructureDefinition/implementationguide-page","valueUri":"StructureDefinition-dk-core-authorization-identifier.html"}],"reference":{"reference":"StructureDefinition/dk-core-authorization-identifier"},"name":"Danish Health Professionals Authorization Identifier","description":"Identifier holding the official [authorization identifier](https://en.stps.dk/en/health-professionals-and-authorities/online-register-registered-health-professionals/) for a practitioner.","exampleBoolean":false,"groupingId":"-str-datatype"},{"extension":[{"url":"http://hl7.org/fhir/StructureDefinition/implementationguide-page","valueUri":"StructureDefinition-dk-core-cvr-identifier.html"}],"reference":{"reference":"StructureDefinition/dk-core-cvr-identifier"},"name":"Danish Central Business Register (CVR) Identifier","description":"Identifier holding a danish [CVR](https://datacvr.virk.dk/data/) number.","exampleBoolean":false,"groupingId":"-str-datatype"},{"extension":[{"url":"http://hl7.org/fhir/StructureDefinition/implementationguide-page","valueUri":"StructureDefinition-dk-core-condition.html"}],"reference":{"reference":"StructureDefinition/dk-core-condition"},"name":"Danish Core Condition Profile","description":"HL7 Denmark core profile for professionally asserted conditions, as specified by danish health and social care organizations","exampleBoolean":false,"groupingId":"-str-profile"},{"extension":[{"url":"http://hl7.org/fhir/StructureDefinition/implementationguide-page","valueUri":"StructureDefinition-dk-core-cpr-identifier.html"}],"reference":{"reference":"StructureDefinition/dk-core-cpr-identifier"},"name":"Danish Central Person Register (CPR) Identifier","description":"This structure holds the danish [CPR](https://cpr.dk/) identifier","exampleBoolean":false,"groupingId":"-str-datatype"},{"extension":[{"url":"http://hl7.org/fhir/StructureDefinition/implementationguide-page","valueUri":"StructureDefinition-dk-core-organization.html"}],"reference":{"reference":"StructureDefinition/dk-core-organization"},"name":"Danish Core Organization Profile","description":"HL7 Denmark core profile for a danish health organization","exampleBoolean":false,"groupingId":"-str-profile"},{"extension":[{"url":"http://hl7.org/fhir/StructureDefinition/implementationguide-page","valueUri":"StructureDefinition-dk-core-patient.html"}],"reference":{"reference":"StructureDefinition/dk-core-patient"},"name":"Danish Core Patient Profile","description":"HL7 Denmark core profile for a patient","exampleBoolean":false,"groupingId":"-str-profile"},{"extension":[{"url":"http://hl7.org/fhir/StructureDefinition/implementationguide-page","valueUri":"StructureDefinition-dk-core-practitioner.html"}],"reference":{"reference":"StructureDefinition/dk-core-practitioner"},"name":"Danish Core Practitioner Profile","description":"HL7 Denmark core profile for health professionals and other actors relevant in citizen and patient pathways","exampleBoolean":false,"groupingId":"-str-profile"},{"extension":[{"url":"http://hl7.org/fhir/StructureDefinition/implementationguide-page","valueUri":"StructureDefinition-dk-core-gln-identifier.html"}],"reference":{"reference":"StructureDefinition/dk-core-gln-identifier"},"name":"GLN Identifier","description":"Identifier holding a 13 digit GLN","exampleBoolean":false,"groupingId":"-str-datatype"},{"extension":[{"url":"http://hl7.org/fhir/StructureDefinition/implementationguide-page","valueUri":"StructureDefinition-dk-core-kombit-org-identifier.html"}],"reference":{"reference":"StructureDefinition/dk-core-kombit-org-identifier"},"name":"Kombit Org Identifier","description":"Identifier holding the organization code issued by KOMBIT","exampleBoolean":false,"groupingId":"-str-datatype"},{"extension":[{"url":"http://hl7.org/fhir/StructureDefinition/implementationguide-page","valueUri":"StructureDefinition-lpr3-Identifier.html"}],"reference":{"reference":"StructureDefinition/lpr3-Identifier"},"name":"LPR3 Identifier","description":"Identifier holding a LPR3 identifier for an organization","exampleBoolean":false,"groupingId":"-str-datatype"},{"extension":[{"url":"http://hl7.org/fhir/StructureDefinition/implementationguide-page","valueUri":"StructureDefinition-dk-core-sor-identifier.html"}],"reference":{"reference":"StructureDefinition/dk-core-sor-identifier"},"name":"SOR Identifier","description":"Identifier holding the official SOR identifier for a danish healthcare organization","exampleBoolean":false,"groupingId":"-str-datatype"},{"extension":[{"url":"http://hl7.org/fhir/StructureDefinition/implementationguide-page","valueUri":"StructureDefinition-ConditionLastAssertedDate.html"}],"reference":{"reference":"StructureDefinition/ConditionLastAssertedDate"},"name":"ConditionLastAssertedDate","description":"Extension for the last date a Condition-instance was confirmed valid in its current state. E.g. with its current clinical- and verification status, stage and severity. Typically the last performed follow-up","exampleBoolean":false,"groupingId":"-str-extension"},{"extension":[{"url":"http://hl7.org/fhir/StructureDefinition/implementationguide-page","valueUri":"StructureDefinition-dk-core-municipalityCodes.html"}],"reference":{"reference":"StructureDefinition/dk-core-municipalityCodes"},"name":"Danish Core Municipality codes","description":"Identifier holding the official identifier for a danish municipality","exampleBoolean":false,"groupingId":"-str-extension"},{"extension":[{"url":"http://hl7.org/fhir/StructureDefinition/implementationguide-page","valueUri":"StructureDefinition-NotFollowedAnymore.html"}],"reference":{"reference":"StructureDefinition/NotFollowedAnymore"},"name":"NotFollowedAnymore","description":"Extension for the date where a condition lost focus in a specific clinical context","exampleBoolean":false,"groupingId":"-str-extension"},{"extension":[{"url":"http://hl7.org/fhir/StructureDefinition/implementationguide-page","valueUri":"StructureDefinition-dk-core-RegionalSubDivisionCodes.html"}],"reference":{"reference":"StructureDefinition/dk-core-RegionalSubDivisionCodes"},"name":"Danish Core Regional Sub Division Codes Extension","description":"Identifier holding the official organization identifier for a danish region","exampleBoolean":false,"groupingId":"-str-extension"},{"extension":[{"url":"http://hl7.org/fhir/StructureDefinition/implementationguide-page","valueUri":"ValueSet-DkCoreProfessionGroupValueSet.html"}],"reference":{"reference":"ValueSet/DkCoreProfessionGroupValueSet"},"name":"DK Profession Group","description":"DK Profession Group codes","exampleBoolean":false,"groupingId":"-term-valueset"},{"extension":[{"url":"http://hl7.org/fhir/StructureDefinition/implementationguide-page","valueUri":"ValueSet-dk-core-MunicipalityCodes.html"}],"reference":{"reference":"ValueSet/dk-core-MunicipalityCodes"},"name":"DK Municipality Codes","description":"Municipality codes used in Denmark","exampleBoolean":false,"groupingId":"-term-valueset"},{"extension":[{"url":"http://hl7.org/fhir/StructureDefinition/implementationguide-page","valueUri":"ValueSet-dk-core-RegionalSubDivisionCodes.html"}],"reference":{"reference":"ValueSet/dk-core-RegionalSubDivisionCodes"},"name":"DK Regional Subdivision Codes","description":"Subdivision codes (Regional codes) used in Denmark","exampleBoolean":false,"groupingId":"-term-valueset"},{"extension":[{"url":"http://hl7.org/fhir/StructureDefinition/implementationguide-page","valueUri":"CodeSystem-address-type-dk-supplement.html"}],"reference":{"reference":"CodeSystem/address-type-dk-supplement"},"name":"DK Address Type","description":"The type of an address (physical / postal)","exampleBoolean":false,"groupingId":"-term-codesystem"},{"extension":[{"url":"http://hl7.org/fhir/StructureDefinition/implementationguide-page","valueUri":"CodeSystem-address-use-dk-supplement.html"}],"reference":{"reference":"CodeSystem/address-use-dk-supplement"},"name":"DK Address Use","description":"The use of an address","exampleBoolean":false,"groupingId":"-term-codesystem"},{"extension":[{"url":"http://hl7.org/fhir/StructureDefinition/implementationguide-page","valueUri":"CodeSystem-administrative-gender-supplement.html"}],"reference":{"reference":"CodeSystem/administrative-gender-supplement"},"name":"DK Administrative Gender Supplement","description":"CodeSystem supplement with danish translations for administrative gender","exampleBoolean":false,"groupingId":"-term-codesystem"},{"extension":[{"url":"http://hl7.org/fhir/StructureDefinition/implementationguide-page","valueUri":"CodeSystem-care-team-status-dk-supplement.html"}],"reference":{"reference":"CodeSystem/care-team-status-dk-supplement"},"name":"DK CareTeam Status","description":"Indicates the status of the care team.","exampleBoolean":false,"groupingId":"-term-codesystem"},{"extension":[{"url":"http://hl7.org/fhir/StructureDefinition/implementationguide-page","valueUri":"CodeSystem-consent-state-codes-dk-supplement.html"}],"reference":{"reference":"CodeSystem/consent-state-codes-dk-supplement"},"name":"DK Consent State","description":"Indicates the state of the consent","exampleBoolean":false,"groupingId":"-term-codesystem"},{"extension":[{"url":"http://hl7.org/fhir/StructureDefinition/implementationguide-page","valueUri":"CodeSystem-dk-core-regional-subdivision-codes.html"}],"reference":{"reference":"CodeSystem/dk-core-regional-subdivision-codes"},"name":"DK Regional Subdivision Codes","description":"Subdivision codes (Regional codes) used in Denmark as found on https://www.iso.org/obp/ui/#iso:code:3166:DK","exampleBoolean":false,"groupingId":"-term-codesystem"},{"extension":[{"url":"http://hl7.org/fhir/StructureDefinition/implementationguide-page","valueUri":"CodeSystem-days-of-week-dk-supplement.html"}],"reference":{"reference":"CodeSystem/days-of-week-dk-supplement"},"name":"DK Days Of Week","description":"The days of the week.","exampleBoolean":false,"groupingId":"-term-codesystem"},{"extension":[{"url":"http://hl7.org/fhir/StructureDefinition/implementationguide-page","valueUri":"CodeSystem-DkCoreProfessionGroupCodes.html"}],"reference":{"reference":"CodeSystem/DkCoreProfessionGroupCodes"},"name":"DK Profession Group Codes","description":"DK health ProfessionGroup codes as defined by https://www.retsinformation.dk/eli/lta/2019/731, and derived from http://autregwebservice.sst.dk/autregservice.asmx/GetAllProfessionGroups. Code (5176) was not uniqe, and have been converted to 5176a and 5176b","exampleBoolean":false,"groupingId":"-term-codesystem"},{"extension":[{"url":"http://hl7.org/fhir/StructureDefinition/implementationguide-page","valueUri":"CodeSystem-dk-marital-status.html"}],"reference":{"reference":"CodeSystem/dk-marital-status"},"name":"DK Marital Statuses","description":"DK marital statuses","exampleBoolean":false,"groupingId":"-term-codesystem"},{"extension":[{"url":"http://hl7.org/fhir/StructureDefinition/implementationguide-page","valueUri":"CodeSystem-episode-of-care-status-dk-supplement.html"}],"reference":{"reference":"CodeSystem/episode-of-care-status-dk-supplement"},"name":"DK Episode Of Care Status","description":"The status of the episode of care.","exampleBoolean":false,"groupingId":"-term-codesystem"},{"extension":[{"url":"http://hl7.org/fhir/StructureDefinition/implementationguide-page","valueUri":"CodeSystem-dk-core-municipality-codes-greenland.html"}],"reference":{"reference":"CodeSystem/dk-core-municipality-codes-greenland"},"name":"DK Greenland Municipality Codes","description":"Greenland municipality codes as defined by https://www.iso.org/obp/ui/#iso:code:3166:GL and https://cpr.dk/cpr-systemet/kommunesammenlaegninger-opdeling/groenland-2018/","exampleBoolean":false,"groupingId":"-term-codesystem"},{"extension":[{"url":"http://hl7.org/fhir/StructureDefinition/implementationguide-page","valueUri":"CodeSystem-dk-core-municipality-codes.html"}],"reference":{"reference":"CodeSystem/dk-core-municipality-codes"},"name":"DK Municipality Codes","description":"Municipality codes as defined by https://danmarksadresser.dk/adressedata/kodelister/kommunekodeliste/ and https://sundhedsdatastyrelsen.dk/-/media/sds/filer/rammer-og-retningslinjer/patientregistrering/relaterede/kommuneklassifikation.pdf","exampleBoolean":false,"groupingId":"-term-codesystem"},{"extension":[{"url":"http://hl7.org/fhir/StructureDefinition/implementationguide-page","valueUri":"CodeSystem-publication-status-dk-supplement.html"}],"reference":{"reference":"CodeSystem/publication-status-dk-supplement"},"name":"DK Publication Status","description":"The lifecycle status of a Value Set or Concept Map.","exampleBoolean":false,"groupingId":"-term-codesystem"},{"extension":[{"url":"http://hl7.org/fhir/StructureDefinition/implementationguide-page","valueUri":"CodeSystem-request-status-dk-supplement.html"}],"reference":{"reference":"CodeSystem/request-status-dk-supplement"},"name":"DK Request Status","description":"Codes identifying the stage lifecycle stage of a request","exampleBoolean":false,"groupingId":"-term-codesystem"},{"extension":[{"url":"http://hl7.org/fhir/StructureDefinition/implementationguide-page","valueUri":"Patient-283.html"}],"reference":{"reference":"Patient/283"},"name":"Example of valid patient with full address","description":"Example of valid patient with full address","exampleCanonical":"http://hl7.dk/fhir/core/StructureDefinition/dk-core-patient","groupingId":"-ex-example"},{"extension":[{"url":"http://hl7.org/fhir/StructureDefinition/implementationguide-page","valueUri":"Practitioner-AbrahamLaege.html"}],"reference":{"reference":"Practitioner/AbrahamLaege"},"name":"AbrahamLæge","description":"Eksempel på lægen Abraham fra akutsygeplejen","exampleCanonical":"http://hl7.dk/fhir/core/StructureDefinition/dk-core-practitioner","groupingId":"-ex-example"},{"extension":[{"url":"http://hl7.org/fhir/StructureDefinition/implementationguide-page","valueUri":"Organization-CenterForDiabetes.html"}],"reference":{"reference":"Organization/CenterForDiabetes"},"name":"Center for Diabetes","description":"Center for Diabetes","exampleCanonical":"http://hl7.dk/fhir/core/StructureDefinition/dk-core-organization","groupingId":"-ex-example"},{"extension":[{"url":"http://hl7.org/fhir/StructureDefinition/implementationguide-page","valueUri":"Organization-CenterForDiabetesTeamDiabetes.html"}],"reference":{"reference":"Organization/CenterForDiabetesTeamDiabetes"},"name":"Center for Diabetes Team Diabetes","description":"Center for Diabetes Team Diabetes","exampleCanonical":"http://hl7.dk/fhir/core/StructureDefinition/dk-core-organization","groupingId":"-ex-example"},{"extension":[{"url":"http://hl7.org/fhir/StructureDefinition/implementationguide-page","valueUri":"Organization-CenterForDiabetesTeamHjerte.html"}],"reference":{"reference":"Organization/CenterForDiabetesTeamHjerte"},"name":"Center for Diabetes Team Hjerte","description":"Center for Diabetes Team Hjerte","exampleCanonical":"http://hl7.dk/fhir/core/StructureDefinition/dk-core-organization","groupingId":"-ex-example"},{"extension":[{"url":"http://hl7.org/fhir/StructureDefinition/implementationguide-page","valueUri":"Organization-CenterForDiabetesTeamKvalitet.html"}],"reference":{"reference":"Organization/CenterForDiabetesTeamKvalitet"},"name":"Center for Diabetes Team Kvalitet","description":"Center for Diabetes Team Kvalitet","exampleCanonical":"http://hl7.dk/fhir/core/StructureDefinition/dk-core-organization","groupingId":"-ex-example"},{"extension":[{"url":"http://hl7.org/fhir/StructureDefinition/implementationguide-page","valueUri":"Condition-ConditionPressureUlcer.html"}],"reference":{"reference":"Condition/ConditionPressureUlcer"},"name":"John tryksår","description":"John, tryksår, kommunal tilstand","exampleCanonical":"http://hl7.dk/fhir/core/StructureDefinition/dk-core-condition","groupingId":"-ex-example"},{"extension":[{"url":"http://hl7.org/fhir/StructureDefinition/implementationguide-page","valueUri":"Patient-Confidential.html"}],"reference":{"reference":"Patient/Confidential"},"name":"Example of a patient with confidential adress and name","description":"Example of a patient with confidential adress and name","exampleCanonical":"http://hl7.dk/fhir/core/StructureDefinition/dk-core-patient","groupingId":"-ex-example"},{"extension":[{"url":"http://hl7.org/fhir/StructureDefinition/implementationguide-page","valueUri":"Condition-ElseGraviditet.html"}],"reference":{"reference":"Condition/ElseGraviditet"},"name":"Else Graviditet","description":"Else Graviditet, tilstandskode som indberettes ifm Elses ambulante forløb (fx jordemoder), og ved eventuel indlæggelse i graviditeten","exampleCanonical":"http://hl7.dk/fhir/core/StructureDefinition/dk-core-condition","groupingId":"-ex-example"},{"extension":[{"url":"http://hl7.org/fhir/StructureDefinition/implementationguide-page","valueUri":"Practitioner-HanneSocialraadgiver.html"}],"reference":{"reference":"Practitioner/HanneSocialraadgiver"},"name":"HanneSocialrådgiver","description":"Eksempel på socialrådgiveren Hanne","exampleCanonical":"http://hl7.dk/fhir/core/StructureDefinition/dk-core-practitioner","groupingId":"-ex-example"},{"extension":[{"url":"http://hl7.org/fhir/StructureDefinition/implementationguide-page","valueUri":"ServiceRequest-HenvisningFraLageTilSygehus.html"}],"reference":{"reference":"ServiceRequest/HenvisningFraLageTilSygehus"},"name":"Henvisning vedr. modermærkekræft","description":"Henvisning fra læge til sygehus vedr. mistanke om at John har modermærkekræft","exampleBoolean":true,"groupingId":"-ex-example"},{"extension":[{"url":"http://hl7.org/fhir/StructureDefinition/implementationguide-page","valueUri":"Condition-JohnDiabetes.html"}],"reference":{"reference":"Condition/JohnDiabetes"},"name":"John diabetes","description":"Johns diabetes-diagnose, udskrivningsdiagnose fra hospitalet fx til brug i indberetning og epikrise","exampleCanonical":"http://hl7.dk/fhir/core/StructureDefinition/dk-core-condition","groupingId":"-ex-example"},{"extension":[{"url":"http://hl7.org/fhir/StructureDefinition/implementationguide-page","valueUri":"Condition-JohnMelanoma.html"}],"reference":{"reference":"Condition/JohnMelanoma"},"name":"John mistanke om Modermærkekræft","description":"Johns mistanke om modermærkekræft i huden, kan fx bruges som henvisningsdiagnosese","exampleCanonical":"http://hl7.dk/fhir/core/StructureDefinition/dk-core-condition","groupingId":"-ex-example"},{"extension":[{"url":"http://hl7.org/fhir/StructureDefinition/implementationguide-page","valueUri":"Condition-JohnPacemaker.html"}],"reference":{"reference":"Condition/JohnPacemaker"},"name":"John pacemaker","description":"Johns status efter pacemakeroperation, udtrykt semantisk korrekt med fund frem for operationskode","exampleCanonical":"http://hl7.dk/fhir/core/StructureDefinition/dk-core-condition","groupingId":"-ex-example"},{"extension":[{"url":"http://hl7.org/fhir/StructureDefinition/implementationguide-page","valueUri":"Organization-LaegerneHasserisBymidte.html"}],"reference":{"reference":"Organization/LaegerneHasserisBymidte"},"name":"LaegerneHasserisBymidte","description":"Praktisernede læge i Hasseris, som defineret af SOR","exampleCanonical":"http://hl7.dk/fhir/core/StructureDefinition/dk-core-organization","groupingId":"-ex-example"},{"extension":[{"url":"http://hl7.org/fhir/StructureDefinition/implementationguide-page","valueUri":"Organization-b08997bb-4476-4dd0-84dd-2e297f809364.html"}],"reference":{"reference":"Organization/b08997bb-4476-4dd0-84dd-2e297f809364"},"name":"MedCom Test Organization","description":"MedCom Test Organization with SOR id","exampleCanonical":"http://hl7.dk/fhir/core/StructureDefinition/dk-core-organization","groupingId":"-ex-example"},{"extension":[{"url":"http://hl7.org/fhir/StructureDefinition/implementationguide-page","valueUri":"NamingSystem-cpr.html"}],"reference":{"reference":"NamingSystem/cpr"},"name":"cpr","description":"The Danish civil registration system (\"CPR\") encompasses basic personal data about anyone with a civil registration number. A civil registration number shall be allocated to anyone who: 1) is registered in the national register in Denmark on the grounds of birth or relocation from abroad; 2) is included under Arbejdsmarkedets TillægsPension (ATP); 3) according to the tax authorities, is required to have a civil registration number for the purpose of tax processing in Denmark.","exampleBoolean":false,"groupingId":"-term-namingsystem"},{"extension":[{"url":"http://hl7.org/fhir/StructureDefinition/implementationguide-page","valueUri":"ValueSet-dk-marital-status.html"}],"reference":{"reference":"ValueSet/dk-marital-status"},"name":"dk-marital-status","description":"This value set defines the set of codes that can be used to indicate the marital status of a person in Denmark.","exampleBoolean":false,"groupingId":"-term-valueset"},{"extension":[{"url":"http://hl7.org/fhir/StructureDefinition/implementationguide-page","valueUri":"Patient-else.html"}],"reference":{"reference":"Patient/else"},"name":"Example of a woman of childbearing age","description":"Example of a woman of childbearing age. Else is a MedCom test-patient","exampleCanonical":"http://hl7.dk/fhir/core/StructureDefinition/dk-core-patient","groupingId":"-ex-example"},{"extension":[{"url":"http://hl7.org/fhir/StructureDefinition/implementationguide-page","valueUri":"Patient-john.html"}],"reference":{"reference":"Patient/john"},"name":"Example of valid patient with multiple names","description":"Example of valid patient with multiple names","exampleCanonical":"http://hl7.dk/fhir/core/StructureDefinition/dk-core-patient","groupingId":"-ex-example"},{"extension":[{"url":"http://hl7.org/fhir/StructureDefinition/implementationguide-page","valueUri":"Patient-mogensen.html"}],"reference":{"reference":"Patient/mogensen"},"name":"Example of valid patient with danish marital status","description":"Example of valid patient with danish marital status","exampleCanonical":"http://hl7.dk/fhir/core/StructureDefinition/dk-core-patient","groupingId":"-ex-example"},{"extension":[{"url":"http://hl7.org/fhir/StructureDefinition/implementationguide-page","valueUri":"NamingSystem-sor.html"}],"reference":{"reference":"NamingSystem/sor"},"name":"sor","description":"SOR is provided by the Danish Health Data Authority under the Danish Ministry of Health. The register holds organizations within the Danish health sector, their geographical and virtual addresses as well as codes for their identification and for EDI-communication. Danish Health Data Authority is responsible for issuing and publishing codes to identify organizations across health care sectors and related public and private services. SOR includes organizational data on hospitals, the primary care sector (physiotherapists, general practitioners, dentists etc.) and municipal health service organizations as well as non-health care organizations that need to be able to receive data from the former.","exampleBoolean":false,"groupingId":"-term-namingsystem"},{"extension":[{"url":"http://hl7.org/fhir/StructureDefinition/implementationguide-page","valueUri":"ValueSet-sor-organization-type.html"}],"reference":{"reference":"ValueSet/sor-organization-type"},"name":"sor-organization-type","description":"Value set used for indicating the organization type for organizations from SOR","exampleBoolean":false,"groupingId":"-term-valueset"},{"extension":[{"url":"http://hl7.org/fhir/StructureDefinition/implementationguide-page","valueUri":"Patient-ukendt.html"}],"reference":{"reference":"Patient/ukendt"},"name":"Example of valid patient unknown identifier registry","description":"Example of valid patient unknown identifier registry. The patient is a 'John Doe' with an Identifier from an unofficial register","exampleCanonical":"http://hl7.dk/fhir/core/StructureDefinition/dk-core-patient","groupingId":"-ex-example"}],"page":{"extension":[{"url":"http://hl7.org/fhir/tools/StructureDefinition/ig-page-name","valueUrl":"toc.html"}],"nameUrl":"toc.html","title":"Table of Contents","generation":"html","page":[{"extension":[{"url":"http://hl7.org/fhir/tools/StructureDefinition/ig-page-name","valueUrl":"index.html"}],"nameUrl":"index.html","title":"Home","generation":"markdown"},{"extension":[{"url":"http://hl7.org/fhir/tools/StructureDefinition/ig-page-name","valueUrl":"downloads.html"}],"nameUrl":"downloads.html","title":"Downloads","generation":"markdown"},{"extension":[{"url":"http://hl7.org/fhir/tools/StructureDefinition/ig-page-name","valueUrl":"extensions.html"}],"nameUrl":"extensions.html","title":"Extensions","generation":"html"},{"extension":[{"url":"http://hl7.org/fhir/tools/StructureDefinition/ig-page-name","valueUrl":"guidance.html"}],"nameUrl":"guidance.html","title":"Guidance","generation":"markdown"},{"extension":[{"url":"http://hl7.org/fhir/tools/StructureDefinition/ig-page-name","valueUrl":"profiles.html"}],"nameUrl":"profiles.html","title":"Profiles","generation":"html"},{"extension":[{"url":"http://hl7.org/fhir/tools/StructureDefinition/ig-page-name","valueUrl":"terminology.html"}],"nameUrl":"terminology.html","title":"Terminology","generation":"html"},{"extension":[{"url":"http://hl7.org/fhir/tools/StructureDefinition/ig-page-name","valueUrl":"artifacts.html"}],"nameUrl":"artifacts.html","title":"Artifacts Summary","generation":"html","page":[{"extension":[{"url":"http://hl7.org/fhir/tools/StructureDefinition/ig-page-name","valueUrl":"StructureDefinition-dk-core-condition.html"}],"nameUrl":"StructureDefinition-dk-core-condition.html","title":"Danish Core Condition Profile","generation":"generated"},{"extension":[{"url":"http://hl7.org/fhir/tools/StructureDefinition/ig-page-name","valueUrl":"StructureDefinition-dk-core-organization.html"}],"nameUrl":"StructureDefinition-dk-core-organization.html","title":"Danish Core Organization Profile","generation":"generated"},{"extension":[{"url":"http://hl7.org/fhir/tools/StructureDefinition/ig-page-name","valueUrl":"StructureDefinition-dk-core-patient.html"}],"nameUrl":"StructureDefinition-dk-core-patient.html","title":"Danish Core Patient Profile","generation":"generated"},{"extension":[{"url":"http://hl7.org/fhir/tools/StructureDefinition/ig-page-name","valueUrl":"StructureDefinition-dk-core-practitioner.html"}],"nameUrl":"StructureDefinition-dk-core-practitioner.html","title":"Danish Core Practitioner Profile","generation":"generated"},{"extension":[{"url":"http://hl7.org/fhir/tools/StructureDefinition/ig-page-name","valueUrl":"StructureDefinition-dk-core-authorization-identifier.html"}],"nameUrl":"StructureDefinition-dk-core-authorization-identifier.html","title":"Danish Health Professionals Authorization Identifier","generation":"generated"},{"extension":[{"url":"http://hl7.org/fhir/tools/StructureDefinition/ig-page-name","valueUrl":"StructureDefinition-dk-core-cvr-identifier.html"}],"nameUrl":"StructureDefinition-dk-core-cvr-identifier.html","title":"Danish Central Business Register (CVR) Identifier","generation":"generated"},{"extension":[{"url":"http://hl7.org/fhir/tools/StructureDefinition/ig-page-name","valueUrl":"StructureDefinition-dk-core-cpr-identifier.html"}],"nameUrl":"StructureDefinition-dk-core-cpr-identifier.html","title":"Danish Central Person Register (CPR) Identifier","generation":"generated"},{"extension":[{"url":"http://hl7.org/fhir/tools/StructureDefinition/ig-page-name","valueUrl":"StructureDefinition-dk-core-gln-identifier.html"}],"nameUrl":"StructureDefinition-dk-core-gln-identifier.html","title":"GLN Identifier","generation":"generated"},{"extension":[{"url":"http://hl7.org/fhir/tools/StructureDefinition/ig-page-name","valueUrl":"StructureDefinition-dk-core-kombit-org-identifier.html"}],"nameUrl":"StructureDefinition-dk-core-kombit-org-identifier.html","title":"Kombit Org Identifier","generation":"generated"},{"extension":[{"url":"http://hl7.org/fhir/tools/StructureDefinition/ig-page-name","valueUrl":"StructureDefinition-lpr3-Identifier.html"}],"nameUrl":"StructureDefinition-lpr3-Identifier.html","title":"LPR3 Identifier","generation":"generated"},{"extension":[{"url":"http://hl7.org/fhir/tools/StructureDefinition/ig-page-name","valueUrl":"StructureDefinition-dk-core-sor-identifier.html"}],"nameUrl":"StructureDefinition-dk-core-sor-identifier.html","title":"SOR Identifier","generation":"generated"},{"extension":[{"url":"http://hl7.org/fhir/tools/StructureDefinition/ig-page-name","valueUrl":"StructureDefinition-ConditionLastAssertedDate.html"}],"nameUrl":"StructureDefinition-ConditionLastAssertedDate.html","title":"ConditionLastAssertedDate","generation":"generated"},{"extension":[{"url":"http://hl7.org/fhir/tools/StructureDefinition/ig-page-name","valueUrl":"StructureDefinition-dk-core-municipalityCodes.html"}],"nameUrl":"StructureDefinition-dk-core-municipalityCodes.html","title":"Danish Core Municipality codes","generation":"generated"},{"extension":[{"url":"http://hl7.org/fhir/tools/StructureDefinition/ig-page-name","valueUrl":"StructureDefinition-NotFollowedAnymore.html"}],"nameUrl":"StructureDefinition-NotFollowedAnymore.html","title":"NotFollowedAnymore","generation":"generated"},{"extension":[{"url":"http://hl7.org/fhir/tools/StructureDefinition/ig-page-name","valueUrl":"StructureDefinition-dk-core-RegionalSubDivisionCodes.html"}],"nameUrl":"StructureDefinition-dk-core-RegionalSubDivisionCodes.html","title":"Danish Core Regional Sub Division Codes Extension","generation":"generated"},{"extension":[{"url":"http://hl7.org/fhir/tools/StructureDefinition/ig-page-name","valueUrl":"ValueSet-DkCoreProfessionGroupValueSet.html"}],"nameUrl":"ValueSet-DkCoreProfessionGroupValueSet.html","title":"DK Profession Group","generation":"generated"},{"extension":[{"url":"http://hl7.org/fhir/tools/StructureDefinition/ig-page-name","valueUrl":"ValueSet-dk-core-MunicipalityCodes.html"}],"nameUrl":"ValueSet-dk-core-MunicipalityCodes.html","title":"DK Municipality Codes","generation":"generated"},{"extension":[{"url":"http://hl7.org/fhir/tools/StructureDefinition/ig-page-name","valueUrl":"ValueSet-dk-core-RegionalSubDivisionCodes.html"}],"nameUrl":"ValueSet-dk-core-RegionalSubDivisionCodes.html","title":"DK Regional Subdivision Codes","generation":"generated"},{"extension":[{"url":"http://hl7.org/fhir/tools/StructureDefinition/ig-page-name","valueUrl":"ValueSet-dk-marital-status.html"}],"nameUrl":"ValueSet-dk-marital-status.html","title":"dk-marital-status","generation":"generated"},{"extension":[{"url":"http://hl7.org/fhir/tools/StructureDefinition/ig-page-name","valueUrl":"ValueSet-sor-organization-type.html"}],"nameUrl":"ValueSet-sor-organization-type.html","title":"sor-organization-type","generation":"generated"},{"extension":[{"url":"http://hl7.org/fhir/tools/StructureDefinition/ig-page-name","valueUrl":"CodeSystem-address-type-dk-supplement.html"}],"nameUrl":"CodeSystem-address-type-dk-supplement.html","title":"DK Address Type","generation":"generated"},{"extension":[{"url":"http://hl7.org/fhir/tools/StructureDefinition/ig-page-name","valueUrl":"CodeSystem-address-use-dk-supplement.html"}],"nameUrl":"CodeSystem-address-use-dk-supplement.html","title":"DK Address Use","generation":"generated"},{"extension":[{"url":"http://hl7.org/fhir/tools/StructureDefinition/ig-page-name","valueUrl":"CodeSystem-administrative-gender-supplement.html"}],"nameUrl":"CodeSystem-administrative-gender-supplement.html","title":"DK Administrative Gender Supplement","generation":"generated"},{"extension":[{"url":"http://hl7.org/fhir/tools/StructureDefinition/ig-page-name","valueUrl":"CodeSystem-care-team-status-dk-supplement.html"}],"nameUrl":"CodeSystem-care-team-status-dk-supplement.html","title":"DK CareTeam Status","generation":"generated"},{"extension":[{"url":"http://hl7.org/fhir/tools/StructureDefinition/ig-page-name","valueUrl":"CodeSystem-consent-state-codes-dk-supplement.html"}],"nameUrl":"CodeSystem-consent-state-codes-dk-supplement.html","title":"DK Consent State","generation":"generated"},{"extension":[{"url":"http://hl7.org/fhir/tools/StructureDefinition/ig-page-name","valueUrl":"CodeSystem-dk-core-regional-subdivision-codes.html"}],"nameUrl":"CodeSystem-dk-core-regional-subdivision-codes.html","title":"DK Regional Subdivision Codes","generation":"generated"},{"extension":[{"url":"http://hl7.org/fhir/tools/StructureDefinition/ig-page-name","valueUrl":"CodeSystem-days-of-week-dk-supplement.html"}],"nameUrl":"CodeSystem-days-of-week-dk-supplement.html","title":"DK Days Of Week","generation":"generated"},{"extension":[{"url":"http://hl7.org/fhir/tools/StructureDefinition/ig-page-name","valueUrl":"CodeSystem-DkCoreProfessionGroupCodes.html"}],"nameUrl":"CodeSystem-DkCoreProfessionGroupCodes.html","title":"DK Profession Group Codes","generation":"generated"},{"extension":[{"url":"http://hl7.org/fhir/tools/StructureDefinition/ig-page-name","valueUrl":"CodeSystem-dk-marital-status.html"}],"nameUrl":"CodeSystem-dk-marital-status.html","title":"DK Marital Statuses","generation":"generated"},{"extension":[{"url":"http://hl7.org/fhir/tools/StructureDefinition/ig-page-name","valueUrl":"CodeSystem-episode-of-care-status-dk-supplement.html"}],"nameUrl":"CodeSystem-episode-of-care-status-dk-supplement.html","title":"DK Episode Of Care Status","generation":"generated"},{"extension":[{"url":"http://hl7.org/fhir/tools/StructureDefinition/ig-page-name","valueUrl":"CodeSystem-dk-core-municipality-codes-greenland.html"}],"nameUrl":"CodeSystem-dk-core-municipality-codes-greenland.html","title":"DK Greenland Municipality Codes","generation":"generated"},{"extension":[{"url":"http://hl7.org/fhir/tools/StructureDefinition/ig-page-name","valueUrl":"CodeSystem-dk-core-municipality-codes.html"}],"nameUrl":"CodeSystem-dk-core-municipality-codes.html","title":"DK Municipality Codes","generation":"generated"},{"extension":[{"url":"http://hl7.org/fhir/tools/StructureDefinition/ig-page-name","valueUrl":"CodeSystem-publication-status-dk-supplement.html"}],"nameUrl":"CodeSystem-publication-status-dk-supplement.html","title":"DK Publication Status","generation":"generated"},{"extension":[{"url":"http://hl7.org/fhir/tools/StructureDefinition/ig-page-name","valueUrl":"CodeSystem-request-status-dk-supplement.html"}],"nameUrl":"CodeSystem-request-status-dk-supplement.html","title":"DK Request Status","generation":"generated"},{"extension":[{"url":"http://hl7.org/fhir/tools/StructureDefinition/ig-page-name","valueUrl":"NamingSystem-cpr.html"}],"nameUrl":"NamingSystem-cpr.html","title":"cpr","generation":"generated"},{"extension":[{"url":"http://hl7.org/fhir/tools/StructureDefinition/ig-page-name","valueUrl":"NamingSystem-sor.html"}],"nameUrl":"NamingSystem-sor.html","title":"sor","generation":"generated"},{"extension":[{"url":"http://hl7.org/fhir/tools/StructureDefinition/ig-page-name","valueUrl":"Patient-283.html"}],"nameUrl":"Patient-283.html","title":"Example of valid patient with full address","generation":"generated"},{"extension":[{"url":"http://hl7.org/fhir/tools/StructureDefinition/ig-page-name","valueUrl":"Practitioner-AbrahamLaege.html"}],"nameUrl":"Practitioner-AbrahamLaege.html","title":"AbrahamLæge","generation":"generated"},{"extension":[{"url":"http://hl7.org/fhir/tools/StructureDefinition/ig-page-name","valueUrl":"Organization-CenterForDiabetes.html"}],"nameUrl":"Organization-CenterForDiabetes.html","title":"Center for Diabetes","generation":"generated"},{"extension":[{"url":"http://hl7.org/fhir/tools/StructureDefinition/ig-page-name","valueUrl":"Organization-CenterForDiabetesTeamDiabetes.html"}],"nameUrl":"Organization-CenterForDiabetesTeamDiabetes.html","title":"Center for Diabetes Team Diabetes","generation":"generated"},{"extension":[{"url":"http://hl7.org/fhir/tools/StructureDefinition/ig-page-name","valueUrl":"Organization-CenterForDiabetesTeamHjerte.html"}],"nameUrl":"Organization-CenterForDiabetesTeamHjerte.html","title":"Center for Diabetes Team Hjerte","generation":"generated"},{"extension":[{"url":"http://hl7.org/fhir/tools/StructureDefinition/ig-page-name","valueUrl":"Organization-CenterForDiabetesTeamKvalitet.html"}],"nameUrl":"Organization-CenterForDiabetesTeamKvalitet.html","title":"Center for Diabetes Team Kvalitet","generation":"generated"},{"extension":[{"url":"http://hl7.org/fhir/tools/StructureDefinition/ig-page-name","valueUrl":"Condition-ConditionPressureUlcer.html"}],"nameUrl":"Condition-ConditionPressureUlcer.html","title":"John tryksår","generation":"generated"},{"extension":[{"url":"http://hl7.org/fhir/tools/StructureDefinition/ig-page-name","valueUrl":"Patient-Confidential.html"}],"nameUrl":"Patient-Confidential.html","title":"Example of a patient with confidential adress and name","generation":"generated"},{"extension":[{"url":"http://hl7.org/fhir/tools/StructureDefinition/ig-page-name","valueUrl":"Condition-ElseGraviditet.html"}],"nameUrl":"Condition-ElseGraviditet.html","title":"Else Graviditet","generation":"generated"},{"extension":[{"url":"http://hl7.org/fhir/tools/StructureDefinition/ig-page-name","valueUrl":"Practitioner-HanneSocialraadgiver.html"}],"nameUrl":"Practitioner-HanneSocialraadgiver.html","title":"HanneSocialrådgiver","generation":"generated"},{"extension":[{"url":"http://hl7.org/fhir/tools/StructureDefinition/ig-page-name","valueUrl":"ServiceRequest-HenvisningFraLageTilSygehus.html"}],"nameUrl":"ServiceRequest-HenvisningFraLageTilSygehus.html","title":"Henvisning vedr. modermærkekræft","generation":"generated"},{"extension":[{"url":"http://hl7.org/fhir/tools/StructureDefinition/ig-page-name","valueUrl":"Condition-JohnDiabetes.html"}],"nameUrl":"Condition-JohnDiabetes.html","title":"John diabetes","generation":"generated"},{"extension":[{"url":"http://hl7.org/fhir/tools/StructureDefinition/ig-page-name","valueUrl":"Condition-JohnMelanoma.html"}],"nameUrl":"Condition-JohnMelanoma.html","title":"John mistanke om Modermærkekræft","generation":"generated"},{"extension":[{"url":"http://hl7.org/fhir/tools/StructureDefinition/ig-page-name","valueUrl":"Condition-JohnPacemaker.html"}],"nameUrl":"Condition-JohnPacemaker.html","title":"John pacemaker","generation":"generated"},{"extension":[{"url":"http://hl7.org/fhir/tools/StructureDefinition/ig-page-name","valueUrl":"Organization-LaegerneHasserisBymidte.html"}],"nameUrl":"Organization-LaegerneHasserisBymidte.html","title":"LaegerneHasserisBymidte","generation":"generated"},{"extension":[{"url":"http://hl7.org/fhir/tools/StructureDefinition/ig-page-name","valueUrl":"Organization-b08997bb-4476-4dd0-84dd-2e297f809364.html"}],"nameUrl":"Organization-b08997bb-4476-4dd0-84dd-2e297f809364.html","title":"MedCom Test Organization","generation":"generated"},{"extension":[{"url":"http://hl7.org/fhir/tools/StructureDefinition/ig-page-name","valueUrl":"Patient-else.html"}],"nameUrl":"Patient-else.html","title":"Example of a woman of childbearing age","generation":"generated"},{"extension":[{"url":"http://hl7.org/fhir/tools/StructureDefinition/ig-page-name","valueUrl":"Patient-john.html"}],"nameUrl":"Patient-john.html","title":"Example of valid patient with multiple names","generation":"generated"},{"extension":[{"url":"http://hl7.org/fhir/tools/StructureDefinition/ig-page-name","valueUrl":"Patient-mogensen.html"}],"nameUrl":"Patient-mogensen.html","title":"Example of valid patient with danish marital status","generation":"generated"},{"extension":[{"url":"http://hl7.org/fhir/tools/StructureDefinition/ig-page-name","valueUrl":"Patient-ukendt.html"}],"nameUrl":"Patient-ukendt.html","title":"Example of valid patient unknown identifier registry","generation":"generated"}]}]},"parameter":[{"code":"path-resource","value":"input/capabilities"},{"code":"path-resource","value":"input/examples"},{"code":"path-resource","value":"input/extensions"},{"code":"path-resource","value":"input/models"},{"code":"path-resource","value":"input/operations"},{"code":"path-resource","value":"input/profiles"},{"code":"path-resource","value":"input/resources"},{"code":"path-resource","value":"input/vocabulary"},{"code":"path-resource","value":"input/maps"},{"code":"path-resource","value":"input/testing"},{"code":"path-resource","value":"input/history"},{"code":"path-resource","value":"fsh-generated/resources"},{"code":"path-pages","value":"template/config"},{"code":"path-pages","value":"input/images"},{"code":"path-tx-cache","value":"input-cache/txcache"}]}}