{
  "resourceType" : "CodeSystem",
  "id" : "episode-of-care-status-dk-supplement",
  "text" : {
    "status" : "generated",
    "div" : "<div xmlns=\"http://www.w3.org/1999/xhtml\"><p>This code system <code>http://hl7.dk/fhir/core/CodeSystem/episode-of-care-status-dk-supplement</code> defines displays on the following codes:</p><table class=\"codes\"><tr><td style=\"white-space:nowrap\"><b>Code</b></td><td><b>Dansk (Danish, da)</b></td></tr><tr><td><a style=\"white-space:nowrap\" href=\"http://hl7.org/fhir/R4/codesystem-episode-of-care-status.html#episode-of-care-status-planned\">planned</a><a name=\"episode-of-care-status-dk-supplement-planned\"> </a></td><td>Planlagt</td></tr><tr><td><a style=\"white-space:nowrap\" href=\"http://hl7.org/fhir/R4/codesystem-episode-of-care-status.html#episode-of-care-status-waitlist\">waitlist</a><a name=\"episode-of-care-status-dk-supplement-waitlist\"> </a></td><td>Venteliste</td></tr><tr><td><a style=\"white-space:nowrap\" href=\"http://hl7.org/fhir/R4/codesystem-episode-of-care-status.html#episode-of-care-status-active\">active</a><a name=\"episode-of-care-status-dk-supplement-active\"> </a></td><td>Aktiv</td></tr><tr><td><a style=\"white-space:nowrap\" href=\"http://hl7.org/fhir/R4/codesystem-episode-of-care-status.html#episode-of-care-status-onhold\">onhold</a><a name=\"episode-of-care-status-dk-supplement-onhold\"> </a></td><td>Pauseret</td></tr><tr><td><a style=\"white-space:nowrap\" href=\"http://hl7.org/fhir/R4/codesystem-episode-of-care-status.html#episode-of-care-status-finished\">finished</a><a name=\"episode-of-care-status-dk-supplement-finished\"> </a></td><td>Færdig</td></tr><tr><td><a style=\"white-space:nowrap\" href=\"http://hl7.org/fhir/R4/codesystem-episode-of-care-status.html#episode-of-care-status-cancelled\">cancelled</a><a name=\"episode-of-care-status-dk-supplement-cancelled\"> </a></td><td>Annulleret</td></tr><tr><td><a style=\"white-space:nowrap\" href=\"http://hl7.org/fhir/R4/codesystem-episode-of-care-status.html#episode-of-care-status-entered-in-error\">entered-in-error</a><a name=\"episode-of-care-status-dk-supplement-entered-in-error\"> </a></td><td>Fejlindtastning</td></tr></table></div>"
  },
  "url" : "http://hl7.dk/fhir/core/CodeSystem/episode-of-care-status-dk-supplement",
  "version" : "2.2.0",
  "name" : "EpisodeOfCareStatus",
  "title" : "DK Episode Of Care Status",
  "status" : "active",
  "experimental" : false,
  "date" : "2023-05-04T21:35:52+02:00",
  "publisher" : "HL7 Denmark",
  "contact" : [{
    "name" : "HL7 Denmark",
    "telecom" : [{
      "system" : "url",
      "value" : "http://www.hl7.dk"
    },
    {
      "system" : "email",
      "value" : "jenskristianvilladsen@gmail.com"
    }]
  }],
  "description" : "The status of the episode of care.",
  "jurisdiction" : [{
    "coding" : [{
      "system" : "urn:iso:std:iso:3166",
      "code" : "DK",
      "display" : "Denmark"
    }]
  }],
  "content" : "supplement",
  "supplements" : "http://hl7.org/fhir/episode-of-care-status",
  "concept" : [{
    "code" : "planned",
    "designation" : [{
      "language" : "da",
      "use" : {
        "system" : "http://snomed.info/sct",
        "code" : "900000000000013009"
      },
      "value" : "Planlagt"
    }]
  },
  {
    "code" : "waitlist",
    "designation" : [{
      "language" : "da",
      "use" : {
        "system" : "http://snomed.info/sct",
        "code" : "900000000000013009"
      },
      "value" : "Venteliste"
    }]
  },
  {
    "code" : "active",
    "designation" : [{
      "language" : "da",
      "use" : {
        "system" : "http://snomed.info/sct",
        "code" : "900000000000013009"
      },
      "value" : "Aktiv"
    }]
  },
  {
    "code" : "onhold",
    "designation" : [{
      "language" : "da",
      "use" : {
        "system" : "http://snomed.info/sct",
        "code" : "900000000000013009"
      },
      "value" : "Pauseret"
    }]
  },
  {
    "code" : "finished",
    "designation" : [{
      "language" : "da",
      "use" : {
        "system" : "http://snomed.info/sct",
        "code" : "900000000000013009"
      },
      "value" : "Færdig"
    }]
  },
  {
    "code" : "cancelled",
    "designation" : [{
      "language" : "da",
      "use" : {
        "system" : "http://snomed.info/sct",
        "code" : "900000000000013009"
      },
      "value" : "Annulleret"
    }]
  },
  {
    "code" : "entered-in-error",
    "designation" : [{
      "language" : "da",
      "use" : {
        "system" : "http://snomed.info/sct",
        "code" : "900000000000013009"
      },
      "value" : "Fejlindtastning"
    }]
  }]
}