{
  "resourceType" : "Observation",
  "id" : "ObservationOxySatVitalSigns",
  "meta" : {
    "profile" : ["http://hl7.dk/fhir/core/StructureDefinition/dk-core-observation"]
  },
  "text" : {
    "status" : "generated",
    "div" : "<div xmlns=\"http://www.w3.org/1999/xhtml\"><p><b>Generated Narrative: Observation</b><a name=\"ObservationOxySatVitalSigns\"> </a></p><div style=\"display: inline-block; background-color: #d9e0e7; padding: 6px; margin: 4px; border: 1px solid #8da1b4; border-radius: 5px; line-height: 60%\"><p style=\"margin-bottom: 0px\">Resource Observation &quot;ObservationOxySatVitalSigns&quot; </p><p style=\"margin-bottom: 0px\">Profile: <a href=\"StructureDefinition-dk-core-observation.html\">Danish Core Observation Profiles</a></p></div><p><b>status</b>: final</p><p><b>category</b>: vital-signs <span style=\"background: LightGoldenRodYellow; margin: 4px; border: 1px solid khaki\"> ([not stated]#vital-signs)</span></p><p><b>code</b>: Oxygen saturation in Arterial blood <span style=\"background: LightGoldenRodYellow; margin: 4px; border: 1px solid khaki\"> (<a href=\"https://loinc.org/\">LOINC</a>#2708-6)</span></p><p><b>subject</b>: <a href=\"Patient-john.html\">Patient/john</a> &quot; MEYERHOFEN&quot;</p><p><b>performer</b>: <a href=\"Practitioner-AbrahamLaege.html\">Practitioner/AbrahamLaege</a> &quot; MURAKAMI&quot;</p><p><b>value</b>: 97 %<span style=\"background: LightGoldenRodYellow\"> (Details: UCUM code % = '%')</span></p><p><b>derivedFrom</b>: <a name=\"ObservationOxySat\"> </a></p><blockquote><p/><p><a name=\"ObservationOxySat\"> </a></p><p><b>status</b>: final</p><p><b>code</b>: Iltmætning <span style=\"background: LightGoldenRodYellow; margin: 4px; border: 1px solid khaki\"> (unknown#NPU03011)</span></p><p><b>subject</b>: <a href=\"Patient-john.html\">Patient/john</a> &quot; MEYERHOFEN&quot;</p><p><b>performer</b>: <a href=\"Practitioner-AbrahamLaege.html\">Practitioner/AbrahamLaege</a> &quot; MURAKAMI&quot;</p><p><b>value</b>: 0.97 {1}<span style=\"background: LightGoldenRodYellow\"> (Details: UCUM code {1} = '{1}')</span></p></blockquote><hr/><blockquote><p><b>Generated Narrative: Observation #ObservationOxySat</b><a name=\"ObservationOxySat\"> </a></p><p><b>status</b>: final</p><p><b>code</b>: Iltmætning <span style=\"background: LightGoldenRodYellow; margin: 4px; border: 1px solid khaki\"> (unknown#NPU03011)</span></p><p><b>subject</b>: <a href=\"Patient-john.html\">Patient/john</a> &quot; MEYERHOFEN&quot;</p><p><b>performer</b>: <a href=\"Practitioner-AbrahamLaege.html\">Practitioner/AbrahamLaege</a> &quot; MURAKAMI&quot;</p><p><b>value</b>: 0.97 {1}<span style=\"background: LightGoldenRodYellow\"> (Details: UCUM code {1} = '{1}')</span></p></blockquote></div>"
  },
  "contained" : [{
    "resourceType" : "Observation",
    "id" : "ObservationOxySat",
    "meta" : {
      "profile" : ["http://hl7.dk/fhir/core/StructureDefinition/dk-core-observation"]
    },
    "status" : "final",
    "code" : {
      "coding" : [{
        "system" : "urn:oid:1.2.208.176.2.1",
        "code" : "NPU03011",
        "display" : "Iltmætning"
      }]
    },
    "subject" : {
      "reference" : "Patient/john"
    },
    "performer" : [{
      "reference" : "Practitioner/AbrahamLaege"
    }],
    "valueQuantity" : {
      "value" : 0.97,
      "system" : "http://unitsofmeasure.org",
      "code" : "{1}"
    }
  }],
  "status" : "final",
  "category" : [{
    "coding" : [{
      "code" : "vital-signs"
    }]
  }],
  "code" : {
    "coding" : [{
      "system" : "http://loinc.org",
      "code" : "2708-6",
      "display" : "Oxygen saturation in Arterial blood"
    }]
  },
  "subject" : {
    "reference" : "Patient/john"
  },
  "performer" : [{
    "reference" : "Practitioner/AbrahamLaege"
  }],
  "valueQuantity" : {
    "value" : 97,
    "unit" : "%",
    "system" : "http://unitsofmeasure.org",
    "code" : "%"
  },
  "derivedFrom" : [{
    "reference" : "#ObservationOxySat"
  }]
}