<?xml version="1.0" encoding="UTF-8"?>

<CodeSystem xmlns="http://hl7.org/fhir">
  <id value="episode-of-care-status-dk-supplement"/>
  <text>
    <status value="generated"/><div xmlns="http://www.w3.org/1999/xhtml"><p>This code system <code>http://hl7.dk/fhir/core/CodeSystem/episode-of-care-status-dk-supplement</code></p><table class="codes"><tr><td style="white-space:nowrap"><b>Code</b></td><td><b>Display</b></td><td><b>Definition</b></td></tr><tr><td><a style="white-space:nowrap" href="http://hl7.org/fhir/R4/codesystem-episode-of-care-status.html#episode-of-care-status-planned">planned</a><a name="episode-of-care-status-dk-supplement-planned"> </a></td><td>Planned</td><td>This episode of care is planned to start at the date specified in the period.start. During this status, an organization may perform assessments to determine if the patient is eligible to receive services, or be organizing to make resources available to provide care services.</td></tr><tr><td><a style="white-space:nowrap" href="http://hl7.org/fhir/R4/codesystem-episode-of-care-status.html#episode-of-care-status-waitlist">waitlist</a><a name="episode-of-care-status-dk-supplement-waitlist"> </a></td><td>Waitlist</td><td>This episode has been placed on a waitlist, pending the episode being made active (or cancelled).</td></tr><tr><td><a style="white-space:nowrap" href="http://hl7.org/fhir/R4/codesystem-episode-of-care-status.html#episode-of-care-status-active">active</a><a name="episode-of-care-status-dk-supplement-active"> </a></td><td>Active</td><td>This episode of care is current.</td></tr><tr><td><a style="white-space:nowrap" href="http://hl7.org/fhir/R4/codesystem-episode-of-care-status.html#episode-of-care-status-onhold">onhold</a><a name="episode-of-care-status-dk-supplement-onhold"> </a></td><td>On Hold</td><td>This episode of care is on hold, the organization has limited responsibility for the patient (such as while on respite).</td></tr><tr><td><a style="white-space:nowrap" href="http://hl7.org/fhir/R4/codesystem-episode-of-care-status.html#episode-of-care-status-finished">finished</a><a name="episode-of-care-status-dk-supplement-finished"> </a></td><td>Finished</td><td>This episode of care is finished and the organization is not expecting to be providing further care to the patient. Can also be known as &quot;closed&quot;, &quot;completed&quot; or other similar terms.</td></tr><tr><td><a style="white-space:nowrap" href="http://hl7.org/fhir/R4/codesystem-episode-of-care-status.html#episode-of-care-status-cancelled">cancelled</a><a name="episode-of-care-status-dk-supplement-cancelled"> </a></td><td>Cancelled</td><td>The episode of care was cancelled, or withdrawn from service, often selected during the planned stage as the patient may have gone elsewhere, or the circumstances have changed and the organization is unable to provide the care. It indicates that services terminated outside the planned/expected workflow.</td></tr><tr><td><a style="white-space:nowrap" href="http://hl7.org/fhir/R4/codesystem-episode-of-care-status.html#episode-of-care-status-entered-in-error">entered-in-error</a><a name="episode-of-care-status-dk-supplement-entered-in-error"> </a></td><td>Entered in Error</td><td>This instance should not have been part of this patient's medical record.</td></tr></table><p><b>Additional Language Displays</b></p><table class="codes"><tr><td><b>Code</b></td><td><b>Dansk (Danish, da)</b></td></tr><tr><td>planned</td><td>Planlagt</td></tr><tr><td>waitlist</td><td>Venteliste</td></tr><tr><td>active</td><td>Aktiv</td></tr><tr><td>onhold</td><td>Pauseret</td></tr><tr><td>finished</td><td>Færdig</td></tr><tr><td>cancelled</td><td>Annulleret</td></tr><tr><td>entered-in-error</td><td>Fejlindtastning</td></tr></table></div>
  </text>
  <url value="http://hl7.dk/fhir/core/CodeSystem/episode-of-care-status-dk-supplement"/>
  <version value="2.1.0"/>
  <name value="EpisodeOfCareStatus"/>
  <title value="DK Episode Of Care Status"/>
  <status value="draft"/>
  <experimental value="false"/>
  <date value="2022-11-08T22:29:29+01:00"/>
  <publisher value="HL7 Denmark"/>
  <contact>
    <name value="HL7 Denmark"/>
    <telecom>
      <system value="url"/>
      <value value="http://www.hl7.dk"/>
    </telecom>
    <telecom>
      <system value="email"/>
      <value value="jenskristianvilladsen@gmail.com"/>
    </telecom>
  </contact>
  <description value="The status of the episode of care."/>
  <jurisdiction>
    <coding>
      <system value="urn:iso:std:iso:3166"/>
      <code value="DK"/>
      <display value="Denmark"/>
    </coding>
  </jurisdiction>
  <content value="supplement"/>
  <supplements value="http://hl7.org/fhir/episode-of-care-status"/>
  <concept>
    <code value="planned"/>
    <display value="Planned"/>
    <definition value="This episode of care is planned to start at the date specified in the period.start. During this status, an organization may perform assessments to determine if the patient is eligible to receive services, or be organizing to make resources available to provide care services."/>
    <designation>
      <language value="da"/>
      <use>
        <system value="http://snomed.info/sct"/>
        <code value="900000000000013009"/>
      </use>
      <value value="Planlagt"/>
    </designation>
  </concept>
  <concept>
    <code value="waitlist"/>
    <display value="Waitlist"/>
    <definition value="This episode has been placed on a waitlist, pending the episode being made active (or cancelled)."/>
    <designation>
      <language value="da"/>
      <use>
        <system value="http://snomed.info/sct"/>
        <code value="900000000000013009"/>
      </use>
      <value value="Venteliste"/>
    </designation>
  </concept>
  <concept>
    <code value="active"/>
    <display value="Active"/>
    <definition value="This episode of care is current."/>
    <designation>
      <language value="da"/>
      <use>
        <system value="http://snomed.info/sct"/>
        <code value="900000000000013009"/>
      </use>
      <value value="Aktiv"/>
    </designation>
  </concept>
  <concept>
    <code value="onhold"/>
    <display value="On Hold"/>
    <definition value="This episode of care is on hold, the organization has limited responsibility for the patient (such as while on respite)."/>
    <designation>
      <language value="da"/>
      <use>
        <system value="http://snomed.info/sct"/>
        <code value="900000000000013009"/>
      </use>
      <value value="Pauseret"/>
    </designation>
  </concept>
  <concept>
    <code value="finished"/>
    <display value="Finished"/>
    <definition value="This episode of care is finished and the organization is not expecting to be providing further care to the patient. Can also be known as &quot;closed&quot;, &quot;completed&quot; or other similar terms."/>
    <designation>
      <language value="da"/>
      <use>
        <system value="http://snomed.info/sct"/>
        <code value="900000000000013009"/>
      </use>
      <value value="Færdig"/>
    </designation>
  </concept>
  <concept>
    <code value="cancelled"/>
    <display value="Cancelled"/>
    <definition value="The episode of care was cancelled, or withdrawn from service, often selected during the planned stage as the patient may have gone elsewhere, or the circumstances have changed and the organization is unable to provide the care. It indicates that services terminated outside the planned/expected workflow."/>
    <designation>
      <language value="da"/>
      <use>
        <system value="http://snomed.info/sct"/>
        <code value="900000000000013009"/>
      </use>
      <value value="Annulleret"/>
    </designation>
  </concept>
  <concept>
    <code value="entered-in-error"/>
    <display value="Entered in Error"/>
    <definition value="This instance should not have been part of this patient's medical record."/>
    <designation>
      <language value="da"/>
      <use>
        <system value="http://snomed.info/sct"/>
        <code value="900000000000013009"/>
      </use>
      <value value="Fejlindtastning"/>
    </designation>
  </concept>
</CodeSystem>