<?xml version="1.0" encoding="UTF-8"?>

<Condition xmlns="http://hl7.org/fhir">
  <id value="ElseGraviditet"/>
  <meta>
    <profile value="http://hl7.dk/fhir/core/StructureDefinition/dk-core-condition"/>
  </meta>
  <text>
    <status value="generated"/><div xmlns="http://www.w3.org/1999/xhtml"><p><b>Generated Narrative: Condition</b><a name="ElseGraviditet"> </a></p><div style="display: inline-block; background-color: #d9e0e7; padding: 6px; margin: 4px; border: 1px solid #8da1b4; border-radius: 5px; line-height: 60%"><p style="margin-bottom: 0px">Resource Condition "ElseGraviditet" </p><p style="margin-bottom: 0px">Profile: <a href="StructureDefinition-dk-core-condition.html">Danish Core Condition Profile</a></p></div><p><b>clinicalStatus</b>: Active <span style="background: LightGoldenRodYellow; margin: 4px; border: 1px solid khaki"> (<a href="http://terminology.hl7.org/4.0.0/CodeSystem-condition-clinical.html">Condition Clinical Status Codes</a>#active)</span></p><p><b>verificationStatus</b>: Confirmed <span style="background: LightGoldenRodYellow; margin: 4px; border: 1px solid khaki"> (<a href="http://terminology.hl7.org/4.0.0/CodeSystem-condition-ver-status.html">ConditionVerificationStatus</a>#confirmed)</span></p><p><b>category</b>: Encounter Diagnosis <span style="background: LightGoldenRodYellow; margin: 4px; border: 1px solid khaki"> (<a href="http://terminology.hl7.org/4.0.0/CodeSystem-condition-category.html">Condition Category Codes</a>#encounter-diagnosis)</span></p><p><b>code</b>: Graviditet, førstegangsfødende <span style="background: LightGoldenRodYellow; margin: 4px; border: 1px solid khaki"> (unknown#DZ340)</span></p><p><b>subject</b>: <a href="Patient-else.html">Patient/else</a> " LAURIDSEN"</p><p><b>recordedDate</b>: 2021-07-03</p></div>
  </text>
  <clinicalStatus>
    <coding>
      <system value="http://terminology.hl7.org/CodeSystem/condition-clinical"/>
      <code value="active"/>
    </coding>
  </clinicalStatus>
  <verificationStatus>
    <coding>
      <system value="http://terminology.hl7.org/CodeSystem/condition-ver-status"/>
      <code value="confirmed"/>
    </coding>
  </verificationStatus>
  <category>
    <coding>
      <system value="http://terminology.hl7.org/CodeSystem/condition-category"/>
      <code value="encounter-diagnosis"/>
    </coding>
  </category>
  <code>
    <coding>
      <system value="urn:oid:1.2.208.176.2.4.12"/>
      <code value="DZ340"/>
      <display value="Graviditet, førstegangsfødende"/>
    </coding>
  </code>
  <subject>
    <reference value="Patient/else"/>
  </subject>
  <recordedDate value="2021-07-03"/>
</Condition>