{"resourceType":"CodeSystem","id":"dk-core-regional-subdivision-codes","text":{"status":"generated","div":"<div xmlns=\"http://www.w3.org/1999/xhtml\"><p>This case-insensitive code system <code>http://hl7.dk/fhir/core/CodeSystem/dk-core-regional-subdivision-codes</code> defines the following codes:</p><table class=\"codes\"><tr><td style=\"white-space:nowrap\"><b>Code</b></td><td><b>Display</b></td><td><b>Dansk (Danish, da)</b></td></tr><tr><td style=\"white-space:nowrap\">DK-84<a name=\"dk-core-regional-subdivision-codes-DK-84\"> </a></td><td>Capital Region of Denmark</td><td>Hovedstaden</td></tr><tr><td style=\"white-space:nowrap\">DK-82<a name=\"dk-core-regional-subdivision-codes-DK-82\"> </a></td><td>Central Denmark Region</td><td>Midtjylland</td></tr><tr><td style=\"white-space:nowrap\">DK-81<a name=\"dk-core-regional-subdivision-codes-DK-81\"> </a></td><td>Nord Denmark Region</td><td>Nordjylland</td></tr><tr><td style=\"white-space:nowrap\">DK-85<a name=\"dk-core-regional-subdivision-codes-DK-85\"> </a></td><td>Region Zealand</td><td>Sjælland</td></tr><tr><td style=\"white-space:nowrap\">DK-83<a name=\"dk-core-regional-subdivision-codes-DK-83\"> </a></td><td>Region of Southern Denmark</td><td>Syddanmark</td></tr></table></div>"},"url":"http://hl7.dk/fhir/core/CodeSystem/dk-core-regional-subdivision-codes","version":"3.2.0","name":"DKCoreRegionalSubdivisionCodes","title":"DK Regional Subdivision Codes","status":"active","experimental":false,"date":"2024-05-06T15:21:43+02:00","publisher":"HL7 Denmark","contact":[{"name":"HL7 Denmark","telecom":[{"system":"url","value":"http://www.hl7.dk"},{"system":"email","value":"jenskristianvilladsen@gmail.com"}]}],"description":"Subdivision codes (Regional codes) used in Denmark as found on https://www.iso.org/obp/ui/#iso:code:3166:DK","jurisdiction":[{"coding":[{"system":"urn:iso:std:iso:3166","code":"DK","display":"Denmark"}]}],"caseSensitive":false,"content":"complete","count":5,"concept":[{"code":"DK-84","display":"Capital Region of Denmark","designation":[{"language":"da","value":"Hovedstaden"}]},{"code":"DK-82","display":"Central Denmark Region","designation":[{"language":"da","value":"Midtjylland"}]},{"code":"DK-81","display":"Nord Denmark Region","designation":[{"language":"da","value":"Nordjylland"}]},{"code":"DK-85","display":"Region Zealand","designation":[{"language":"da","value":"Sjælland"}]},{"code":"DK-83","display":"Region of Southern Denmark","designation":[{"language":"da","value":"Syddanmark"}]}]}