<?xml version="1.0" encoding="UTF-8"?>

<Device xmlns="http://hl7.org/fhir">
  <id value="BPMonitor.C4F312FFFE53F2C9"/>
  <meta>
    <profile value="http://hl7.org/fhir/uv/phd/StructureDefinition/PhdDevice"/>
  </meta>
  <text>
    <status value="generated"/><div xmlns="http://www.w3.org/1999/xhtml"><p><b>Generated Narrative: Device</b><a name="BPMonitor.C4F312FFFE53F2C9"> </a></p><div style="display: inline-block; background-color: #d9e0e7; padding: 6px; margin: 4px; border: 1px solid #8da1b4; border-radius: 5px; line-height: 60%"><p style="margin-bottom: 0px">Resource Device &quot;BPMonitor.C4F312FFFE53F2C9&quot; </p><p style="margin-bottom: 0px">Profile: <a href="http://hl7.org/fhir/uv/phd/STU1/StructureDefinition-PhdDevice.html">PhdDevice</a></p></div><p><b>identifier</b>: Ieee 11073 System Identifier: C4-F3-12-FF-FE-53-F2-C9, Bluetooth MAC address: <a href="http://terminology.hl7.org/3.1.0/NamingSystem-bluetooth-address-identifier.html">#</a>C4-F3-12-53-F2-C9</p><p><b>manufacturer</b>: A&amp;D Medical </p><p><b>serialNumber</b>: 5181000124</p><p><b>modelNumber</b>: UA-651BLE </p><p><b>type</b>: MDC_MOC_VMS_MDS_SIMP: Personal health device <span style="background: LightGoldenRodYellow; margin: 4px; border: 1px solid khaki"> (<a href="http://terminology.hl7.org/3.1.0/CodeSystem-v3-mdc.html">ISO 11073-10101 Health informatics - Point-of-care</a>#65573 &quot;MDC_MOC_VMS_MDS_SIMP&quot;)</span></p><h3>Specializations</h3><table class="grid"><tr><td style="display: none">-</td><td><b>SystemType</b></td><td><b>Version</b></td></tr><tr><td style="display: none">*</td><td>MDC_DEV_SPEC_PROFILE_BP: Blood Pressure meter <span style="background: LightGoldenRodYellow; margin: 4px; border: 1px solid khaki"> (<a href="http://terminology.hl7.org/3.1.0/CodeSystem-v3-mdc.html">ISO 11073-10101 Health informatics - Point-of-care</a>#528391 &quot;MDC_DEV_SPEC_PROFILE_BP&quot;)</span></td><td>1</td></tr></table><blockquote><p><b>version</b></p><p><b>type</b>: MDC_REG_CERT_DATA_CONTINUA_VERSION: Continua version <span style="background: LightGoldenRodYellow; margin: 4px; border: 1px solid khaki"> (<a href="http://terminology.hl7.org/3.1.0/CodeSystem-v3-mdc.html">ISO 11073-10101 Health informatics - Point-of-care</a>#532352 &quot;MDC_REG_CERT_DATA_CONTINUA_VERSION&quot;)</span></p><p><b>value</b>: 4.1</p></blockquote><blockquote><p><b>version</b></p><p><b>type</b>: MDC_ID_PROD_SPEC_HW: Hardware version <span style="background: LightGoldenRodYellow; margin: 4px; border: 1px solid khaki"> (<a href="http://terminology.hl7.org/3.1.0/CodeSystem-v3-mdc.html">ISO 11073-10101 Health informatics - Point-of-care</a>#531974 &quot;MDC_ID_PROD_SPEC_HW&quot;)</span></p><p><b>value</b>: 0.00</p></blockquote><blockquote><p><b>version</b></p><p><b>type</b>: MDC_ID_PROD_SPEC_SW: Software version <span style="background: LightGoldenRodYellow; margin: 4px; border: 1px solid khaki"> (<a href="http://terminology.hl7.org/3.1.0/CodeSystem-v3-mdc.html">ISO 11073-10101 Health informatics - Point-of-care</a>#531975 &quot;MDC_ID_PROD_SPEC_SW&quot;)</span></p><p><b>value</b>: 0.00</p></blockquote><blockquote><p><b>version</b></p><p><b>type</b>: MDC_ID_PROD_SPEC_FW: Firmware version <span style="background: LightGoldenRodYellow; margin: 4px; border: 1px solid khaki"> (<a href="http://terminology.hl7.org/3.1.0/CodeSystem-v3-mdc.html">ISO 11073-10101 Health informatics - Point-of-care</a>#531976 &quot;MDC_ID_PROD_SPEC_FW&quot;)</span></p><p><b>value</b>: BLP009_02_005 </p></blockquote><blockquote><p><b>property</b></p><p><b>type</b>: MDC_REG_CERT_DATA_CONTINUA_CERT_DEV_LIST: Continua certified device list <span style="background: LightGoldenRodYellow; margin: 4px; border: 1px solid khaki"> (<a href="http://terminology.hl7.org/3.1.0/CodeSystem-v3-mdc.html">ISO 11073-10101 Health informatics - Point-of-care</a>#532353 &quot;MDC_REG_CERT_DATA_CONTINUA_CERT_DEV_LIST&quot;)</span></p><p><b>valueCode</b>: BluetoothLE: Blood pressure monitor <span style="background: LightGoldenRodYellow; margin: 4px; border: 1px solid khaki"> (<a href="http://hl7.org/fhir/uv/phd/STU1/CodeSystem-ContinuaPHD.html">ContinuaPHD</a>#32775)</span></p></blockquote><blockquote><p><b>property</b></p><p><b>type</b>: MDC_TIME_SYNC_PROTOCOL: Time synchronization protocol <span style="background: LightGoldenRodYellow; margin: 4px; border: 1px solid khaki"> (<a href="http://terminology.hl7.org/3.1.0/CodeSystem-v3-mdc.html">ISO 11073-10101 Health informatics - Point-of-care</a>#68220 &quot;MDC_TIME_SYNC_PROTOCOL&quot;)</span></p><p><b>valueCode</b>: MDC_TIME_SYNC_NONE: No time synchronization <span style="background: LightGoldenRodYellow; margin: 4px; border: 1px solid khaki"> (<a href="http://terminology.hl7.org/3.1.0/CodeSystem-v3-mdc.html">ISO 11073-10101 Health informatics - Point-of-care</a>#532224 &quot;MDC_TIME_SYNC_NONE&quot;)</span></p></blockquote><blockquote><p><b>property</b></p><p><b>type</b>: regulation-status <span style="background: LightGoldenRodYellow; margin: 4px; border: 1px solid khaki"> (<a href="http://hl7.org/fhir/uv/phd/STU1/CodeSystem-ASN1ToHL7.html">ASN1ToHL7</a>#532354.0)</span></p><p><b>valueCode</b>: Device is regulated <span style="background: LightGoldenRodYellow; margin: 4px; border: 1px solid khaki"> (<a href="http://hl7.org/fhir/R4/v2/0136/index.html">v2 Y/N Indicator</a>#N)</span></p></blockquote><blockquote><p><b>property</b></p><p><b>type</b>: mds-time-capab-real-time-clock <span style="background: LightGoldenRodYellow; margin: 4px; border: 1px solid khaki"> (<a href="http://hl7.org/fhir/uv/phd/STU1/CodeSystem-ASN1ToHL7.html">ASN1ToHL7</a>#68219.0)</span></p><p><b>valueCode</b>: Real time clock is supported <span style="background: LightGoldenRodYellow; margin: 4px; border: 1px solid khaki"> (<a href="http://hl7.org/fhir/R4/v2/0136/index.html">v2 Y/N Indicator</a>#Y)</span></p></blockquote><blockquote><p><b>property</b></p><p><b>type</b>: mds-time-capab-set-clock <span style="background: LightGoldenRodYellow; margin: 4px; border: 1px solid khaki"> (<a href="http://hl7.org/fhir/uv/phd/STU1/CodeSystem-ASN1ToHL7.html">ASN1ToHL7</a>#68219.1)</span></p><p><b>valueCode</b>: Setting the real time clock is supported <span style="background: LightGoldenRodYellow; margin: 4px; border: 1px solid khaki"> (<a href="http://hl7.org/fhir/R4/v2/0136/index.html">v2 Y/N Indicator</a>#Y)</span></p></blockquote></div>
  </text>
  <identifier>
    <type>
      <coding>
        <system value="http://hl7.org/fhir/uv/phd/CodeSystem/ContinuaDeviceIdentifiers"/>
        <code value="SYSID"/>
        <display value="Ieee 11073 System Identifier"/>
      </coding>
    </type>
    <system value="urn:oid:1.2.840.10004.1.1.1.0.0.1.0.0.1.2680"/>
    <value value="C4-F3-12-FF-FE-53-F2-C9"/>
  </identifier>
  <identifier>
    <type>
      <coding>
        <system value="http://hl7.org/fhir/uv/phd/CodeSystem/ContinuaDeviceIdentifiers"/>
        <code value="BTMAC"/>
        <display value="Bluetooth MAC address"/>
      </coding>
    </type>
    <system value="http://hl7.org/fhir/sid/eui-48/bluetooth"/>
    <value value="C4-F3-12-53-F2-C9"/>
  </identifier>
  <manufacturer value="A&amp;D Medical "/>
  <serialNumber value="5181000124"/>
  <modelNumber value="UA-651BLE "/>
  <type>
    <coding>
      <system value="urn:iso:std:iso:11073:10101"/>
      <code value="65573"/>
      <display value="MDC_MOC_VMS_MDS_SIMP"/>
    </coding>
    <text value="MDC_MOC_VMS_MDS_SIMP: Personal health device"/>
  </type>
  <specialization>
    <systemType>
      <coding>
        <system value="urn:iso:std:iso:11073:10101"/>
        <code value="528391"/>
        <display value="MDC_DEV_SPEC_PROFILE_BP"/>
      </coding>
      <text value="MDC_DEV_SPEC_PROFILE_BP: Blood Pressure meter"/>
    </systemType>
    <version value="1"/>
  </specialization>
  <version>
    <type>
      <coding>
        <system value="urn:iso:std:iso:11073:10101"/>
        <code value="532352"/>
        <display value="MDC_REG_CERT_DATA_CONTINUA_VERSION"/>
      </coding>
      <text value="MDC_REG_CERT_DATA_CONTINUA_VERSION: Continua version"/>
    </type>
    <value value="4.1"/>
  </version>
  <version>
    <type>
      <coding>
        <system value="urn:iso:std:iso:11073:10101"/>
        <code value="531974"/>
        <display value="MDC_ID_PROD_SPEC_HW"/>
      </coding>
      <text value="MDC_ID_PROD_SPEC_HW: Hardware version"/>
    </type>
    <value value="0.00"/>
  </version>
  <version>
    <type>
      <coding>
        <system value="urn:iso:std:iso:11073:10101"/>
        <code value="531975"/>
        <display value="MDC_ID_PROD_SPEC_SW"/>
      </coding>
      <text value="MDC_ID_PROD_SPEC_SW: Software version"/>
    </type>
    <value value="0.00"/>
  </version>
  <version>
    <type>
      <coding>
        <system value="urn:iso:std:iso:11073:10101"/>
        <code value="531976"/>
        <display value="MDC_ID_PROD_SPEC_FW"/>
      </coding>
      <text value="MDC_ID_PROD_SPEC_FW: Firmware version"/>
    </type>
    <value value="BLP009_02_005 "/>
  </version>
  <property>
    <type>
      <coding>
        <system value="urn:iso:std:iso:11073:10101"/>
        <code value="532353"/>
        <display value="MDC_REG_CERT_DATA_CONTINUA_CERT_DEV_LIST"/>
      </coding>
      <text value="MDC_REG_CERT_DATA_CONTINUA_CERT_DEV_LIST: Continua certified device list"/>
    </type>
    <valueCode>
      <coding>
        <system value="http://hl7.org/fhir/uv/phd/CodeSystem/ContinuaPHD"/>
        <code value="32775"/>
      </coding>
      <text value="BluetoothLE: Blood pressure monitor"/>
    </valueCode>
  </property>
  <property>
    <type>
      <coding>
        <system value="urn:iso:std:iso:11073:10101"/>
        <code value="68220"/>
        <display value="MDC_TIME_SYNC_PROTOCOL"/>
      </coding>
      <text value="MDC_TIME_SYNC_PROTOCOL: Time synchronization protocol"/>
    </type>
    <valueCode>
      <coding>
        <system value="urn:iso:std:iso:11073:10101"/>
        <code value="532224"/>
        <display value="MDC_TIME_SYNC_NONE"/>
      </coding>
      <text value="MDC_TIME_SYNC_NONE: No time synchronization"/>
    </valueCode>
  </property>
  <property>
    <type>
      <coding>
        <system value="http://hl7.org/fhir/uv/phd/CodeSystem/ASN1ToHL7"/>
        <code value="532354.0"/>
      </coding>
      <text value="regulation-status"/>
    </type>
    <valueCode>
      <coding>
        <system value="http://terminology.hl7.org/CodeSystem/v2-0136"/>
        <code value="N"/>
      </coding>
      <text value="Device is regulated"/>
    </valueCode>
  </property>
  <property>
    <type>
      <coding>
        <system value="http://hl7.org/fhir/uv/phd/CodeSystem/ASN1ToHL7"/>
        <code value="68219.0"/>
      </coding>
      <text value="mds-time-capab-real-time-clock"/>
    </type>
    <valueCode>
      <coding>
        <system value="http://terminology.hl7.org/CodeSystem/v2-0136"/>
        <code value="Y"/>
      </coding>
      <text value="Real time clock is supported"/>
    </valueCode>
  </property>
  <property>
    <type>
      <coding>
        <system value="http://hl7.org/fhir/uv/phd/CodeSystem/ASN1ToHL7"/>
        <code value="68219.1"/>
      </coding>
      <text value="mds-time-capab-set-clock"/>
    </type>
    <valueCode>
      <coding>
        <system value="http://terminology.hl7.org/CodeSystem/v2-0136"/>
        <code value="Y"/>
      </coding>
      <text value="Setting the real time clock is supported"/>
    </valueCode>
  </property>
</Device>