<?xml version="1.0" encoding="UTF-8"?>

<Organization xmlns="http://hl7.org/fhir">
  <id value="b08997bb-4476-4dd0-84dd-2e297f809364"/>
  <meta>
    <profile value="http://hl7.dk/fhir/core/StructureDefinition/dk-core-organization"/>
  </meta>
  <text>
    <status value="generated"/><div xmlns="http://www.w3.org/1999/xhtml"><p><b>Generated Narrative: Organization</b><a name="b08997bb-4476-4dd0-84dd-2e297f809364"> </a></p><div style="display: inline-block; background-color: #d9e0e7; padding: 6px; margin: 4px; border: 1px solid #8da1b4; border-radius: 5px; line-height: 60%"><p style="margin-bottom: 0px">Resource Organization &quot;b08997bb-4476-4dd0-84dd-2e297f809364&quot; </p><p style="margin-bottom: 0px">Profile: <a href="StructureDefinition-dk-core-organization.html">Danish Core Organization Profile</a></p></div><p><b>identifier</b>: id: 12345678901, id: 26919991, id: 5798002472264, id: urn:uuid:a107fd1e-9f35-422c-9d1e-add097bbf4a6</p><p><b>type</b>: 264372000 <span style="background: LightGoldenRodYellow; margin: 4px; border: 1px solid khaki"> (<a href="https://browser.ihtsdotools.org/">SNOMED CT</a>#264372000)</span></p></div>
  </text>
  <identifier>
    <system value="urn:oid:1.2.208.176.1.1"/>
    <value value="12345678901"/>
  </identifier>
  <identifier>
    <system value="http://cvr.dk"/>
    <value value="26919991"/>
  </identifier>
  <identifier>
    <system value="https://www.gs1.org/gln"/>
    <value value="5798002472264"/>
  </identifier>
  <identifier>
    <system value="https://kombit.dk/sts/organisation"/>
    <value value="urn:uuid:a107fd1e-9f35-422c-9d1e-add097bbf4a6"/>
  </identifier>
  <type>
    <coding>
      <system value="http://snomed.info/sct"/>
      <code value="264372000"/>
    </coding>
  </type>
</Organization>