<?xml version="1.0" encoding="UTF-8"?><ValueSet xmlns="http://hl7.org/fhir"><id value="dk-core-practice-setting-code"/><text><status value="generated"/><div xmlns="http://www.w3.org/1999/xhtml"><p class="res-header-id"><b>Generated Narrative: ValueSet dk-core-practice-setting-code</b></p><a name="dk-core-practice-setting-code"> </a><a name="hcdk-core-practice-setting-code"> </a><ul><li>Include these codes as defined in <a href="http://www.snomed.org/"><code>http://snomed.info/sct</code></a><span title="Version is explicitly stated to be http://snomed.info/sct/554471000005108"> version 📍</span><table class="none"><tr><td style="white-space:nowrap"><b>Code</b></td><td><b>Display</b></td></tr><tr><td><a href="http://snomed.info/id/773568002">773568002</a></td><td style="color: #cccccc">akutmedicin</td></tr><tr><td><a href="http://snomed.info/id/408443003">408443003</a></td><td style="color: #cccccc">almen medicin</td></tr><tr><td><a href="http://snomed.info/id/394577000">394577000</a></td><td style="color: #cccccc">anæstesiologi</td></tr><tr><td><a href="http://snomed.info/id/394821009">394821009</a></td><td style="color: #cccccc">arbejdsmedicin</td></tr><tr><td><a href="http://snomed.info/id/394588006">394588006</a></td><td style="color: #cccccc">børne- og ungdomspsykiatri</td></tr><tr><td><a href="http://snomed.info/id/394582007">394582007</a></td><td style="color: #cccccc">dermato-venerologi</td></tr><tr><td><a href="http://snomed.info/id/394914008">394914008</a></td><td style="color: #cccccc">diagnostisk radiologi</td></tr><tr><td><a href="http://snomed.info/id/394583002">394583002</a></td><td style="color: #cccccc">endokrinologi</td></tr><tr><td><a href="http://snomed.info/id/394811001">394811001</a></td><td style="color: #cccccc">geriatri</td></tr><tr><td><a href="http://snomed.info/id/394585009">394585009</a></td><td style="color: #cccccc">gynækologi og obstetrik</td></tr><tr><td><a href="http://snomed.info/id/408472002">408472002</a></td><td style="color: #cccccc">hepatologi</td></tr><tr><td><a href="http://snomed.info/id/394803006">394803006</a></td><td style="color: #cccccc">hæmatologi</td></tr><tr><td><a href="http://snomed.info/id/394807007">394807007</a></td><td style="color: #cccccc">infektionsmedicin</td></tr><tr><td><a href="http://snomed.info/id/419192003">419192003</a></td><td style="color: #cccccc">intern medicin</td></tr><tr><td><a href="http://snomed.info/id/394579002">394579002</a></td><td style="color: #cccccc">kardiologi</td></tr><tr><td><a href="http://snomed.info/id/408463005">408463005</a></td><td style="color: #cccccc">karkirurgi</td></tr><tr><td><a href="http://snomed.info/id/394609007">394609007</a></td><td style="color: #cccccc">kirurgi</td></tr><tr><td><a href="http://snomed.info/id/551411000005104">551411000005104</a></td><td style="color: #cccccc">kirurgisk gastroenterologi</td></tr><tr><td><a href="http://snomed.info/id/394596001">394596001</a></td><td style="color: #cccccc">klinisk biokemi</td></tr><tr><td><a href="http://snomed.info/id/394600006">394600006</a></td><td style="color: #cccccc">klinisk farmakologi</td></tr><tr><td><a href="http://snomed.info/id/394601005">394601005</a></td><td style="color: #cccccc">klinisk fysiologi og nuklearmedicin</td></tr><tr><td><a href="http://snomed.info/id/394580004">394580004</a></td><td style="color: #cccccc">klinisk genetik</td></tr><tr><td><a href="http://snomed.info/id/421661004">421661004</a></td><td style="color: #cccccc">blodbanks- og transfusionsmedicin, speciale</td></tr><tr><td><a href="http://snomed.info/id/408454008">408454008</a></td><td style="color: #cccccc">klinisk mikrobiologi</td></tr><tr><td><a href="http://snomed.info/id/394809005">394809005</a></td><td style="color: #cccccc">klinisk neurofysiologi</td></tr><tr><td><a href="http://snomed.info/id/394592004">394592004</a></td><td style="color: #cccccc">klinisk onkologi</td></tr><tr><td><a href="http://snomed.info/id/418112009">418112009</a></td><td style="color: #cccccc">lungemedicin</td></tr><tr><td><a href="http://snomed.info/id/394805004">394805004</a></td><td style="color: #cccccc">medicinsk allergologi</td></tr><tr><td><a href="http://snomed.info/id/394584008">394584008</a></td><td style="color: #cccccc">medicinsk gastroenterologi</td></tr><tr><td><a href="http://snomed.info/id/394589003">394589003</a></td><td style="color: #cccccc">nefrologi</td></tr><tr><td><a href="http://snomed.info/id/394610002">394610002</a></td><td style="color: #cccccc">neurokirurgi</td></tr><tr><td><a href="http://snomed.info/id/394591006">394591006</a></td><td style="color: #cccccc">neurologi</td></tr><tr><td><a href="http://snomed.info/id/394812008">394812008</a></td><td style="color: #cccccc">Dental medicine specialties (qualifier value)</td></tr><tr><td><a href="http://snomed.info/id/394594003">394594003</a></td><td style="color: #cccccc">oftalmologi</td></tr><tr><td><a href="http://snomed.info/id/394608004">394608004</a></td><td style="color: #cccccc">ortodontologi</td></tr><tr><td><a href="http://snomed.info/id/394801008">394801008</a></td><td style="color: #cccccc">ortopædisk kirurgi</td></tr><tr><td><a href="http://snomed.info/id/394604002">394604002</a></td><td style="color: #cccccc">oto-rhino-laryngologi</td></tr><tr><td><a href="http://snomed.info/id/394915009">394915009</a></td><td style="color: #cccccc">patologisk anatomi og cytologi</td></tr><tr><td><a href="http://snomed.info/id/394611003">394611003</a></td><td style="color: #cccccc">plastik kirurgi</td></tr><tr><td><a href="http://snomed.info/id/394587001">394587001</a></td><td style="color: #cccccc">psykiatri</td></tr><tr><td><a href="http://snomed.info/id/394537008">394537008</a></td><td style="color: #cccccc">pædiatri</td></tr><tr><td><a href="http://snomed.info/id/394810000">394810000</a></td><td style="color: #cccccc">reumatologi</td></tr><tr><td><a href="http://snomed.info/id/394581000">394581000</a></td><td style="color: #cccccc">samfundsmedicin</td></tr><tr><td><a href="http://snomed.info/id/394605001">394605001</a></td><td style="color: #cccccc">oralkirurgi</td></tr><tr><td><a href="http://snomed.info/id/394603008">394603008</a></td><td style="color: #cccccc">thoraxkirurgi</td></tr><tr><td><a href="http://snomed.info/id/408448007">408448007</a></td><td style="color: #cccccc">tropemedicin</td></tr><tr><td><a href="http://snomed.info/id/394612005">394612005</a></td><td style="color: #cccccc">urologi</td></tr><tr><td><a href="http://snomed.info/id/658171000005102">658171000005102</a></td><td style="color: #cccccc">Home care services (qualifier value)</td></tr><tr><td><a href="http://snomed.info/id/658161000005107">658161000005107</a></td><td style="color: #cccccc">Home nursing care services (qualifier value)</td></tr><tr><td><a href="http://snomed.info/id/658151000005105">658151000005105</a></td><td style="color: #cccccc">Health promotion and disease prevention services</td></tr><tr><td><a href="http://snomed.info/id/658191000005101">658191000005101</a></td><td style="color: #cccccc">Health visitors services</td></tr><tr><td><a href="http://snomed.info/id/658201000005103">658201000005103</a></td><td style="color: #cccccc">Municipal dental care services</td></tr><tr><td><a href="http://snomed.info/id/658141000005108">658141000005108</a></td><td style="color: #cccccc">genoptræning efter hospitalsophold</td></tr><tr><td><a href="http://snomed.info/id/658181000005104">658181000005104</a></td><td style="color: #cccccc">Device services</td></tr></table></li></ul></div></text><url value="http://hl7.dk/fhir/core/ValueSet/dk-core-practice-setting-code"/><version value="3.5.0"/><name value="SorPracticeSettingCode"/><title value="DK SOR Practice Setting Code"/><status value="active"/><experimental value="false"/><date value="2025-12-19T17:20:16+01:00"/><publisher value="HL7 Denmark"/><contact><name value="HL7 Denmark"/><telecom><system value="url"/><value value="http://www.hl7.dk"/></telecom><telecom><system value="email"/><value value="dk-affiliate@hl7.dk"/></telecom></contact><description value="Values used for the document metadata attribute practiceSettingCode, which is an attribute specifying the clinical specialty where the act that resulted in the document was performed (e.g., Family Practice, Laboratory, Radiology). The value set is based on a subset of the code list from the SOR lookup table 'SOR-Kliniske specialer' (https://sor.sum.dsdn.dk/lookupdata/#clinical_speciality, accessable on Sundhedsdatanettet (SDN)), which is based on SNOMED CT codes."/><jurisdiction><coding><system value="urn:iso:std:iso:3166"/><code value="DK"/><display value="Denmark"/></coding></jurisdiction><compose><include><system value="http://snomed.info/sct"/><version value="http://snomed.info/sct/554471000005108"/><concept><code value="773568002"/></concept><concept><code value="408443003"/></concept><concept><code value="394577000"/></concept><concept><code value="394821009"/></concept><concept><code value="394588006"/></concept><concept><code value="394582007"/></concept><concept><code value="394914008"/></concept><concept><code value="394583002"/></concept><concept><code value="394811001"/></concept><concept><code value="394585009"/></concept><concept><code value="408472002"/></concept><concept><code value="394803006"/></concept><concept><code value="394807007"/></concept><concept><code value="419192003"/></concept><concept><code value="394579002"/></concept><concept><code value="408463005"/></concept><concept><code value="394609007"/></concept><concept><code value="551411000005104"/></concept><concept><code value="394596001"/></concept><concept><code value="394600006"/></concept><concept><code value="394601005"/></concept><concept><code value="394580004"/></concept><concept><code value="421661004"/></concept><concept><code value="408454008"/></concept><concept><code value="394809005"/></concept><concept><code value="394592004"/></concept><concept><code value="418112009"/></concept><concept><code value="394805004"/></concept><concept><code value="394584008"/></concept><concept><code value="394589003"/></concept><concept><code value="394610002"/></concept><concept><code value="394591006"/></concept><concept><code value="394812008"/></concept><concept><code value="394594003"/></concept><concept><code value="394608004"/></concept><concept><code value="394801008"/></concept><concept><code value="394604002"/></concept><concept><code value="394915009"/></concept><concept><code value="394611003"/></concept><concept><code value="394587001"/></concept><concept><code value="394537008"/></concept><concept><code value="394810000"/></concept><concept><code value="394581000"/></concept><concept><code value="394605001"/></concept><concept><code value="394603008"/></concept><concept><code value="408448007"/></concept><concept><code value="394612005"/></concept><concept><code value="658171000005102"/></concept><concept><code value="658161000005107"/></concept><concept><code value="658151000005105"/></concept><concept><code value="658191000005101"/></concept><concept><code value="658201000005103"/></concept><concept><code value="658141000005108"/></concept><concept><code value="658181000005104"/></concept></include></compose></ValueSet>