{
  "resourceType" : "CodeSystem",
  "id" : "a402c0f3-19c7-45fb-9d12-c2a1307a8b97-11",
  "url" : "http://hl7.org/fhir/comparison/CodeSystem/a402c0f3-19c7-45fb-9d12-c2a1307a8b97-11",
  "name" : "UnionAdministrativeGenderDkSupplementAndAdministrativeGenderDkSupplement",
  "title" : "Union of DK Administrative Gender Supplement And DK Administrative Gender Supplement",
  "status" : "draft",
  "date" : "2023-05-05T01:38:26+02:00",
  "jurisdiction" : [{
    "coding" : [{
      "system" : "urn:iso:std:iso:3166",
      "code" : "DK",
      "display" : "Denmark"
    }]
  }],
  "concept" : [{
    "code" : "male",
    "designation" : [{
      "language" : "da",
      "value" : "Mand"
    }]
  },
  {
    "code" : "female",
    "designation" : [{
      "language" : "da",
      "value" : "Kvinde"
    }]
  },
  {
    "code" : "other",
    "designation" : [{
      "language" : "da",
      "value" : "Andet"
    }]
  },
  {
    "code" : "unknown",
    "designation" : [{
      "language" : "da",
      "value" : "Ukendt"
    }]
  }]
}