{
  "resourceType" : "CodeSystem",
  "id" : "027da29f-beb3-429d-b737-26c92bc842ee-8",
  "url" : "http://hl7.org/fhir/comparison/CodeSystem/027da29f-beb3-429d-b737-26c92bc842ee-8",
  "name" : "UnionAddressUseAndAddressUse",
  "title" : "Union of DK Address Use And DK Address Use",
  "status" : "draft",
  "date" : "2023-04-30T22:08:12+02:00",
  "jurisdiction" : [{
    "coding" : [{
      "system" : "urn:iso:std:iso:3166",
      "code" : "DK",
      "display" : "Denmark"
    }]
  }],
  "concept" : [{
    "code" : "home",
    "display" : "Home",
    "definition" : "A communication address at a home.",
    "designation" : [{
      "language" : "da",
      "use" : {
        "system" : "http://snomed.info/sct",
        "code" : "900000000000013009"
      },
      "value" : "Hjem"
    }]
  },
  {
    "code" : "work",
    "display" : "Work",
    "definition" : "An office address. First choice for business related contacts during business hours.",
    "designation" : [{
      "language" : "da",
      "use" : {
        "system" : "http://snomed.info/sct",
        "code" : "900000000000013009"
      },
      "value" : "Arbejde"
    }]
  },
  {
    "code" : "temp",
    "display" : "Temporary",
    "definition" : "A temporary address. The period can provide more detailed information.",
    "designation" : [{
      "language" : "da",
      "use" : {
        "system" : "http://snomed.info/sct",
        "code" : "900000000000013009"
      },
      "value" : "Midlertidig"
    }]
  },
  {
    "code" : "old",
    "display" : "Old / Incorrect",
    "definition" : "This address is no longer in use (or was never correct, but retained for records).",
    "designation" : [{
      "language" : "da",
      "use" : {
        "system" : "http://snomed.info/sct",
        "code" : "900000000000013009"
      },
      "value" : "Gammel / forkert"
    }]
  }]
}