{
  "resourceType" : "CodeSystem",
  "id" : "abfd44ce-4722-4d80-8d4e-eca1282934eb-6",
  "url" : "http://hl7.org/fhir/comparison/CodeSystem/abfd44ce-4722-4d80-8d4e-eca1282934eb-6",
  "name" : "IntersectionAddressTypeAndAddressType",
  "title" : "Intersection of DK Address Type And DK Address Type",
  "status" : "draft",
  "date" : "2023-05-04T21:36:46+02:00",
  "jurisdiction" : [{
    "coding" : [{
      "system" : "urn:iso:std:iso:3166",
      "code" : "DK",
      "display" : "Denmark"
    }]
  }],
  "concept" : [{
    "code" : "postal",
    "designation" : [{
      "language" : "da",
      "use" : {
        "system" : "http://snomed.info/sct",
        "code" : "900000000000013009"
      },
      "value" : "Post"
    }]
  },
  {
    "code" : "physical",
    "designation" : [{
      "language" : "da",
      "use" : {
        "system" : "http://snomed.info/sct",
        "code" : "900000000000013009"
      },
      "value" : "Fysisk"
    }]
  },
  {
    "code" : "both",
    "designation" : [{
      "language" : "da",
      "use" : {
        "system" : "http://snomed.info/sct",
        "code" : "900000000000013009"
      },
      "value" : "Post & fysisk"
    }]
  }]
}