{
  "resourceType" : "CodeSystem",
  "id" : "a402c0f3-19c7-45fb-9d12-c2a1307a8b97-6",
  "url" : "http://hl7.org/fhir/comparison/CodeSystem/a402c0f3-19c7-45fb-9d12-c2a1307a8b97-6",
  "name" : "IntersectionAddressTypeAndAddressType",
  "title" : "Intersection of DK Address Type And DK Address Type",
  "status" : "draft",
  "date" : "2023-05-05T01:38:26+02:00",
  "jurisdiction" : [{
    "coding" : [{
      "system" : "urn:iso:std:iso:3166",
      "code" : "DK",
      "display" : "Denmark"
    }]
  }],
  "concept" : [{
    "code" : "postal",
    "designation" : [{
      "language" : "da",
      "use" : {
        "system" : "http://snomed.info/sct",
        "code" : "900000000000013009"
      },
      "value" : "Post"
    }]
  },
  {
    "code" : "physical",
    "designation" : [{
      "language" : "da",
      "use" : {
        "system" : "http://snomed.info/sct",
        "code" : "900000000000013009"
      },
      "value" : "Fysisk"
    }]
  },
  {
    "code" : "both",
    "designation" : [{
      "language" : "da",
      "use" : {
        "system" : "http://snomed.info/sct",
        "code" : "900000000000013009"
      },
      "value" : "Post & fysisk"
    }]
  }]
}