{
  "resourceType" : "CodeSystem",
  "id" : "a402c0f3-19c7-45fb-9d12-c2a1307a8b97-15",
  "url" : "http://hl7.org/fhir/comparison/CodeSystem/a402c0f3-19c7-45fb-9d12-c2a1307a8b97-15",
  "name" : "IntersectionCareTeamStatusAndCareTeamStatus",
  "title" : "Intersection of DK CareTeam Status And DK CareTeam Status",
  "status" : "draft",
  "date" : "2023-05-05T01:38:26+02:00",
  "jurisdiction" : [{
    "coding" : [{
      "system" : "urn:iso:std:iso:3166",
      "code" : "DK",
      "display" : "Denmark"
    }]
  }],
  "concept" : [{
    "code" : "proposed",
    "designation" : [{
      "language" : "da",
      "use" : {
        "system" : "http://snomed.info/sct",
        "code" : "900000000000013009"
      },
      "value" : "Forslag"
    }]
  },
  {
    "code" : "active",
    "designation" : [{
      "language" : "da",
      "use" : {
        "system" : "http://snomed.info/sct",
        "code" : "900000000000013009"
      },
      "value" : "Aktiv"
    }]
  },
  {
    "code" : "suspended",
    "designation" : [{
      "language" : "da",
      "use" : {
        "system" : "http://snomed.info/sct",
        "code" : "900000000000013009"
      },
      "value" : "Suspenderet"
    }]
  },
  {
    "code" : "inactive",
    "designation" : [{
      "language" : "da",
      "use" : {
        "system" : "http://snomed.info/sct",
        "code" : "900000000000013009"
      },
      "value" : "Inaktiv"
    }]
  },
  {
    "code" : "entered-in-error",
    "designation" : [{
      "language" : "da",
      "use" : {
        "system" : "http://snomed.info/sct",
        "code" : "900000000000013009"
      },
      "value" : "Fejlindtastning"
    }]
  }]
}