{
  "resourceType" : "CodeSystem",
  "id" : "a402c0f3-19c7-45fb-9d12-c2a1307a8b97-33",
  "url" : "http://hl7.org/fhir/comparison/CodeSystem/a402c0f3-19c7-45fb-9d12-c2a1307a8b97-33",
  "name" : "IntersectionDkMaritalStatusAndDkMaritalStatus",
  "title" : "Intersection of DK Marital Statuses And DK Marital Statuses",
  "status" : "active",
  "date" : "2023-05-05T01:38:26+02:00",
  "jurisdiction" : [{
    "coding" : [{
      "system" : "urn:iso:std:iso:3166",
      "code" : "DK",
      "display" : "Denmark"
    }]
  }],
  "concept" : [{
    "code" : "P",
    "display" : "Registered partnership",
    "designation" : [{
      "language" : "da",
      "value" : "Registreret partnerskab"
    }]
  },
  {
    "code" : "O",
    "display" : "Dissolved partnership",
    "designation" : [{
      "language" : "da",
      "value" : "Ophævet partnerskab"
    }]
  }]
}