{
  "resourceType" : "ValueSet",
  "id" : "abfd44ce-4722-4d80-8d4e-eca1282934eb-93",
  "url" : "http://hl7.org/fhir/comparison/ValueSet/abfd44ce-4722-4d80-8d4e-eca1282934eb-93",
  "name" : "IntersectionMunicipalityCodesAndMunicipalityCodes",
  "title" : "Intersection of DK Municipality Codes And DK Municipality Codes",
  "status" : "draft",
  "date" : "2023-05-04T21:36:46+02:00",
  "jurisdiction" : [{
    "coding" : [{
      "system" : "urn:iso:std:iso:3166",
      "code" : "DK",
      "display" : "Denmark"
    }]
  }],
  "expansion" : {
    "contains" : [{
      "system" : "http://hl7.dk/fhir/core/CodeSystem/dk-core-municipality-codes",
      "code" : "0740",
      "display" : "Silkeborg"
    },
    {
      "system" : "http://hl7.dk/fhir/core/CodeSystem/dk-core-municipality-codes",
      "code" : "0741",
      "display" : "Samsø"
    },
    {
      "system" : "http://hl7.dk/fhir/core/CodeSystem/dk-core-municipality-codes",
      "code" : "0851",
      "display" : "Aalborg"
    },
    {
      "system" : "http://hl7.dk/fhir/core/CodeSystem/dk-core-municipality-codes",
      "code" : "0746",
      "display" : "Skanderborg"
    },
    {
      "system" : "http://hl7.dk/fhir/core/CodeSystem/dk-core-municipality-codes",
      "code" : "0151",
      "display" : "Ballerup"
    },
    {
      "system" : "http://hl7.dk/fhir/core/CodeSystem/dk-core-municipality-codes",
      "code" : "0260",
      "display" : "Halsnæs"
    },
    {
      "system" : "http://hl7.dk/fhir/core/CodeSystem/dk-core-municipality-codes",
      "code" : "0153",
      "display" : "Brøndby"
    },
    {
      "system" : "http://hl7.dk/fhir/core/CodeSystem/dk-core-municipality-codes",
      "code" : "0370",
      "display" : "Næstved"
    },
    {
      "system" : "http://hl7.dk/fhir/core/CodeSystem/dk-core-municipality-codes",
      "code" : "0155",
      "display" : "Dragør"
    },
    {
      "system" : "http://hl7.dk/fhir/core/CodeSystem/dk-core-municipality-codes",
      "code" : "0480",
      "display" : "Nordfyns"
    },
    {
      "system" : "http://hl7.dk/fhir/core/CodeSystem/dk-core-municipality-codes",
      "code" : "0157",
      "display" : "Gentofte"
    },
    {
      "system" : "http://hl7.dk/fhir/core/CodeSystem/dk-core-municipality-codes",
      "code" : "0265",
      "display" : "Roskilde"
    },
    {
      "system" : "http://hl7.dk/fhir/core/CodeSystem/dk-core-municipality-codes",
      "code" : "0159",
      "display" : "Gladsaxe"
    },
    {
      "system" : "http://hl7.dk/fhir/core/CodeSystem/dk-core-municipality-codes",
      "code" : "0376",
      "display" : "Guldborgsund"
    },
    {
      "system" : "http://hl7.dk/fhir/core/CodeSystem/dk-core-municipality-codes",
      "code" : "0269",
      "display" : "Solrød"
    },
    {
      "system" : "http://hl7.dk/fhir/core/CodeSystem/dk-core-municipality-codes",
      "code" : "0482",
      "display" : "Langeland"
    },
    {
      "system" : "http://hl7.dk/fhir/core/CodeSystem/dk-core-municipality-codes",
      "code" : "0201",
      "display" : "Allerød"
    },
    {
      "system" : "http://hl7.dk/fhir/core/CodeSystem/dk-core-municipality-codes",
      "code" : "0420",
      "display" : "Assens"
    },
    {
      "system" : "http://hl7.dk/fhir/core/CodeSystem/dk-core-municipality-codes",
      "code" : "0530",
      "display" : "Billund"
    },
    {
      "system" : "http://hl7.dk/fhir/core/CodeSystem/dk-core-municipality-codes",
      "code" : "0316",
      "display" : "Holbæk"
    },
    {
      "system" : "http://hl7.dk/fhir/core/CodeSystem/dk-core-municipality-codes",
      "code" : "0751",
      "display" : "Aarhus"
    },
    {
      "system" : "http://hl7.dk/fhir/core/CodeSystem/dk-core-municipality-codes",
      "code" : "0860",
      "display" : "Hjørring"
    },
    {
      "system" : "http://hl7.dk/fhir/core/CodeSystem/dk-core-municipality-codes",
      "code" : "0756",
      "display" : "Ikast-Brande"
    },
    {
      "system" : "http://hl7.dk/fhir/core/CodeSystem/dk-core-municipality-codes",
      "code" : "0161",
      "display" : "Glostrup"
    },
    {
      "system" : "http://hl7.dk/fhir/core/CodeSystem/dk-core-municipality-codes",
      "code" : "0270",
      "display" : "Gribskov"
    },
    {
      "system" : "http://hl7.dk/fhir/core/CodeSystem/dk-core-municipality-codes",
      "code" : "0163",
      "display" : "Herlev"
    },
    {
      "system" : "http://hl7.dk/fhir/core/CodeSystem/dk-core-municipality-codes",
      "code" : "0165",
      "display" : "Albertslund"
    },
    {
      "system" : "http://hl7.dk/fhir/core/CodeSystem/dk-core-municipality-codes",
      "code" : "0167",
      "display" : "Hvidovre"
    },
    {
      "system" : "http://hl7.dk/fhir/core/CodeSystem/dk-core-municipality-codes",
      "code" : "0492",
      "display" : "Ærø"
    },
    {
      "system" : "http://hl7.dk/fhir/core/CodeSystem/dk-core-municipality-codes",
      "code" : "0169",
      "display" : "Høje-Taastrup"
    },
    {
      "system" : "http://hl7.dk/fhir/core/CodeSystem/dk-core-municipality-codes",
      "code" : "0101",
      "display" : "København"
    },
    {
      "system" : "http://hl7.dk/fhir/core/CodeSystem/dk-core-municipality-codes",
      "code" : "0210",
      "display" : "Fredensborg"
    },
    {
      "system" : "http://hl7.dk/fhir/core/CodeSystem/dk-core-municipality-codes",
      "code" : "0320",
      "display" : "Faxe"
    },
    {
      "system" : "http://hl7.dk/fhir/core/CodeSystem/dk-core-municipality-codes",
      "code" : "0430",
      "display" : "Faaborg-Midtfyn"
    },
    {
      "system" : "http://hl7.dk/fhir/core/CodeSystem/dk-core-municipality-codes",
      "code" : "0540",
      "display" : "Sønderborg"
    },
    {
      "system" : "http://hl7.dk/fhir/core/CodeSystem/dk-core-municipality-codes",
      "code" : "0217",
      "display" : "Helsingør"
    },
    {
      "system" : "http://hl7.dk/fhir/core/CodeSystem/dk-core-municipality-codes",
      "code" : "0326",
      "display" : "Kalundborg"
    },
    {
      "system" : "http://hl7.dk/fhir/core/CodeSystem/dk-core-municipality-codes",
      "code" : "0219",
      "display" : "Hillerød"
    },
    {
      "system" : "http://hl7.dk/fhir/core/CodeSystem/dk-core-municipality-codes",
      "code" : "0760",
      "display" : "Ringkøbing-Skjern"
    },
    {
      "system" : "http://hl7.dk/fhir/core/CodeSystem/dk-core-municipality-codes",
      "code" : "0329",
      "display" : "Ringsted"
    },
    {
      "system" : "http://hl7.dk/fhir/core/CodeSystem/dk-core-municipality-codes",
      "code" : "0657",
      "display" : "Herning"
    },
    {
      "system" : "http://hl7.dk/fhir/core/CodeSystem/dk-core-municipality-codes",
      "code" : "0766",
      "display" : "Hedensted"
    },
    {
      "system" : "http://hl7.dk/fhir/core/CodeSystem/dk-core-municipality-codes",
      "code" : "0173",
      "display" : "Lyngby-Taarbæk"
    },
    {
      "system" : "http://hl7.dk/fhir/core/CodeSystem/dk-core-municipality-codes",
      "code" : "0390",
      "display" : "Vordingborg"
    },
    {
      "system" : "http://hl7.dk/fhir/core/CodeSystem/dk-core-municipality-codes",
      "code" : "0175",
      "display" : "Rødovre"
    },
    {
      "system" : "http://hl7.dk/fhir/core/CodeSystem/dk-core-municipality-codes",
      "code" : "0810",
      "display" : "Brønderslev"
    },
    {
      "system" : "http://hl7.dk/fhir/core/CodeSystem/dk-core-municipality-codes",
      "code" : "0813",
      "display" : "Frederikshavn"
    },
    {
      "system" : "http://hl7.dk/fhir/core/CodeSystem/dk-core-municipality-codes",
      "code" : "0706",
      "display" : "Syddjurs"
    },
    {
      "system" : "http://hl7.dk/fhir/core/CodeSystem/dk-core-municipality-codes",
      "code" : "0707",
      "display" : "Norddjurs"
    },
    {
      "system" : "http://hl7.dk/fhir/core/CodeSystem/dk-core-municipality-codes",
      "code" : "0330",
      "display" : "Slagelse"
    },
    {
      "system" : "http://hl7.dk/fhir/core/CodeSystem/dk-core-municipality-codes",
      "code" : "0223",
      "display" : "Hørsholm"
    },
    {
      "system" : "http://hl7.dk/fhir/core/CodeSystem/dk-core-municipality-codes",
      "code" : "0440",
      "display" : "Kerteminde"
    },
    {
      "system" : "http://hl7.dk/fhir/core/CodeSystem/dk-core-municipality-codes",
      "code" : "0550",
      "display" : "Tønder"
    },
    {
      "system" : "http://hl7.dk/fhir/core/CodeSystem/dk-core-municipality-codes",
      "code" : "0336",
      "display" : "Stevns"
    },
    {
      "system" : "http://hl7.dk/fhir/core/CodeSystem/dk-core-municipality-codes",
      "code" : "0661",
      "display" : "Holstebro"
    },
    {
      "system" : "http://hl7.dk/fhir/core/CodeSystem/dk-core-municipality-codes",
      "code" : "0665",
      "display" : "Lemvig"
    },
    {
      "system" : "http://hl7.dk/fhir/core/CodeSystem/dk-core-municipality-codes",
      "code" : "0773",
      "display" : "Morsø"
    },
    {
      "system" : "http://hl7.dk/fhir/core/CodeSystem/dk-core-municipality-codes",
      "code" : "0779",
      "display" : "Skive"
    },
    {
      "system" : "http://hl7.dk/fhir/core/CodeSystem/dk-core-municipality-codes",
      "code" : "0183",
      "display" : "Ishøj"
    },
    {
      "system" : "http://hl7.dk/fhir/core/CodeSystem/dk-core-municipality-codes",
      "code" : "0185",
      "display" : "Tårnby"
    },
    {
      "system" : "http://hl7.dk/fhir/core/CodeSystem/dk-core-municipality-codes",
      "code" : "0710",
      "display" : "Favrskov"
    },
    {
      "system" : "http://hl7.dk/fhir/core/CodeSystem/dk-core-municipality-codes",
      "code" : "0187",
      "display" : "Vallensbæk"
    },
    {
      "system" : "http://hl7.dk/fhir/core/CodeSystem/dk-core-municipality-codes",
      "code" : "0820",
      "display" : "Vesthimmerland"
    },
    {
      "system" : "http://hl7.dk/fhir/core/CodeSystem/dk-core-municipality-codes",
      "code" : "0607",
      "display" : "Fredericia"
    },
    {
      "system" : "http://hl7.dk/fhir/core/CodeSystem/dk-core-municipality-codes",
      "code" : "0825",
      "display" : "Læsø"
    },
    {
      "system" : "http://hl7.dk/fhir/core/CodeSystem/dk-core-municipality-codes",
      "code" : "0230",
      "display" : "Rudersdal"
    },
    {
      "system" : "http://hl7.dk/fhir/core/CodeSystem/dk-core-municipality-codes",
      "code" : "0340",
      "display" : "Sorø"
    },
    {
      "system" : "http://hl7.dk/fhir/core/CodeSystem/dk-core-municipality-codes",
      "code" : "0450",
      "display" : "Nyborg"
    },
    {
      "system" : "http://hl7.dk/fhir/core/CodeSystem/dk-core-municipality-codes",
      "code" : "0561",
      "display" : "Esbjerg"
    },
    {
      "system" : "http://hl7.dk/fhir/core/CodeSystem/dk-core-municipality-codes",
      "code" : "0563",
      "display" : "Fanø"
    },
    {
      "system" : "http://hl7.dk/fhir/core/CodeSystem/dk-core-municipality-codes",
      "code" : "0671",
      "display" : "Struer"
    },
    {
      "system" : "http://hl7.dk/fhir/core/CodeSystem/dk-core-municipality-codes",
      "code" : "0190",
      "display" : "Furesø"
    },
    {
      "system" : "http://hl7.dk/fhir/core/CodeSystem/dk-core-municipality-codes",
      "code" : "0787",
      "display" : "Thisted"
    },
    {
      "system" : "http://hl7.dk/fhir/core/CodeSystem/dk-core-municipality-codes",
      "code" : "0615",
      "display" : "Horsens"
    },
    {
      "system" : "http://hl7.dk/fhir/core/CodeSystem/dk-core-municipality-codes",
      "code" : "0727",
      "display" : "Odder"
    },
    {
      "system" : "http://hl7.dk/fhir/core/CodeSystem/dk-core-municipality-codes",
      "code" : "0240",
      "display" : "Egedal"
    },
    {
      "system" : "http://hl7.dk/fhir/core/CodeSystem/dk-core-municipality-codes",
      "code" : "0350",
      "display" : "Lejre"
    },
    {
      "system" : "http://hl7.dk/fhir/core/CodeSystem/dk-core-municipality-codes",
      "code" : "0461",
      "display" : "Odense"
    },
    {
      "system" : "http://hl7.dk/fhir/core/CodeSystem/dk-core-municipality-codes",
      "code" : "0573",
      "display" : "Varde"
    },
    {
      "system" : "http://hl7.dk/fhir/core/CodeSystem/dk-core-municipality-codes",
      "code" : "0575",
      "display" : "Vejen"
    },
    {
      "system" : "http://hl7.dk/fhir/core/CodeSystem/dk-core-municipality-codes",
      "code" : "0791",
      "display" : "Viborg"
    },
    {
      "system" : "http://hl7.dk/fhir/core/CodeSystem/dk-core-municipality-codes",
      "code" : "0400",
      "display" : "Bornholm"
    },
    {
      "system" : "http://hl7.dk/fhir/core/CodeSystem/dk-core-municipality-codes",
      "code" : "0510",
      "display" : "Haderslev"
    },
    {
      "system" : "http://hl7.dk/fhir/core/CodeSystem/dk-core-municipality-codes",
      "code" : "0621",
      "display" : "Kolding"
    },
    {
      "system" : "http://hl7.dk/fhir/core/CodeSystem/dk-core-municipality-codes",
      "code" : "0730",
      "display" : "Randers"
    },
    {
      "system" : "http://hl7.dk/fhir/core/CodeSystem/dk-core-municipality-codes",
      "code" : "0840",
      "display" : "Rebild"
    },
    {
      "system" : "http://hl7.dk/fhir/core/CodeSystem/dk-core-municipality-codes",
      "code" : "0846",
      "display" : "Mariagerfjord"
    },
    {
      "system" : "http://hl7.dk/fhir/core/CodeSystem/dk-core-municipality-codes",
      "code" : "0250",
      "display" : "Frederikssund"
    },
    {
      "system" : "http://hl7.dk/fhir/core/CodeSystem/dk-core-municipality-codes",
      "code" : "0360",
      "display" : "Lolland"
    },
    {
      "system" : "http://hl7.dk/fhir/core/CodeSystem/dk-core-municipality-codes",
      "code" : "0253",
      "display" : "Greve"
    },
    {
      "system" : "http://hl7.dk/fhir/core/CodeSystem/dk-core-municipality-codes",
      "code" : "0849",
      "display" : "Jammerbugt"
    },
    {
      "system" : "http://hl7.dk/fhir/core/CodeSystem/dk-core-municipality-codes",
      "code" : "0147",
      "display" : "Frederiksberg"
    },
    {
      "system" : "http://hl7.dk/fhir/core/CodeSystem/dk-core-municipality-codes",
      "code" : "0580",
      "display" : "Aabenraa"
    },
    {
      "system" : "http://hl7.dk/fhir/core/CodeSystem/dk-core-municipality-codes",
      "code" : "0259",
      "display" : "Køge"
    },
    {
      "system" : "http://hl7.dk/fhir/core/CodeSystem/dk-core-municipality-codes",
      "code" : "0479",
      "display" : "Svendborg"
    },
    {
      "system" : "http://hl7.dk/fhir/core/CodeSystem/dk-core-municipality-codes",
      "code" : "0410",
      "display" : "Middelfart"
    },
    {
      "system" : "http://hl7.dk/fhir/core/CodeSystem/dk-core-municipality-codes",
      "code" : "0411",
      "display" : "Christiansø"
    },
    {
      "system" : "http://hl7.dk/fhir/core/CodeSystem/dk-core-municipality-codes",
      "code" : "0306",
      "display" : "Odsherred"
    },
    {
      "system" : "http://hl7.dk/fhir/core/CodeSystem/dk-core-municipality-codes",
      "code" : "0630",
      "display" : "Vejle"
    },
    {
      "system" : "http://hl7.dk/fhir/core/CodeSystem/dk-core-municipality-codes-greenland",
      "code" : "0955",
      "display" : "Kujalleq"
    },
    {
      "system" : "http://hl7.dk/fhir/core/CodeSystem/dk-core-municipality-codes-greenland",
      "code" : "0956",
      "display" : "Sermersooq"
    },
    {
      "system" : "http://hl7.dk/fhir/core/CodeSystem/dk-core-municipality-codes-greenland",
      "code" : "0957",
      "display" : "Qeqqata"
    },
    {
      "system" : "http://hl7.dk/fhir/core/CodeSystem/dk-core-municipality-codes-greenland",
      "code" : "0959",
      "display" : "Qeqertalik"
    },
    {
      "system" : "http://hl7.dk/fhir/core/CodeSystem/dk-core-municipality-codes-greenland",
      "code" : "0960",
      "display" : "Avannaata"
    }]
  }
}