{
  "resourceType" : "ValueSet",
  "id" : "027da29f-beb3-429d-b737-26c92bc842ee-95",
  "url" : "http://hl7.org/fhir/comparison/ValueSet/027da29f-beb3-429d-b737-26c92bc842ee-95",
  "name" : "UnionRegionalSubdivisionCodesAndRegionalSubdivisionCodes",
  "title" : "Union of DK Regional Subdivision Codes And DK Regional Subdivision Codes",
  "status" : "draft",
  "date" : "2023-04-30T22:08:13+02:00",
  "jurisdiction" : [{
    "coding" : [{
      "system" : "urn:iso:std:iso:3166",
      "code" : "DK",
      "display" : "Denmark"
    }]
  }],
  "expansion" : {
    "contains" : [{
      "system" : "http://hl7.dk/fhir/core/CodeSystem/dk-core-regional-subdivision-codes",
      "code" : "DK-84",
      "display" : "Capital Region of Denmark"
    },
    {
      "system" : "http://hl7.dk/fhir/core/CodeSystem/dk-core-regional-subdivision-codes",
      "code" : "DK-82",
      "display" : "Central Denmark Region"
    },
    {
      "system" : "http://hl7.dk/fhir/core/CodeSystem/dk-core-regional-subdivision-codes",
      "code" : "DK-81",
      "display" : "Nord Denmark Region"
    },
    {
      "system" : "http://hl7.dk/fhir/core/CodeSystem/dk-core-regional-subdivision-codes",
      "code" : "DK-85",
      "display" : "Region Zealand"
    },
    {
      "system" : "http://hl7.dk/fhir/core/CodeSystem/dk-core-regional-subdivision-codes",
      "code" : "DK-83",
      "display" : "Region of Southern Denmark"
    }]
  }
}