{
  "resourceType" : "CodeSystem",
  "id" : "dk-core-municipality-codes",
  "text" : {
    "status" : "generated",
    "div" : "<div xmlns=\"http://www.w3.org/1999/xhtml\"><p>This case-sensitive code system <code>http://hl7.dk/fhir/core/CodeSystem/dk-core-municipality-codes</code> defines the following codes:</p><table class=\"codes\"><tr><td style=\"white-space:nowrap\"><b>Code</b></td><td><b>Display</b></td><td><b>Dansk (Danish, da)</b></td></tr><tr><td style=\"white-space:nowrap\">0740<a name=\"dk-core-municipality-codes-0740\"> </a></td><td>Silkeborg</td><td>Silkeborg</td></tr><tr><td style=\"white-space:nowrap\">0741<a name=\"dk-core-municipality-codes-0741\"> </a></td><td>Samsø</td><td>Samsø</td></tr><tr><td style=\"white-space:nowrap\">0851<a name=\"dk-core-municipality-codes-0851\"> </a></td><td>Aalborg</td><td>Aalborg</td></tr><tr><td style=\"white-space:nowrap\">0746<a name=\"dk-core-municipality-codes-0746\"> </a></td><td>Skanderborg</td><td>Skanderborg</td></tr><tr><td style=\"white-space:nowrap\">0151<a name=\"dk-core-municipality-codes-0151\"> </a></td><td>Ballerup</td><td>Ballerup</td></tr><tr><td style=\"white-space:nowrap\">0260<a name=\"dk-core-municipality-codes-0260\"> </a></td><td>Halsnæs</td><td>Halsnæs</td></tr><tr><td style=\"white-space:nowrap\">0153<a name=\"dk-core-municipality-codes-0153\"> </a></td><td>Brøndby</td><td>Brøndby</td></tr><tr><td style=\"white-space:nowrap\">0370<a name=\"dk-core-municipality-codes-0370\"> </a></td><td>Næstved</td><td>Næstved</td></tr><tr><td style=\"white-space:nowrap\">0155<a name=\"dk-core-municipality-codes-0155\"> </a></td><td>Dragør</td><td>Dragør</td></tr><tr><td style=\"white-space:nowrap\">0480<a name=\"dk-core-municipality-codes-0480\"> </a></td><td>Nordfyns</td><td>Nordfyns</td></tr><tr><td style=\"white-space:nowrap\">0157<a name=\"dk-core-municipality-codes-0157\"> </a></td><td>Gentofte</td><td>Gentofte</td></tr><tr><td style=\"white-space:nowrap\">0265<a name=\"dk-core-municipality-codes-0265\"> </a></td><td>Roskilde</td><td>Roskilde</td></tr><tr><td style=\"white-space:nowrap\">0159<a name=\"dk-core-municipality-codes-0159\"> </a></td><td>Gladsaxe</td><td>Gladsaxe</td></tr><tr><td style=\"white-space:nowrap\">0376<a name=\"dk-core-municipality-codes-0376\"> </a></td><td>Guldborgsund</td><td>Guldborgsund</td></tr><tr><td style=\"white-space:nowrap\">0269<a name=\"dk-core-municipality-codes-0269\"> </a></td><td>Solrød</td><td>Solrød</td></tr><tr><td style=\"white-space:nowrap\">0482<a name=\"dk-core-municipality-codes-0482\"> </a></td><td>Langeland</td><td>Langeland</td></tr><tr><td style=\"white-space:nowrap\">0201<a name=\"dk-core-municipality-codes-0201\"> </a></td><td>Allerød</td><td>Allerød</td></tr><tr><td style=\"white-space:nowrap\">0420<a name=\"dk-core-municipality-codes-0420\"> </a></td><td>Assens</td><td>Assens</td></tr><tr><td style=\"white-space:nowrap\">0530<a name=\"dk-core-municipality-codes-0530\"> </a></td><td>Billund</td><td>Billund</td></tr><tr><td style=\"white-space:nowrap\">0316<a name=\"dk-core-municipality-codes-0316\"> </a></td><td>Holbæk</td><td>Holbæk</td></tr><tr><td style=\"white-space:nowrap\">0751<a name=\"dk-core-municipality-codes-0751\"> </a></td><td>Aarhus</td><td>Aarhus</td></tr><tr><td style=\"white-space:nowrap\">0860<a name=\"dk-core-municipality-codes-0860\"> </a></td><td>Hjørring</td><td>Hjørring</td></tr><tr><td style=\"white-space:nowrap\">0756<a name=\"dk-core-municipality-codes-0756\"> </a></td><td>Ikast-Brande</td><td>Ikast-Brande</td></tr><tr><td style=\"white-space:nowrap\">0161<a name=\"dk-core-municipality-codes-0161\"> </a></td><td>Glostrup</td><td>Glostrup</td></tr><tr><td style=\"white-space:nowrap\">0270<a name=\"dk-core-municipality-codes-0270\"> </a></td><td>Gribskov</td><td>Gribskov</td></tr><tr><td style=\"white-space:nowrap\">0163<a name=\"dk-core-municipality-codes-0163\"> </a></td><td>Herlev</td><td>Herlev</td></tr><tr><td style=\"white-space:nowrap\">0165<a name=\"dk-core-municipality-codes-0165\"> </a></td><td>Albertslund</td><td>Albertslund</td></tr><tr><td style=\"white-space:nowrap\">0167<a name=\"dk-core-municipality-codes-0167\"> </a></td><td>Hvidovre</td><td>Hvidovre</td></tr><tr><td style=\"white-space:nowrap\">0492<a name=\"dk-core-municipality-codes-0492\"> </a></td><td>Ærø</td><td>Ærø</td></tr><tr><td style=\"white-space:nowrap\">0169<a name=\"dk-core-municipality-codes-0169\"> </a></td><td>Høje-Taastrup</td><td>Høje-Taastrup</td></tr><tr><td style=\"white-space:nowrap\">0101<a name=\"dk-core-municipality-codes-0101\"> </a></td><td>København</td><td>København</td></tr><tr><td style=\"white-space:nowrap\">0210<a name=\"dk-core-municipality-codes-0210\"> </a></td><td>Fredensborg</td><td>Fredensborg</td></tr><tr><td style=\"white-space:nowrap\">0320<a name=\"dk-core-municipality-codes-0320\"> </a></td><td>Faxe</td><td>Faxe</td></tr><tr><td style=\"white-space:nowrap\">0430<a name=\"dk-core-municipality-codes-0430\"> </a></td><td>Faaborg-Midtfyn</td><td>Faaborg-Midtfyn</td></tr><tr><td style=\"white-space:nowrap\">0540<a name=\"dk-core-municipality-codes-0540\"> </a></td><td>Sønderborg</td><td>Sønderborg</td></tr><tr><td style=\"white-space:nowrap\">0217<a name=\"dk-core-municipality-codes-0217\"> </a></td><td>Helsingør</td><td>Helsingør</td></tr><tr><td style=\"white-space:nowrap\">0326<a name=\"dk-core-municipality-codes-0326\"> </a></td><td>Kalundborg</td><td>Kalundborg</td></tr><tr><td style=\"white-space:nowrap\">0219<a name=\"dk-core-municipality-codes-0219\"> </a></td><td>Hillerød</td><td>Hillerød</td></tr><tr><td style=\"white-space:nowrap\">0760<a name=\"dk-core-municipality-codes-0760\"> </a></td><td>Ringkøbing-Skjern</td><td>Ringkøbing-Skjern</td></tr><tr><td style=\"white-space:nowrap\">0329<a name=\"dk-core-municipality-codes-0329\"> </a></td><td>Ringsted</td><td>Ringsted</td></tr><tr><td style=\"white-space:nowrap\">0657<a name=\"dk-core-municipality-codes-0657\"> </a></td><td>Herning</td><td>Herning</td></tr><tr><td style=\"white-space:nowrap\">0766<a name=\"dk-core-municipality-codes-0766\"> </a></td><td>Hedensted</td><td>Hedensted</td></tr><tr><td style=\"white-space:nowrap\">0173<a name=\"dk-core-municipality-codes-0173\"> </a></td><td>Lyngby-Taarbæk</td><td>Lyngby-Taarbæk</td></tr><tr><td style=\"white-space:nowrap\">0390<a name=\"dk-core-municipality-codes-0390\"> </a></td><td>Vordingborg</td><td>Vordingborg</td></tr><tr><td style=\"white-space:nowrap\">0175<a name=\"dk-core-municipality-codes-0175\"> </a></td><td>Rødovre</td><td>Rødovre</td></tr><tr><td style=\"white-space:nowrap\">0810<a name=\"dk-core-municipality-codes-0810\"> </a></td><td>Brønderslev</td><td>Brønderslev</td></tr><tr><td style=\"white-space:nowrap\">0813<a name=\"dk-core-municipality-codes-0813\"> </a></td><td>Frederikshavn</td><td>Frederikshavn</td></tr><tr><td style=\"white-space:nowrap\">0706<a name=\"dk-core-municipality-codes-0706\"> </a></td><td>Syddjurs</td><td>Syddjurs</td></tr><tr><td style=\"white-space:nowrap\">0707<a name=\"dk-core-municipality-codes-0707\"> </a></td><td>Norddjurs</td><td>Norddjurs</td></tr><tr><td style=\"white-space:nowrap\">0330<a name=\"dk-core-municipality-codes-0330\"> </a></td><td>Slagelse</td><td>Slagelse</td></tr><tr><td style=\"white-space:nowrap\">0223<a name=\"dk-core-municipality-codes-0223\"> </a></td><td>Hørsholm</td><td>Hørsholm</td></tr><tr><td style=\"white-space:nowrap\">0440<a name=\"dk-core-municipality-codes-0440\"> </a></td><td>Kerteminde</td><td>Kerteminde</td></tr><tr><td style=\"white-space:nowrap\">0550<a name=\"dk-core-municipality-codes-0550\"> </a></td><td>Tønder</td><td>Tønder</td></tr><tr><td style=\"white-space:nowrap\">0336<a name=\"dk-core-municipality-codes-0336\"> </a></td><td>Stevns</td><td>Stevns</td></tr><tr><td style=\"white-space:nowrap\">0661<a name=\"dk-core-municipality-codes-0661\"> </a></td><td>Holstebro</td><td>Holstebro</td></tr><tr><td style=\"white-space:nowrap\">0665<a name=\"dk-core-municipality-codes-0665\"> </a></td><td>Lemvig</td><td>Lemvig</td></tr><tr><td style=\"white-space:nowrap\">0773<a name=\"dk-core-municipality-codes-0773\"> </a></td><td>Morsø</td><td>Morsø</td></tr><tr><td style=\"white-space:nowrap\">0779<a name=\"dk-core-municipality-codes-0779\"> </a></td><td>Skive</td><td>Skive</td></tr><tr><td style=\"white-space:nowrap\">0183<a name=\"dk-core-municipality-codes-0183\"> </a></td><td>Ishøj</td><td>Ishøj</td></tr><tr><td style=\"white-space:nowrap\">0185<a name=\"dk-core-municipality-codes-0185\"> </a></td><td>Tårnby</td><td>Tårnby</td></tr><tr><td style=\"white-space:nowrap\">0710<a name=\"dk-core-municipality-codes-0710\"> </a></td><td>Favrskov</td><td>Favrskov</td></tr><tr><td style=\"white-space:nowrap\">0187<a name=\"dk-core-municipality-codes-0187\"> </a></td><td>Vallensbæk</td><td>Vallensbæk</td></tr><tr><td style=\"white-space:nowrap\">0820<a name=\"dk-core-municipality-codes-0820\"> </a></td><td>Vesthimmerland</td><td>Vesthimmerland</td></tr><tr><td style=\"white-space:nowrap\">0607<a name=\"dk-core-municipality-codes-0607\"> </a></td><td>Fredericia</td><td>Fredericia</td></tr><tr><td style=\"white-space:nowrap\">0825<a name=\"dk-core-municipality-codes-0825\"> </a></td><td>Læsø</td><td>Læsø</td></tr><tr><td style=\"white-space:nowrap\">0230<a name=\"dk-core-municipality-codes-0230\"> </a></td><td>Rudersdal</td><td>Rudersdal</td></tr><tr><td style=\"white-space:nowrap\">0340<a name=\"dk-core-municipality-codes-0340\"> </a></td><td>Sorø</td><td>Sorø</td></tr><tr><td style=\"white-space:nowrap\">0450<a name=\"dk-core-municipality-codes-0450\"> </a></td><td>Nyborg</td><td>Nyborg</td></tr><tr><td style=\"white-space:nowrap\">0561<a name=\"dk-core-municipality-codes-0561\"> </a></td><td>Esbjerg</td><td>Esbjerg</td></tr><tr><td style=\"white-space:nowrap\">0563<a name=\"dk-core-municipality-codes-0563\"> </a></td><td>Fanø</td><td>Fanø</td></tr><tr><td style=\"white-space:nowrap\">0671<a name=\"dk-core-municipality-codes-0671\"> </a></td><td>Struer</td><td>Struer</td></tr><tr><td style=\"white-space:nowrap\">0190<a name=\"dk-core-municipality-codes-0190\"> </a></td><td>Furesø</td><td>Furesø</td></tr><tr><td style=\"white-space:nowrap\">0787<a name=\"dk-core-municipality-codes-0787\"> </a></td><td>Thisted</td><td>Thisted</td></tr><tr><td style=\"white-space:nowrap\">0615<a name=\"dk-core-municipality-codes-0615\"> </a></td><td>Horsens</td><td>Horsens</td></tr><tr><td style=\"white-space:nowrap\">0727<a name=\"dk-core-municipality-codes-0727\"> </a></td><td>Odder</td><td>Odder</td></tr><tr><td style=\"white-space:nowrap\">0240<a name=\"dk-core-municipality-codes-0240\"> </a></td><td>Egedal</td><td>Egedal</td></tr><tr><td style=\"white-space:nowrap\">0350<a name=\"dk-core-municipality-codes-0350\"> </a></td><td>Lejre</td><td>Lejre</td></tr><tr><td style=\"white-space:nowrap\">0461<a name=\"dk-core-municipality-codes-0461\"> </a></td><td>Odense</td><td>Odense</td></tr><tr><td style=\"white-space:nowrap\">0573<a name=\"dk-core-municipality-codes-0573\"> </a></td><td>Varde</td><td>Varde</td></tr><tr><td style=\"white-space:nowrap\">0575<a name=\"dk-core-municipality-codes-0575\"> </a></td><td>Vejen</td><td>Vejen</td></tr><tr><td style=\"white-space:nowrap\">0791<a name=\"dk-core-municipality-codes-0791\"> </a></td><td>Viborg</td><td>Viborg</td></tr><tr><td style=\"white-space:nowrap\">0400<a name=\"dk-core-municipality-codes-0400\"> </a></td><td>Bornholm</td><td>Bornholm</td></tr><tr><td style=\"white-space:nowrap\">0510<a name=\"dk-core-municipality-codes-0510\"> </a></td><td>Haderslev</td><td>Haderslev</td></tr><tr><td style=\"white-space:nowrap\">0621<a name=\"dk-core-municipality-codes-0621\"> </a></td><td>Kolding</td><td>Kolding</td></tr><tr><td style=\"white-space:nowrap\">0730<a name=\"dk-core-municipality-codes-0730\"> </a></td><td>Randers</td><td>Randers</td></tr><tr><td style=\"white-space:nowrap\">0840<a name=\"dk-core-municipality-codes-0840\"> </a></td><td>Rebild</td><td>Rebild</td></tr><tr><td style=\"white-space:nowrap\">0846<a name=\"dk-core-municipality-codes-0846\"> </a></td><td>Mariagerfjord</td><td>Mariagerfjord</td></tr><tr><td style=\"white-space:nowrap\">0250<a name=\"dk-core-municipality-codes-0250\"> </a></td><td>Frederikssund</td><td>Frederikssund</td></tr><tr><td style=\"white-space:nowrap\">0360<a name=\"dk-core-municipality-codes-0360\"> </a></td><td>Lolland</td><td>Lolland</td></tr><tr><td style=\"white-space:nowrap\">0253<a name=\"dk-core-municipality-codes-0253\"> </a></td><td>Greve</td><td>Greve</td></tr><tr><td style=\"white-space:nowrap\">0849<a name=\"dk-core-municipality-codes-0849\"> </a></td><td>Jammerbugt</td><td>Jammerbugt</td></tr><tr><td style=\"white-space:nowrap\">0147<a name=\"dk-core-municipality-codes-0147\"> </a></td><td>Frederiksberg</td><td>Frederiksberg</td></tr><tr><td style=\"white-space:nowrap\">0580<a name=\"dk-core-municipality-codes-0580\"> </a></td><td>Aabenraa</td><td>Aabenraa</td></tr><tr><td style=\"white-space:nowrap\">0259<a name=\"dk-core-municipality-codes-0259\"> </a></td><td>Køge</td><td>Køge</td></tr><tr><td style=\"white-space:nowrap\">0479<a name=\"dk-core-municipality-codes-0479\"> </a></td><td>Svendborg</td><td>Svendborg</td></tr><tr><td style=\"white-space:nowrap\">0410<a name=\"dk-core-municipality-codes-0410\"> </a></td><td>Middelfart</td><td>Middelfart</td></tr><tr><td style=\"white-space:nowrap\">0411<a name=\"dk-core-municipality-codes-0411\"> </a></td><td>Christiansø</td><td>Christiansø</td></tr><tr><td style=\"white-space:nowrap\">0306<a name=\"dk-core-municipality-codes-0306\"> </a></td><td>Odsherred</td><td>Odsherred</td></tr><tr><td style=\"white-space:nowrap\">0630<a name=\"dk-core-municipality-codes-0630\"> </a></td><td>Vejle</td><td>Vejle</td></tr></table></div>"
  },
  "url" : "http://hl7.dk/fhir/core/CodeSystem/dk-core-municipality-codes",
  "version" : "3.0.0",
  "name" : "MunicipalityCodes",
  "title" : "DK Municipality Codes",
  "status" : "active",
  "experimental" : false,
  "date" : "2023-12-01T14:04:08+01:00",
  "publisher" : "HL7 Denmark",
  "contact" : [{
    "name" : "HL7 Denmark",
    "telecom" : [{
      "system" : "url",
      "value" : "http://www.hl7.dk"
    },
    {
      "system" : "email",
      "value" : "jenskristianvilladsen@gmail.com"
    }]
  }],
  "description" : "Municipality codes as defined by https://danmarksadresser.dk/adressedata/kodelister/kommunekodeliste/ and https://sundhedsdatastyrelsen.dk/-/media/sds/filer/rammer-og-retningslinjer/patientregistrering/relaterede/kommuneklassifikation.pdf",
  "jurisdiction" : [{
    "coding" : [{
      "system" : "urn:iso:std:iso:3166",
      "code" : "DK",
      "display" : "Denmark"
    }]
  }],
  "caseSensitive" : true,
  "content" : "complete",
  "count" : 99,
  "concept" : [{
    "code" : "0740",
    "display" : "Silkeborg",
    "designation" : [{
      "language" : "da",
      "value" : "Silkeborg"
    }]
  },
  {
    "code" : "0741",
    "display" : "Samsø",
    "designation" : [{
      "language" : "da",
      "value" : "Samsø"
    }]
  },
  {
    "code" : "0851",
    "display" : "Aalborg",
    "designation" : [{
      "language" : "da",
      "value" : "Aalborg"
    }]
  },
  {
    "code" : "0746",
    "display" : "Skanderborg",
    "designation" : [{
      "language" : "da",
      "value" : "Skanderborg"
    }]
  },
  {
    "code" : "0151",
    "display" : "Ballerup",
    "designation" : [{
      "language" : "da",
      "value" : "Ballerup"
    }]
  },
  {
    "code" : "0260",
    "display" : "Halsnæs",
    "designation" : [{
      "language" : "da",
      "value" : "Halsnæs"
    }]
  },
  {
    "code" : "0153",
    "display" : "Brøndby",
    "designation" : [{
      "language" : "da",
      "value" : "Brøndby"
    }]
  },
  {
    "code" : "0370",
    "display" : "Næstved",
    "designation" : [{
      "language" : "da",
      "value" : "Næstved"
    }]
  },
  {
    "code" : "0155",
    "display" : "Dragør",
    "designation" : [{
      "language" : "da",
      "value" : "Dragør"
    }]
  },
  {
    "code" : "0480",
    "display" : "Nordfyns",
    "designation" : [{
      "language" : "da",
      "value" : "Nordfyns"
    }]
  },
  {
    "code" : "0157",
    "display" : "Gentofte",
    "designation" : [{
      "language" : "da",
      "value" : "Gentofte"
    }]
  },
  {
    "code" : "0265",
    "display" : "Roskilde",
    "designation" : [{
      "language" : "da",
      "value" : "Roskilde"
    }]
  },
  {
    "code" : "0159",
    "display" : "Gladsaxe",
    "designation" : [{
      "language" : "da",
      "value" : "Gladsaxe"
    }]
  },
  {
    "code" : "0376",
    "display" : "Guldborgsund",
    "designation" : [{
      "language" : "da",
      "value" : "Guldborgsund"
    }]
  },
  {
    "code" : "0269",
    "display" : "Solrød",
    "designation" : [{
      "language" : "da",
      "value" : "Solrød"
    }]
  },
  {
    "code" : "0482",
    "display" : "Langeland",
    "designation" : [{
      "language" : "da",
      "value" : "Langeland"
    }]
  },
  {
    "code" : "0201",
    "display" : "Allerød",
    "designation" : [{
      "language" : "da",
      "value" : "Allerød"
    }]
  },
  {
    "code" : "0420",
    "display" : "Assens",
    "designation" : [{
      "language" : "da",
      "value" : "Assens"
    }]
  },
  {
    "code" : "0530",
    "display" : "Billund",
    "designation" : [{
      "language" : "da",
      "value" : "Billund"
    }]
  },
  {
    "code" : "0316",
    "display" : "Holbæk",
    "designation" : [{
      "language" : "da",
      "value" : "Holbæk"
    }]
  },
  {
    "code" : "0751",
    "display" : "Aarhus",
    "designation" : [{
      "language" : "da",
      "value" : "Aarhus"
    }]
  },
  {
    "code" : "0860",
    "display" : "Hjørring",
    "designation" : [{
      "language" : "da",
      "value" : "Hjørring"
    }]
  },
  {
    "code" : "0756",
    "display" : "Ikast-Brande",
    "designation" : [{
      "language" : "da",
      "value" : "Ikast-Brande"
    }]
  },
  {
    "code" : "0161",
    "display" : "Glostrup",
    "designation" : [{
      "language" : "da",
      "value" : "Glostrup"
    }]
  },
  {
    "code" : "0270",
    "display" : "Gribskov",
    "designation" : [{
      "language" : "da",
      "value" : "Gribskov"
    }]
  },
  {
    "code" : "0163",
    "display" : "Herlev",
    "designation" : [{
      "language" : "da",
      "value" : "Herlev"
    }]
  },
  {
    "code" : "0165",
    "display" : "Albertslund",
    "designation" : [{
      "language" : "da",
      "value" : "Albertslund"
    }]
  },
  {
    "code" : "0167",
    "display" : "Hvidovre",
    "designation" : [{
      "language" : "da",
      "value" : "Hvidovre"
    }]
  },
  {
    "code" : "0492",
    "display" : "Ærø",
    "designation" : [{
      "language" : "da",
      "value" : "Ærø"
    }]
  },
  {
    "code" : "0169",
    "display" : "Høje-Taastrup",
    "designation" : [{
      "language" : "da",
      "value" : "Høje-Taastrup"
    }]
  },
  {
    "code" : "0101",
    "display" : "København",
    "designation" : [{
      "language" : "da",
      "value" : "København"
    }]
  },
  {
    "code" : "0210",
    "display" : "Fredensborg",
    "designation" : [{
      "language" : "da",
      "value" : "Fredensborg"
    }]
  },
  {
    "code" : "0320",
    "display" : "Faxe",
    "designation" : [{
      "language" : "da",
      "value" : "Faxe"
    }]
  },
  {
    "code" : "0430",
    "display" : "Faaborg-Midtfyn",
    "designation" : [{
      "language" : "da",
      "value" : "Faaborg-Midtfyn"
    }]
  },
  {
    "code" : "0540",
    "display" : "Sønderborg",
    "designation" : [{
      "language" : "da",
      "value" : "Sønderborg"
    }]
  },
  {
    "code" : "0217",
    "display" : "Helsingør",
    "designation" : [{
      "language" : "da",
      "value" : "Helsingør"
    }]
  },
  {
    "code" : "0326",
    "display" : "Kalundborg",
    "designation" : [{
      "language" : "da",
      "value" : "Kalundborg"
    }]
  },
  {
    "code" : "0219",
    "display" : "Hillerød",
    "designation" : [{
      "language" : "da",
      "value" : "Hillerød"
    }]
  },
  {
    "code" : "0760",
    "display" : "Ringkøbing-Skjern",
    "designation" : [{
      "language" : "da",
      "value" : "Ringkøbing-Skjern"
    }]
  },
  {
    "code" : "0329",
    "display" : "Ringsted",
    "designation" : [{
      "language" : "da",
      "value" : "Ringsted"
    }]
  },
  {
    "code" : "0657",
    "display" : "Herning",
    "designation" : [{
      "language" : "da",
      "value" : "Herning"
    }]
  },
  {
    "code" : "0766",
    "display" : "Hedensted",
    "designation" : [{
      "language" : "da",
      "value" : "Hedensted"
    }]
  },
  {
    "code" : "0173",
    "display" : "Lyngby-Taarbæk",
    "designation" : [{
      "language" : "da",
      "value" : "Lyngby-Taarbæk"
    }]
  },
  {
    "code" : "0390",
    "display" : "Vordingborg",
    "designation" : [{
      "language" : "da",
      "value" : "Vordingborg"
    }]
  },
  {
    "code" : "0175",
    "display" : "Rødovre",
    "designation" : [{
      "language" : "da",
      "value" : "Rødovre"
    }]
  },
  {
    "code" : "0810",
    "display" : "Brønderslev",
    "designation" : [{
      "language" : "da",
      "value" : "Brønderslev"
    }]
  },
  {
    "code" : "0813",
    "display" : "Frederikshavn",
    "designation" : [{
      "language" : "da",
      "value" : "Frederikshavn"
    }]
  },
  {
    "code" : "0706",
    "display" : "Syddjurs",
    "designation" : [{
      "language" : "da",
      "value" : "Syddjurs"
    }]
  },
  {
    "code" : "0707",
    "display" : "Norddjurs",
    "designation" : [{
      "language" : "da",
      "value" : "Norddjurs"
    }]
  },
  {
    "code" : "0330",
    "display" : "Slagelse",
    "designation" : [{
      "language" : "da",
      "value" : "Slagelse"
    }]
  },
  {
    "code" : "0223",
    "display" : "Hørsholm",
    "designation" : [{
      "language" : "da",
      "value" : "Hørsholm"
    }]
  },
  {
    "code" : "0440",
    "display" : "Kerteminde",
    "designation" : [{
      "language" : "da",
      "value" : "Kerteminde"
    }]
  },
  {
    "code" : "0550",
    "display" : "Tønder",
    "designation" : [{
      "language" : "da",
      "value" : "Tønder"
    }]
  },
  {
    "code" : "0336",
    "display" : "Stevns",
    "designation" : [{
      "language" : "da",
      "value" : "Stevns"
    }]
  },
  {
    "code" : "0661",
    "display" : "Holstebro",
    "designation" : [{
      "language" : "da",
      "value" : "Holstebro"
    }]
  },
  {
    "code" : "0665",
    "display" : "Lemvig",
    "designation" : [{
      "language" : "da",
      "value" : "Lemvig"
    }]
  },
  {
    "code" : "0773",
    "display" : "Morsø",
    "designation" : [{
      "language" : "da",
      "value" : "Morsø"
    }]
  },
  {
    "code" : "0779",
    "display" : "Skive",
    "designation" : [{
      "language" : "da",
      "value" : "Skive"
    }]
  },
  {
    "code" : "0183",
    "display" : "Ishøj",
    "designation" : [{
      "language" : "da",
      "value" : "Ishøj"
    }]
  },
  {
    "code" : "0185",
    "display" : "Tårnby",
    "designation" : [{
      "language" : "da",
      "value" : "Tårnby"
    }]
  },
  {
    "code" : "0710",
    "display" : "Favrskov",
    "designation" : [{
      "language" : "da",
      "value" : "Favrskov"
    }]
  },
  {
    "code" : "0187",
    "display" : "Vallensbæk",
    "designation" : [{
      "language" : "da",
      "value" : "Vallensbæk"
    }]
  },
  {
    "code" : "0820",
    "display" : "Vesthimmerland",
    "designation" : [{
      "language" : "da",
      "value" : "Vesthimmerland"
    }]
  },
  {
    "code" : "0607",
    "display" : "Fredericia",
    "designation" : [{
      "language" : "da",
      "value" : "Fredericia"
    }]
  },
  {
    "code" : "0825",
    "display" : "Læsø",
    "designation" : [{
      "language" : "da",
      "value" : "Læsø"
    }]
  },
  {
    "code" : "0230",
    "display" : "Rudersdal",
    "designation" : [{
      "language" : "da",
      "value" : "Rudersdal"
    }]
  },
  {
    "code" : "0340",
    "display" : "Sorø",
    "designation" : [{
      "language" : "da",
      "value" : "Sorø"
    }]
  },
  {
    "code" : "0450",
    "display" : "Nyborg",
    "designation" : [{
      "language" : "da",
      "value" : "Nyborg"
    }]
  },
  {
    "code" : "0561",
    "display" : "Esbjerg",
    "designation" : [{
      "language" : "da",
      "value" : "Esbjerg"
    }]
  },
  {
    "code" : "0563",
    "display" : "Fanø",
    "designation" : [{
      "language" : "da",
      "value" : "Fanø"
    }]
  },
  {
    "code" : "0671",
    "display" : "Struer",
    "designation" : [{
      "language" : "da",
      "value" : "Struer"
    }]
  },
  {
    "code" : "0190",
    "display" : "Furesø",
    "designation" : [{
      "language" : "da",
      "value" : "Furesø"
    }]
  },
  {
    "code" : "0787",
    "display" : "Thisted",
    "designation" : [{
      "language" : "da",
      "value" : "Thisted"
    }]
  },
  {
    "code" : "0615",
    "display" : "Horsens",
    "designation" : [{
      "language" : "da",
      "value" : "Horsens"
    }]
  },
  {
    "code" : "0727",
    "display" : "Odder",
    "designation" : [{
      "language" : "da",
      "value" : "Odder"
    }]
  },
  {
    "code" : "0240",
    "display" : "Egedal",
    "designation" : [{
      "language" : "da",
      "value" : "Egedal"
    }]
  },
  {
    "code" : "0350",
    "display" : "Lejre",
    "designation" : [{
      "language" : "da",
      "value" : "Lejre"
    }]
  },
  {
    "code" : "0461",
    "display" : "Odense",
    "designation" : [{
      "language" : "da",
      "value" : "Odense"
    }]
  },
  {
    "code" : "0573",
    "display" : "Varde",
    "designation" : [{
      "language" : "da",
      "value" : "Varde"
    }]
  },
  {
    "code" : "0575",
    "display" : "Vejen",
    "designation" : [{
      "language" : "da",
      "value" : "Vejen"
    }]
  },
  {
    "code" : "0791",
    "display" : "Viborg",
    "designation" : [{
      "language" : "da",
      "value" : "Viborg"
    }]
  },
  {
    "code" : "0400",
    "display" : "Bornholm",
    "designation" : [{
      "language" : "da",
      "value" : "Bornholm"
    }]
  },
  {
    "code" : "0510",
    "display" : "Haderslev",
    "designation" : [{
      "language" : "da",
      "value" : "Haderslev"
    }]
  },
  {
    "code" : "0621",
    "display" : "Kolding",
    "designation" : [{
      "language" : "da",
      "value" : "Kolding"
    }]
  },
  {
    "code" : "0730",
    "display" : "Randers",
    "designation" : [{
      "language" : "da",
      "value" : "Randers"
    }]
  },
  {
    "code" : "0840",
    "display" : "Rebild",
    "designation" : [{
      "language" : "da",
      "value" : "Rebild"
    }]
  },
  {
    "code" : "0846",
    "display" : "Mariagerfjord",
    "designation" : [{
      "language" : "da",
      "value" : "Mariagerfjord"
    }]
  },
  {
    "code" : "0250",
    "display" : "Frederikssund",
    "designation" : [{
      "language" : "da",
      "value" : "Frederikssund"
    }]
  },
  {
    "code" : "0360",
    "display" : "Lolland",
    "designation" : [{
      "language" : "da",
      "value" : "Lolland"
    }]
  },
  {
    "code" : "0253",
    "display" : "Greve",
    "designation" : [{
      "language" : "da",
      "value" : "Greve"
    }]
  },
  {
    "code" : "0849",
    "display" : "Jammerbugt",
    "designation" : [{
      "language" : "da",
      "value" : "Jammerbugt"
    }]
  },
  {
    "code" : "0147",
    "display" : "Frederiksberg",
    "designation" : [{
      "language" : "da",
      "value" : "Frederiksberg"
    }]
  },
  {
    "code" : "0580",
    "display" : "Aabenraa",
    "designation" : [{
      "language" : "da",
      "value" : "Aabenraa"
    }]
  },
  {
    "code" : "0259",
    "display" : "Køge",
    "designation" : [{
      "language" : "da",
      "value" : "Køge"
    }]
  },
  {
    "code" : "0479",
    "display" : "Svendborg",
    "designation" : [{
      "language" : "da",
      "value" : "Svendborg"
    }]
  },
  {
    "code" : "0410",
    "display" : "Middelfart",
    "designation" : [{
      "language" : "da",
      "value" : "Middelfart"
    }]
  },
  {
    "code" : "0411",
    "display" : "Christiansø",
    "designation" : [{
      "language" : "da",
      "value" : "Christiansø"
    }]
  },
  {
    "code" : "0306",
    "display" : "Odsherred",
    "designation" : [{
      "language" : "da",
      "value" : "Odsherred"
    }]
  },
  {
    "code" : "0630",
    "display" : "Vejle",
    "designation" : [{
      "language" : "da",
      "value" : "Vejle"
    }]
  }]
}