{
  "resourceType" : "CodeSystem",
  "id" : "address-use-dk-supplement",
  "text" : {
    "status" : "generated",
    "div" : "<div xmlns=\"http://www.w3.org/1999/xhtml\"><p>This code system <code>http://hl7.dk/fhir/core/CodeSystem/address-use-dk-supplement</code> defines displays on the following codes:</p><table class=\"codes\"><tr><td style=\"white-space:nowrap\"><b>Code</b></td><td><b>Dansk (Danish, da)</b></td></tr><tr><td><a style=\"white-space:nowrap\" href=\"http://hl7.org/fhir/R4/codesystem-address-use.html#address-use-home\">home</a><a name=\"address-use-dk-supplement-home\"> </a></td><td>Hjem</td></tr><tr><td><a style=\"white-space:nowrap\" href=\"http://hl7.org/fhir/R4/codesystem-address-use.html#address-use-work\">work</a><a name=\"address-use-dk-supplement-work\"> </a></td><td>Arbejde</td></tr><tr><td><a style=\"white-space:nowrap\" href=\"http://hl7.org/fhir/R4/codesystem-address-use.html#address-use-temp\">temp</a><a name=\"address-use-dk-supplement-temp\"> </a></td><td>Midlertidig</td></tr><tr><td><a style=\"white-space:nowrap\" href=\"http://hl7.org/fhir/R4/codesystem-address-use.html#address-use-old\">old</a><a name=\"address-use-dk-supplement-old\"> </a></td><td>Gammel / forkert</td></tr></table></div>"
  },
  "url" : "http://hl7.dk/fhir/core/CodeSystem/address-use-dk-supplement",
  "version" : "2.2.0",
  "name" : "AddressUse",
  "title" : "DK Address Use",
  "status" : "active",
  "experimental" : false,
  "date" : "2023-05-04T21:41:07+02:00",
  "publisher" : "HL7 Denmark",
  "contact" : [{
    "name" : "HL7 Denmark",
    "telecom" : [{
      "system" : "url",
      "value" : "http://www.hl7.dk"
    },
    {
      "system" : "email",
      "value" : "jenskristianvilladsen@gmail.com"
    }]
  }],
  "description" : "The use of an address",
  "jurisdiction" : [{
    "coding" : [{
      "system" : "urn:iso:std:iso:3166",
      "code" : "DK",
      "display" : "Denmark"
    }]
  }],
  "content" : "supplement",
  "supplements" : "http://hl7.org/fhir/address-use",
  "concept" : [{
    "code" : "home",
    "designation" : [{
      "language" : "da",
      "use" : {
        "system" : "http://snomed.info/sct",
        "code" : "900000000000013009"
      },
      "value" : "Hjem"
    }]
  },
  {
    "code" : "work",
    "designation" : [{
      "language" : "da",
      "use" : {
        "system" : "http://snomed.info/sct",
        "code" : "900000000000013009"
      },
      "value" : "Arbejde"
    }]
  },
  {
    "code" : "temp",
    "designation" : [{
      "language" : "da",
      "use" : {
        "system" : "http://snomed.info/sct",
        "code" : "900000000000013009"
      },
      "value" : "Midlertidig"
    }]
  },
  {
    "code" : "old",
    "designation" : [{
      "language" : "da",
      "use" : {
        "system" : "http://snomed.info/sct",
        "code" : "900000000000013009"
      },
      "value" : "Gammel / forkert"
    }]
  }]
}