{
  "resourceType" : "Condition",
  "id" : "JohnDiabetes",
  "meta" : {
    "profile" : ["http://hl7.dk/fhir/core/StructureDefinition/dk-core-condition"]
  },
  "text" : {
    "status" : "generated",
    "div" : "<div xmlns=\"http://www.w3.org/1999/xhtml\"><p><b>Generated Narrative: Condition</b><a name=\"JohnDiabetes\"> </a><a name=\"hcJohnDiabetes\"> </a></p><div style=\"display: inline-block; background-color: #d9e0e7; padding: 6px; margin: 4px; border: 1px solid #8da1b4; border-radius: 5px; line-height: 60%\"><p style=\"margin-bottom: 0px\">Resource Condition &quot;JohnDiabetes&quot; </p><p style=\"margin-bottom: 0px\">Profile: <a href=\"StructureDefinition-dk-core-condition.html\">Danish Core Condition Profile</a></p></div><p><b>clinicalStatus</b>: Active <span style=\"background: LightGoldenRodYellow; margin: 4px; border: 1px solid khaki\"> (<a href=\"http://terminology.hl7.org/5.5.0/CodeSystem-condition-clinical.html\">Condition Clinical Status Codes</a>#active)</span></p><p><b>verificationStatus</b>: Confirmed <span style=\"background: LightGoldenRodYellow; margin: 4px; border: 1px solid khaki\"> (<a href=\"http://terminology.hl7.org/5.5.0/CodeSystem-condition-ver-status.html\">ConditionVerificationStatus</a>#confirmed)</span></p><p><b>category</b>: Encounter Diagnosis <span style=\"background: LightGoldenRodYellow; margin: 4px; border: 1px solid khaki\"> (<a href=\"http://terminology.hl7.org/5.5.0/CodeSystem-condition-category.html\">Condition Category Codes</a>#encounter-diagnosis)</span></p><p><b>code</b>: Type 2-diabetes <span style=\"background: LightGoldenRodYellow; margin: 4px; border: 1px solid khaki\"> (unknown#DE11)</span></p><p><b>subject</b>: <a href=\"Patient-john.html\">Patient/john</a> &quot; MEYERHOFEN&quot;</p><p><b>onset</b>: 2020-02-20</p><p><b>recordedDate</b>: 2020-03-15</p><p><b>recorder</b>: <a href=\"Practitioner-AbrahamLaege.html\">Practitioner/AbrahamLaege</a> &quot; MURAKAMI&quot;</p><p><b>asserter</b>: <a href=\"Practitioner-AbrahamLaege.html\">Practitioner/AbrahamLaege</a> &quot; MURAKAMI&quot;</p></div>"
  },
  "clinicalStatus" : {
    "coding" : [{
      "system" : "http://terminology.hl7.org/CodeSystem/condition-clinical",
      "code" : "active"
    }]
  },
  "verificationStatus" : {
    "coding" : [{
      "system" : "http://terminology.hl7.org/CodeSystem/condition-ver-status",
      "code" : "confirmed"
    }]
  },
  "category" : [{
    "coding" : [{
      "system" : "http://terminology.hl7.org/CodeSystem/condition-category",
      "code" : "encounter-diagnosis"
    }]
  }],
  "code" : {
    "coding" : [{
      "system" : "urn:oid:1.2.208.176.2.4.12",
      "code" : "DE11",
      "display" : "Type 2-diabetes"
    }]
  },
  "subject" : {
    "reference" : "Patient/john"
  },
  "onsetDateTime" : "2020-02-20",
  "recordedDate" : "2020-03-15",
  "recorder" : {
    "reference" : "Practitioner/AbrahamLaege"
  },
  "asserter" : {
    "reference" : "Practitioner/AbrahamLaege"
  }
}