{
  "resourceType" : "Device",
  "id" : "WeightScale.606405FFFECFC604",
  "meta" : {
    "profile" : ["http://hl7.org/fhir/uv/phd/StructureDefinition/PhdDevice"]
  },
  "text" : {
    "status" : "generated",
    "div" : "<div xmlns=\"http://www.w3.org/1999/xhtml\"><p><b>Generated Narrative: Device</b><a name=\"WeightScale.606405FFFECFC604\"> </a></p><div style=\"display: inline-block; background-color: #d9e0e7; padding: 6px; margin: 4px; border: 1px solid #8da1b4; border-radius: 5px; line-height: 60%\"><p style=\"margin-bottom: 0px\">Resource Device &quot;WeightScale.606405FFFECFC604&quot; </p><p style=\"margin-bottom: 0px\">Profile: <a href=\"http://hl7.org/fhir/uv/phd/STU1/StructureDefinition-PhdDevice.html\">PhdDevice</a></p></div><p><b>identifier</b>: IEEE 11073 System Identifier:\u00a060-64-05-FF-FE-CF-C6-04, Bluetooth MAC address:\u00a0<a href=\"http://terminology.hl7.org/3.1.0/NamingSystem-bluetooth-address-identifier.html\">#</a>60-64-05-CF-C6-04</p><p><b>manufacturer</b>: A&amp;D Medical </p><p><b>serialNumber</b>: 5180400664</p><p><b>modelNumber</b>: UC-352BLE </p><p><b>type</b>: MDC_MOC_VMS_MDS_SIMP: Personal health device <span style=\"background: LightGoldenRodYellow; margin: 4px; border: 1px solid khaki\"> (<a href=\"http://terminology.hl7.org/3.1.0/CodeSystem-v3-mdc.html\">ISO 11073-10101 Health informatics - Point-of-care</a>#65573 &quot;MDC_MOC_VMS_MDS_SIMP&quot;)</span></p><h3>Specializations</h3><table class=\"grid\"><tr><td style=\"display: none\">-</td><td><b>SystemType</b></td><td><b>Version</b></td></tr><tr><td style=\"display: none\">*</td><td>MDC_DEV_SPEC_PROFILE_SCALE: Weighing scale <span style=\"background: LightGoldenRodYellow; margin: 4px; border: 1px solid khaki\"> (<a href=\"http://terminology.hl7.org/3.1.0/CodeSystem-v3-mdc.html\">ISO 11073-10101 Health informatics - Point-of-care</a>#528399 &quot;MDC_DEV_SPEC_PROFILE_SCALE&quot;)</span></td><td>1</td></tr></table><blockquote><p><b>version</b></p><p><b>type</b>: MDC_REG_CERT_DATA_CONTINUA_VERSION: Continua version <span style=\"background: LightGoldenRodYellow; margin: 4px; border: 1px solid khaki\"> (<a href=\"http://terminology.hl7.org/3.1.0/CodeSystem-v3-mdc.html\">ISO 11073-10101 Health informatics - Point-of-care</a>#532352 &quot;MDC_REG_CERT_DATA_CONTINUA_VERSION&quot;)</span></p><p><b>value</b>: 4.1</p></blockquote><blockquote><p><b>version</b></p><p><b>type</b>: MDC_ID_PROD_SPEC_HW: Hardware version <span style=\"background: LightGoldenRodYellow; margin: 4px; border: 1px solid khaki\"> (<a href=\"http://terminology.hl7.org/3.1.0/CodeSystem-v3-mdc.html\">ISO 11073-10101 Health informatics - Point-of-care</a>#531974 &quot;MDC_ID_PROD_SPEC_HW&quot;)</span></p><p><b>value</b>: 0.00</p></blockquote><blockquote><p><b>version</b></p><p><b>type</b>: MDC_ID_PROD_SPEC_SW: Software version <span style=\"background: LightGoldenRodYellow; margin: 4px; border: 1px solid khaki\"> (<a href=\"http://terminology.hl7.org/3.1.0/CodeSystem-v3-mdc.html\">ISO 11073-10101 Health informatics - Point-of-care</a>#531975 &quot;MDC_ID_PROD_SPEC_SW&quot;)</span></p><p><b>value</b>: 0.00</p></blockquote><blockquote><p><b>version</b></p><p><b>type</b>: MDC_ID_PROD_SPEC_FW: Firmware version <span style=\"background: LightGoldenRodYellow; margin: 4px; border: 1px solid khaki\"> (<a href=\"http://terminology.hl7.org/3.1.0/CodeSystem-v3-mdc.html\">ISO 11073-10101 Health informatics - Point-of-care</a>#531976 &quot;MDC_ID_PROD_SPEC_FW&quot;)</span></p><p><b>value</b>: WSP002_208</p></blockquote><blockquote><p><b>property</b></p><p><b>type</b>: MDC_REG_CERT_DATA_CONTINUA_CERT_DEV_LIST: Continua certified device list <span style=\"background: LightGoldenRodYellow; margin: 4px; border: 1px solid khaki\"> (<a href=\"http://terminology.hl7.org/3.1.0/CodeSystem-v3-mdc.html\">ISO 11073-10101 Health informatics - Point-of-care</a>#532353 &quot;MDC_REG_CERT_DATA_CONTINUA_CERT_DEV_LIST&quot;)</span></p><p><b>valueCode</b>: BluetoothLE: Weighing scale <span style=\"background: LightGoldenRodYellow; margin: 4px; border: 1px solid khaki\"> (<a href=\"http://hl7.org/fhir/uv/phd/STU1/CodeSystem-ContinuaPHD.html\">ContinuaPHD</a>#32783)</span></p></blockquote><blockquote><p><b>property</b></p><p><b>type</b>: MDC_TIME_SYNC_PROTOCOL: Time synchronization protocol <span style=\"background: LightGoldenRodYellow; margin: 4px; border: 1px solid khaki\"> (<a href=\"http://terminology.hl7.org/3.1.0/CodeSystem-v3-mdc.html\">ISO 11073-10101 Health informatics - Point-of-care</a>#68220 &quot;MDC_TIME_SYNC_PROTOCOL&quot;)</span></p><p><b>valueCode</b>: MDC_TIME_SYNC_NONE: No time synchronization <span style=\"background: LightGoldenRodYellow; margin: 4px; border: 1px solid khaki\"> (<a href=\"http://terminology.hl7.org/3.1.0/CodeSystem-v3-mdc.html\">ISO 11073-10101 Health informatics - Point-of-care</a>#532224 &quot;MDC_TIME_SYNC_NONE&quot;)</span></p></blockquote><blockquote><p><b>property</b></p><p><b>type</b>: regulation-status <span style=\"background: LightGoldenRodYellow; margin: 4px; border: 1px solid khaki\"> (<a href=\"http://hl7.org/fhir/uv/phd/STU1/CodeSystem-ASN1ToHL7.html\">ASN1ToHL7</a>#532354.0)</span></p><p><b>valueCode</b>: Device is regulated <span style=\"background: LightGoldenRodYellow; margin: 4px; border: 1px solid khaki\"> (<a href=\"http://hl7.org/fhir/R4/v2/0136/index.html\">v2 Y/N Indicator</a>#N)</span></p></blockquote><blockquote><p><b>property</b></p><p><b>type</b>: mds-time-capab-real-time-clock <span style=\"background: LightGoldenRodYellow; margin: 4px; border: 1px solid khaki\"> (<a href=\"http://hl7.org/fhir/uv/phd/STU1/CodeSystem-ASN1ToHL7.html\">ASN1ToHL7</a>#68219.0)</span></p><p><b>valueCode</b>: Real time clock is supported <span style=\"background: LightGoldenRodYellow; margin: 4px; border: 1px solid khaki\"> (<a href=\"http://hl7.org/fhir/R4/v2/0136/index.html\">v2 Y/N Indicator</a>#Y)</span></p></blockquote><blockquote><p><b>property</b></p><p><b>type</b>: mds-time-capab-set-clock <span style=\"background: LightGoldenRodYellow; margin: 4px; border: 1px solid khaki\"> (<a href=\"http://hl7.org/fhir/uv/phd/STU1/CodeSystem-ASN1ToHL7.html\">ASN1ToHL7</a>#68219.1)</span></p><p><b>valueCode</b>: Setting the real time clock is supported <span style=\"background: LightGoldenRodYellow; margin: 4px; border: 1px solid khaki\"> (<a href=\"http://hl7.org/fhir/R4/v2/0136/index.html\">v2 Y/N Indicator</a>#Y)</span></p></blockquote></div>"
  },
  "identifier" : [{
    "type" : {
      "coding" : [{
        "system" : "http://hl7.org/fhir/uv/phd/CodeSystem/ContinuaDeviceIdentifiers",
        "code" : "SYSID",
        "display" : "IEEE 11073 System Identifier"
      }]
    },
    "system" : "urn:oid:1.2.840.10004.1.1.1.0.0.1.0.0.1.2680",
    "value" : "60-64-05-FF-FE-CF-C6-04"
  },
  {
    "type" : {
      "coding" : [{
        "system" : "http://hl7.org/fhir/uv/phd/CodeSystem/ContinuaDeviceIdentifiers",
        "code" : "BTMAC",
        "display" : "Bluetooth MAC address"
      }]
    },
    "system" : "http://hl7.org/fhir/sid/eui-48/bluetooth",
    "value" : "60-64-05-CF-C6-04"
  }],
  "manufacturer" : "A&D Medical ",
  "serialNumber" : "5180400664",
  "modelNumber" : "UC-352BLE ",
  "type" : {
    "coding" : [{
      "system" : "urn:iso:std:iso:11073:10101",
      "code" : "65573",
      "display" : "MDC_MOC_VMS_MDS_SIMP"
    }],
    "text" : "MDC_MOC_VMS_MDS_SIMP: Personal health device"
  },
  "specialization" : [{
    "systemType" : {
      "coding" : [{
        "system" : "urn:iso:std:iso:11073:10101",
        "code" : "528399",
        "display" : "MDC_DEV_SPEC_PROFILE_SCALE"
      }],
      "text" : "MDC_DEV_SPEC_PROFILE_SCALE: Weighing scale"
    },
    "version" : "1"
  }],
  "version" : [{
    "type" : {
      "coding" : [{
        "system" : "urn:iso:std:iso:11073:10101",
        "code" : "532352",
        "display" : "MDC_REG_CERT_DATA_CONTINUA_VERSION"
      }],
      "text" : "MDC_REG_CERT_DATA_CONTINUA_VERSION: Continua version"
    },
    "value" : "4.1"
  },
  {
    "type" : {
      "coding" : [{
        "system" : "urn:iso:std:iso:11073:10101",
        "code" : "531974",
        "display" : "MDC_ID_PROD_SPEC_HW"
      }],
      "text" : "MDC_ID_PROD_SPEC_HW: Hardware version"
    },
    "value" : "0.00"
  },
  {
    "type" : {
      "coding" : [{
        "system" : "urn:iso:std:iso:11073:10101",
        "code" : "531975",
        "display" : "MDC_ID_PROD_SPEC_SW"
      }],
      "text" : "MDC_ID_PROD_SPEC_SW: Software version"
    },
    "value" : "0.00"
  },
  {
    "type" : {
      "coding" : [{
        "system" : "urn:iso:std:iso:11073:10101",
        "code" : "531976",
        "display" : "MDC_ID_PROD_SPEC_FW"
      }],
      "text" : "MDC_ID_PROD_SPEC_FW: Firmware version"
    },
    "value" : "WSP002_208"
  }],
  "property" : [{
    "type" : {
      "coding" : [{
        "system" : "urn:iso:std:iso:11073:10101",
        "code" : "532353",
        "display" : "MDC_REG_CERT_DATA_CONTINUA_CERT_DEV_LIST"
      }],
      "text" : "MDC_REG_CERT_DATA_CONTINUA_CERT_DEV_LIST: Continua certified device list"
    },
    "valueCode" : [{
      "coding" : [{
        "system" : "http://hl7.org/fhir/uv/phd/CodeSystem/ContinuaPHD",
        "code" : "32783"
      }],
      "text" : "BluetoothLE: Weighing scale"
    }]
  },
  {
    "type" : {
      "coding" : [{
        "system" : "urn:iso:std:iso:11073:10101",
        "code" : "68220",
        "display" : "MDC_TIME_SYNC_PROTOCOL"
      }],
      "text" : "MDC_TIME_SYNC_PROTOCOL: Time synchronization protocol"
    },
    "valueCode" : [{
      "coding" : [{
        "system" : "urn:iso:std:iso:11073:10101",
        "code" : "532224",
        "display" : "MDC_TIME_SYNC_NONE"
      }],
      "text" : "MDC_TIME_SYNC_NONE: No time synchronization"
    }]
  },
  {
    "type" : {
      "coding" : [{
        "system" : "http://hl7.org/fhir/uv/phd/CodeSystem/ASN1ToHL7",
        "code" : "532354.0"
      }],
      "text" : "regulation-status"
    },
    "valueCode" : [{
      "coding" : [{
        "system" : "http://terminology.hl7.org/CodeSystem/v2-0136",
        "code" : "N"
      }],
      "text" : "Device is regulated"
    }]
  },
  {
    "type" : {
      "coding" : [{
        "system" : "http://hl7.org/fhir/uv/phd/CodeSystem/ASN1ToHL7",
        "code" : "68219.0"
      }],
      "text" : "mds-time-capab-real-time-clock"
    },
    "valueCode" : [{
      "coding" : [{
        "system" : "http://terminology.hl7.org/CodeSystem/v2-0136",
        "code" : "Y"
      }],
      "text" : "Real time clock is supported"
    }]
  },
  {
    "type" : {
      "coding" : [{
        "system" : "http://hl7.org/fhir/uv/phd/CodeSystem/ASN1ToHL7",
        "code" : "68219.1"
      }],
      "text" : "mds-time-capab-set-clock"
    },
    "valueCode" : [{
      "coding" : [{
        "system" : "http://terminology.hl7.org/CodeSystem/v2-0136",
        "code" : "Y"
      }],
      "text" : "Setting the real time clock is supported"
    }]
  }]
}