{
  "resourceType" : "Observation",
  "id" : "MaxSaturation",
  "meta" : {
    "profile" : ["http://hl7.dk/fhir/core/StructureDefinition/dk-core-basic-observation"]
  },
  "text" : {
    "status" : "generated",
    "div" : "<div xmlns=\"http://www.w3.org/1999/xhtml\"><p class=\"res-header-id\"><b>Generated Narrative: Observation MaxSaturation</b></p><a name=\"MaxSaturation\"> </a><a name=\"hcMaxSaturation\"> </a><a name=\"MaxSaturation-da-DK\"> </a><p><b>status</b>: Final</p><p><b>category</b>: <span title=\"Codes:{http://terminology.hl7.org/CodeSystem/observation-category vital-signs}\">Vital Signs</span></p><p><b>code</b>: <span title=\"Codes:{http://loinc.org 2708-6}\">Oxygen saturation in Arterial blood</span></p><p><b>subject</b>: <a href=\"Patient-Max.html\">Max Test Berggren (official) Male, DoB: 1972-07-01 ( urn:oid:1.2.208.176.1.2#0107729995)</a></p><p><b>effective</b>: 2023-08-08 13:30:00+0000</p><p><b>value</b>: 99 %<span style=\"background: LightGoldenRodYellow\"> (Details: UCUM  code% = '%')</span></p><p><b>method</b>: <span title=\"Codes:{http://snomed.info/sct 272391002}\">Measurement technique (qualifier value)</span></p></div>"
  },
  "status" : "final",
  "category" : [{
    "coding" : [{
      "system" : "http://terminology.hl7.org/CodeSystem/observation-category",
      "code" : "vital-signs"
    }]
  }],
  "code" : {
    "coding" : [{
      "system" : "http://loinc.org",
      "code" : "2708-6",
      "display" : "Oxygen saturation in Arterial blood"
    }]
  },
  "subject" : {
    "reference" : "Patient/Max"
  },
  "effectiveDateTime" : "2023-08-08T13:30:00.000Z",
  "valueQuantity" : {
    "value" : 99,
    "unit" : "%",
    "system" : "http://unitsofmeasure.org",
    "code" : "%"
  },
  "method" : {
    "coding" : [{
      "system" : "http://snomed.info/sct",
      "code" : "272391002",
      "display" : "Measurement technique (qualifier value)"
    }]
  }
}