{
  "resourceType" : "Observation",
  "id" : "ElseRespirationRate",
  "meta" : {
    "profile" : ["http://hl7.dk/fhir/core/StructureDefinition/dk-core-basic-observation"]
  },
  "text" : {
    "status" : "generated",
    "div" : "<div xmlns=\"http://www.w3.org/1999/xhtml\"><p class=\"res-header-id\"><b>Generated Narrative: Observation ElseRespirationRate</b></p><a name=\"ElseRespirationRate\"> </a><a name=\"hcElseRespirationRate\"> </a><div style=\"display: inline-block; background-color: #d9e0e7; padding: 6px; margin: 4px; border: 1px solid #8da1b4; border-radius: 5px; line-height: 60%\"><p style=\"margin-bottom: 0px\"/><p style=\"margin-bottom: 0px\">Profile: <a href=\"StructureDefinition-dk-core-basic-observation.html\">Danish Core Basic Observation Profile</a></p></div><p><b>status</b>: Final</p><p><b>category</b>: <span title=\"Codes:{http://terminology.hl7.org/CodeSystem/observation-category vital-signs}\">Vital Signs</span></p><p><b>code</b>: <span title=\"Codes:{http://loinc.org 9279-1}, {http://snomed.info/sct 86290005}\">Respiratory rate</span></p><p><b>subject</b>: <a href=\"Patient-else.html\">Else Test Lauridsen(official) Kvinde, DoB: 1991-02-02 ( urn:oid:1.2.208.176.1.2#0201919990)</a></p><p><b>effective</b>: 2023-09-12 17:45:00+0000</p><p><b>performer</b>: <a href=\"Practitioner-SidselSygeplejerske.html\">Practitioner Sidsel Andersen</a></p><p><b>value</b>: 19 /min<span style=\"background: LightGoldenRodYellow\"> (Details: UCUM  code/min = '/min')</span></p><p><b>method</b>: <span title=\"Codes:{http://snomed.info/sct 272391002}\">Measurement technique (qualifier value)</span></p></div>"
  },
  "status" : "final",
  "category" : [{
    "coding" : [{
      "system" : "http://terminology.hl7.org/CodeSystem/observation-category",
      "code" : "vital-signs"
    }]
  }],
  "code" : {
    "coding" : [{
      "system" : "http://loinc.org",
      "code" : "9279-1"
    },
    {
      "system" : "http://snomed.info/sct",
      "version" : "http://snomed.info/sct/554471000005108",
      "code" : "86290005"
    }]
  },
  "subject" : {
    "reference" : "Patient/else"
  },
  "effectiveDateTime" : "2023-09-12T17:45:00.000Z",
  "performer" : [{
    "reference" : "Practitioner/SidselSygeplejerske"
  }],
  "valueQuantity" : {
    "value" : 19,
    "unit" : "/min",
    "system" : "http://unitsofmeasure.org",
    "code" : "/min"
  },
  "method" : {
    "coding" : [{
      "system" : "http://snomed.info/sct",
      "version" : "http://snomed.info/sct/554471000005108",
      "code" : "272391002",
      "display" : "Measurement technique (qualifier value)"
    }]
  }
}