{
  "resourceType": "Patient",
  "id": "else",
  "meta": {
    "profile": [
      "http://hl7.dk/fhir/core/StructureDefinition/dk-core-patient"
    ]
  },
  "text": {
    "status": "generated",
    "div": "<div xmlns=\"http://www.w3.org/1999/xhtml\"><p style=\"border: 1px #661aff solid; background-color: #e6e6ff; padding: 10px;\"><b>Else Test Lauridsen (OFFICIAL)</b> female, DoB: 1991-02-02 ( id: 0201919990)</p><hr/><table class=\"grid\"><tr><td style=\"background-color: #f3f5da\" title=\"Known Marital status of Patient\">Marital Status:</td><td colspan=\"3\"><span title=\"Codes: {http://terminology.hl7.org/CodeSystem/v3-MaritalStatus M}\">Married</span></td></tr></table></div>"
  },
  "identifier": [
    {
      "system": "urn:oid:1.2.208.176.1.2",
      "value": "0201919990"
    }
  ],
  "name": [
    {
      "use": "official",
      "family": "Lauridsen",
      "given": [
        "Else",
        "Test"
      ]
    }
  ],
  "gender": "female",
  "birthDate": "1991-02-02",
  "maritalStatus": {
    "coding": [
      {
        "system": "http://terminology.hl7.org/CodeSystem/v3-MaritalStatus",
        "code": "M",
        "display": "Married"
      }
    ]
  }
}