{
  "resourceType" : "Patient",
  "id" : "ukendt",
  "meta" : {
    "profile" : ["http://hl7.dk/fhir/core/StructureDefinition/dk-core-patient"]
  },
  "text" : {
    "status" : "generated",
    "div" : "<div xmlns=\"http://www.w3.org/1999/xhtml\"><p class=\"res-header-id\"><b>Generated Narrative: Patient ukendt</b></p><a name=\"ukendt\"> </a><a name=\"hcukendt\"> </a><a name=\"ukendt-da-DK\"> </a><p style=\"border: 1px #661aff solid; background-color: #e6e6ff; padding: 10px;\">Anders null (temp) Male, DoB: 1983-06-07 ( http://rn.dk#0706830VJ9)</p><hr/></div>"
  },
  "identifier" : [{
    "system" : "http://rn.dk",
    "value" : "0706830VJ9"
  }],
  "name" : [{
    "use" : "temp",
    "_family" : {
      "extension" : [{
        "url" : "http://hl7.org/fhir/StructureDefinition/data-absent-reason",
        "valueCode" : "unknown"
      }]
    },
    "given" : ["Anders"]
  }],
  "gender" : "male",
  "birthDate" : "1983-06-07"
}