{
  "resourceType" : "Patient",
  "id" : "283",
  "meta" : {
    "profile" : ["http://hl7.dk/fhir/core/StructureDefinition/dk-core-patient"]
  },
  "text" : {
    "status" : "generated",
    "div" : "<div xmlns=\"http://www.w3.org/1999/xhtml\"><p style=\"border: 1px #661aff solid; background-color: #e6e6ff; padding: 10px;\"><b>Schwendlund Test Mosebryggersen (Official)</b> male, DoB: 1958-08-01 ( <code>urn:oid:1.2.208.176.1.2</code>/0108589995\u00a0(use:\u00a0official))</p><hr/><table class=\"grid\"><tr><td style=\"background-color: #f3f5da\" title=\"Known Marital status of Patient\">Marital Status:</td><td colspan=\"3\"><span title=\"Codes: {http://terminology.hl7.org/CodeSystem/v3-MaritalStatus U}\">unmarried</span></td></tr><tr><td style=\"background-color: #f3f5da\" title=\"Ways to contact the Patient\">Contact Detail</td><td colspan=\"3\">Nordre Ringgade 3 Aarhus 8000 DK (home)</td></tr><tr><td style=\"background-color: #f3f5da\" title=\"Patient Links\">Links:</td><td colspan=\"3\"><ul><li>General Practitioner: <span>: Peter Sønderby</span></li></ul></td></tr></table></div>"
  },
  "identifier" : [{
    "use" : "official",
    "system" : "urn:oid:1.2.208.176.1.2",
    "value" : "0108589995"
  }],
  "name" : [{
    "use" : "official",
    "family" : "Mosebryggersen",
    "given" : ["Schwendlund",
    "Test"]
  }],
  "gender" : "male",
  "birthDate" : "1958-08-01",
  "address" : [{
    "extension" : [{
      "url" : "http://hl7.dk/fhir/core/StructureDefinition/dk-core-municipalityCodes",
      "valueCodeableConcept" : {
        "coding" : [{
          "system" : "http://hl7.dk/fhir/core/CodeSystem/dk-core-municipality-codes",
          "code" : "0330"
        }]
      }
    },
    {
      "url" : "http://hl7.dk/fhir/core/StructureDefinition/dk-core-RegionalSubDivisionCodes",
      "valueCodeableConcept" : {
        "coding" : [{
          "system" : "http://hl7.dk/fhir/core/CodeSystem/dk-core-regional-subdivision-codes",
          "code" : "DK-85"
        }]
      }
    }],
    "use" : "home",
    "type" : "postal",
    "line" : ["Nordre Ringgade 3"],
    "city" : "Aarhus",
    "postalCode" : "8000",
    "country" : "DK"
  }],
  "maritalStatus" : {
    "coding" : [{
      "system" : "http://terminology.hl7.org/CodeSystem/v3-MaritalStatus",
      "code" : "U",
      "display" : "unmarried"
    }]
  },
  "generalPractitioner" : [{
    "identifier" : {
      "system" : "urn:oid:1.2.208.176.1.1",
      "value" : "79641000016006"
    },
    "display" : "Peter Sønderby"
  }]
}