{
  "resourceType" : "Patient",
  "id" : "283",
  "meta" : {
    "profile" : ["http://hl7.dk/fhir/core/StructureDefinition/dk-core-patient"]
  },
  "text" : {
    "status" : "generated",
    "div" : "<div xmlns=\"http://www.w3.org/1999/xhtml\"><p class=\"res-header-id\"><b>Generated Narrative: Patient 283</b></p><a name=\"283\"> </a><a name=\"hc283\"> </a><div style=\"display: inline-block; background-color: #d9e0e7; padding: 6px; margin: 4px; border: 1px solid #8da1b4; border-radius: 5px; line-height: 60%\"><p style=\"margin-bottom: 0px\"/><p style=\"margin-bottom: 0px\">Profile: <a href=\"StructureDefinition-dk-core-patient.html\">Danish Core Patient Profile</a></p></div><p style=\"border: 1px #661aff solid; background-color: #e6e6ff; padding: 10px;\">Schwendlund Test Mosebryggersen(official) Mand, DoB: 1958-08-01 ( urn:oid:1.2.208.176.1.2#0108589995\u00a0(use:\u00a0official,\u00a0))</p><hr/><table class=\"grid\"><tr><td style=\"background-color: #f3f5da\" title=\"Known Marital status of Patient\">Marital Status:</td><td colspan=\"3\"><span title=\"Codes:{http://terminology.hl7.org/CodeSystem/v3-MaritalStatus U}\">unmarried</span></td></tr><tr><td style=\"background-color: #f3f5da\" title=\"Ways to contact the Patient\">Contact Detail</td><td colspan=\"3\">Nordre Ringgade 3 Aarhus 8000 DK (home)</td></tr><tr><td style=\"background-color: #f3f5da\" title=\"Patient Links\">Links:</td><td colspan=\"3\"><ul><li>General Practitioner: Peter Sønderby (Identifier: <code>urn:oid:1.2.208.176.1.1</code>/79641000016006)</li></ul></td></tr></table></div>"
  },
  "identifier" : [{
    "use" : "official",
    "system" : "urn:oid:1.2.208.176.1.2",
    "value" : "0108589995"
  }],
  "name" : [{
    "use" : "official",
    "text" : "Schwendlund Test Mosebryggersen",
    "family" : "Mosebryggersen",
    "given" : ["Schwendlund",
    "Test"]
  }],
  "gender" : "male",
  "birthDate" : "1958-08-01",
  "address" : [{
    "extension" : [{
      "url" : "http://hl7.dk/fhir/core/StructureDefinition/dk-core-municipalityCodes",
      "valueCodeableConcept" : {
        "coding" : [{
          "system" : "http://hl7.dk/fhir/core/CodeSystem/dk-core-municipality-codes",
          "code" : "0330"
        }]
      }
    },
    {
      "url" : "http://hl7.dk/fhir/core/StructureDefinition/dk-core-RegionalSubDivisionCodes",
      "valueCodeableConcept" : {
        "coding" : [{
          "system" : "http://hl7.dk/fhir/core/CodeSystem/dk-core-regional-subdivision-codes",
          "code" : "DK-85"
        }]
      }
    },
    {
      "url" : "http://hl7.org/fhir/StructureDefinition/address-official",
      "valueCodeableConcept" : {
        "coding" : [{
          "system" : "urn:iso:std:iso:3166",
          "code" : "DK"
        }]
      }
    }],
    "use" : "home",
    "type" : "postal",
    "line" : ["Nordre Ringgade 3"],
    "city" : "Aarhus",
    "postalCode" : "8000",
    "country" : "DK"
  }],
  "maritalStatus" : {
    "coding" : [{
      "system" : "http://terminology.hl7.org/CodeSystem/v3-MaritalStatus",
      "code" : "U",
      "display" : "unmarried"
    }]
  },
  "generalPractitioner" : [{
    "identifier" : {
      "system" : "urn:oid:1.2.208.176.1.1",
      "value" : "79641000016006"
    },
    "display" : "Peter Sønderby"
  }]
}