{
  "resourceType" : "Practitioner",
  "id" : "AbrahamLaege",
  "meta" : {
    "profile" : ["http://hl7.dk/fhir/core/StructureDefinition/dk-core-practitioner"]
  },
  "text" : {
    "status" : "generated",
    "div" : "<div xmlns=\"http://www.w3.org/1999/xhtml\"><p class=\"res-header-id\"><b>Generated Narrative: Practitioner AbrahamLaege</b></p><a name=\"AbrahamLaege\"> </a><a name=\"hcAbrahamLaege\"> </a><div style=\"display: inline-block; background-color: #d9e0e7; padding: 6px; margin: 4px; border: 1px solid #8da1b4; border-radius: 5px; line-height: 60%\"><p style=\"margin-bottom: 0px\"/><p style=\"margin-bottom: 0px\">Profile: <a href=\"StructureDefinition-dk-core-practitioner.html\">Danish Core Practitioner Profile</a></p></div><p><b>name</b>: Abraham Murakami</p><blockquote><p><b>qualification</b></p><p><b>identifier</b>: <code>https://autregweb.sst.dk</code>/005ML</p><p><b>code</b>: <span title=\"Codes:{http://hl7.dk/fhir/core/CodeSystem/DkCoreProfessionGroupCodes 7170}\">Læge</span></p></blockquote><blockquote><p><b>qualification</b></p><p><b>identifier</b>: <code>https://autregweb.sst.dk</code>/005M6</p><p><b>code</b>: <span title=\"Codes:{http://hl7.dk/fhir/core/CodeSystem/DkCoreProfessionGroupCodes 5166}\">Sygeplejerske</span></p></blockquote></div>"
  },
  "name" : [{
    "text" : "Abraham Murakami",
    "family" : "Murakami",
    "given" : ["Abraham"]
  }],
  "qualification" : [{
    "identifier" : [{
      "system" : "https://autregweb.sst.dk",
      "value" : "005ML"
    }],
    "code" : {
      "coding" : [{
        "system" : "http://hl7.dk/fhir/core/CodeSystem/DkCoreProfessionGroupCodes",
        "code" : "7170"
      }]
    }
  },
  {
    "identifier" : [{
      "system" : "https://autregweb.sst.dk",
      "value" : "005M6"
    }],
    "code" : {
      "coding" : [{
        "system" : "http://hl7.dk/fhir/core/CodeSystem/DkCoreProfessionGroupCodes",
        "code" : "5166"
      }]
    }
  }]
}