{
  "resourceType" : "Practitioner",
  "id" : "AbrahamLaege",
  "meta" : {
    "profile" : ["http://hl7.dk/fhir/core/StructureDefinition/dk-core-practitioner"]
  },
  "text" : {
    "status" : "generated",
    "div" : "<div xmlns=\"http://www.w3.org/1999/xhtml\"><p class=\"res-header-id\"><b>Generated Narrative: Practitioner AbrahamLaege</b></p><a name=\"AbrahamLaege\"> </a><a name=\"hcAbrahamLaege\"> </a><a name=\"AbrahamLaege-da-DK\"> </a><p><b>name</b>: Abraham Murakami</p><h3>Qualifications</h3><table class=\"grid\"><tr><td style=\"display: none\">-</td><td><b>Identifier</b></td><td><b>Code</b></td></tr><tr><td style=\"display: none\">*</td><td><code>https://autregweb.sst.dk</code>/005ML</td><td><span title=\"Codes:{http://hl7.dk/fhir/core/CodeSystem/DkCoreProfessionGroupCodes 7170}\">Læge</span></td></tr></table></div>"
  },
  "name" : [{
    "text" : "Abraham Murakami",
    "family" : "Murakami",
    "given" : ["Abraham"]
  }],
  "qualification" : [{
    "identifier" : [{
      "system" : "https://autregweb.sst.dk",
      "value" : "005ML"
    }],
    "code" : {
      "coding" : [{
        "system" : "http://hl7.dk/fhir/core/CodeSystem/DkCoreProfessionGroupCodes",
        "code" : "7170",
        "display" : "Læge"
      }]
    }
  }]
}