{
  "resourceType" : "RelatedPerson",
  "id" : "Child",
  "meta" : {
    "profile" : ["http://hl7.dk/fhir/core/StructureDefinition/dk-core-related-person"]
  },
  "text" : {
    "status" : "generated",
    "div" : "<div xmlns=\"http://www.w3.org/1999/xhtml\"><p class=\"res-header-id\"><b>Generated Narrative: RelatedPerson Child</b></p><a name=\"Child\"> </a><a name=\"hcChild\"> </a><div style=\"display: inline-block; background-color: #d9e0e7; padding: 6px; margin: 4px; border: 1px solid #8da1b4; border-radius: 5px; line-height: 60%\"><p style=\"margin-bottom: 0px\"/><p style=\"margin-bottom: 0px\">Profile: <a href=\"StructureDefinition-dk-core-related-person.html\">Danish Core Related Person Profile</a></p></div><p><b>identifier</b>: <code>urn:oid:1.2.208.176.1.2</code>/1502799995</p><p><b>patient</b>: <a href=\"Patient-283.html\">Schwendlund Test Mosebryggersen(official) Mand, DoB: 1958-08-01 ( urn:oid:1.2.208.176.1.2#0108589995\u00a0(use:\u00a0official,\u00a0))</a></p><p><b>relationship</b>: <span title=\"Codes:{http://terminology.hl7.org/CodeSystem/v3-RoleCode CHILD}\">child</span></p><p><b>name</b>: Odd Haugen Test Mosebryggersen (Official)</p><p><b>gender</b>: Mand</p><p><b>birthDate</b>: 1979-02-15</p></div>"
  },
  "identifier" : [{
    "system" : "urn:oid:1.2.208.176.1.2",
    "value" : "1502799995"
  }],
  "patient" : {
    "reference" : "Patient/283"
  },
  "relationship" : [{
    "coding" : [{
      "system" : "http://terminology.hl7.org/CodeSystem/v3-RoleCode",
      "code" : "CHILD"
    }]
  }],
  "name" : [{
    "use" : "official",
    "family" : "Mosebryggersen",
    "given" : ["Odd Haugen Test"]
  }],
  "gender" : "male",
  "birthDate" : "1979-02-15"
}