{
  "resourceType" : "CodeSystem",
  "id" : "3aaddccd-0e7f-496c-a14c-0a597bcd71f1-5",
  "url" : "http://hl7.org/fhir/comparison/CodeSystem/3aaddccd-0e7f-496c-a14c-0a597bcd71f1-5",
  "name" : "UnionAddressTypeAndAddressType",
  "title" : "Union of DK Address Type And DK Address Type",
  "status" : "active",
  "date" : "2024-12-11T09:54:45+01:00",
  "jurisdiction" : [{
    "coding" : [{
      "system" : "urn:iso:std:iso:3166",
      "code" : "DK",
      "display" : "Denmark"
    }]
  }],
  "concept" : [{
    "code" : "postal",
    "designation" : [{
      "language" : "da",
      "use" : {
        "system" : "http://snomed.info/sct",
        "code" : "900000000000013009"
      },
      "value" : "Post"
    }]
  },
  {
    "code" : "physical",
    "designation" : [{
      "language" : "da",
      "use" : {
        "system" : "http://snomed.info/sct",
        "code" : "900000000000013009"
      },
      "value" : "Fysisk"
    }]
  },
  {
    "code" : "both",
    "designation" : [{
      "language" : "da",
      "use" : {
        "system" : "http://snomed.info/sct",
        "code" : "900000000000013009"
      },
      "value" : "Post & fysisk"
    }]
  }]
}