{
  "resourceType" : "CodeSystem",
  "id" : "3aaddccd-0e7f-496c-a14c-0a597bcd71f1-9",
  "url" : "http://hl7.org/fhir/comparison/CodeSystem/3aaddccd-0e7f-496c-a14c-0a597bcd71f1-9",
  "name" : "IntersectionAddressUseAndAddressUse",
  "title" : "Intersection of DK Address Use And DK Address Use",
  "status" : "active",
  "date" : "2024-12-11T09:54:45+01:00",
  "jurisdiction" : [{
    "coding" : [{
      "system" : "urn:iso:std:iso:3166",
      "code" : "DK",
      "display" : "Denmark"
    }]
  }],
  "concept" : [{
    "code" : "home",
    "designation" : [{
      "language" : "da",
      "use" : {
        "system" : "http://snomed.info/sct",
        "code" : "900000000000013009"
      },
      "value" : "Hjem"
    }]
  },
  {
    "code" : "work",
    "designation" : [{
      "language" : "da",
      "use" : {
        "system" : "http://snomed.info/sct",
        "code" : "900000000000013009"
      },
      "value" : "Arbejde"
    }]
  },
  {
    "code" : "temp",
    "designation" : [{
      "language" : "da",
      "use" : {
        "system" : "http://snomed.info/sct",
        "code" : "900000000000013009"
      },
      "value" : "Midlertidig"
    }]
  },
  {
    "code" : "old",
    "designation" : [{
      "language" : "da",
      "use" : {
        "system" : "http://snomed.info/sct",
        "code" : "900000000000013009"
      },
      "value" : "Gammel / forkert"
    }]
  }]
}