{"resourceType":"CodeSystem","id":"DkCoreProfessionGroupCodes","text":{"status":"generated","div":"<div xmlns=\"http://www.w3.org/1999/xhtml\"><p class=\"res-header-id\"><b>Generated Narrative: CodeSystem DkCoreProfessionGroupCodes</b></p><a name=\"DkCoreProfessionGroupCodes\"> </a><a name=\"hcDkCoreProfessionGroupCodes\"> </a><p>This case-insensitive code system <code>http://hl7.dk/fhir/core/CodeSystem/DkCoreProfessionGroupCodes</code> defines the following codes:</p><table class=\"codes\"><tr><td style=\"white-space:nowrap\"><b>Code</b></td><td><b>Display</b></td></tr><tr><td style=\"white-space:nowrap\">C511<a name=\"DkCoreProfessionGroupCodes-C511\"> </a></td><td>Ambulancebehandler</td></tr><tr><td style=\"white-space:nowrap\">9495<a name=\"DkCoreProfessionGroupCodes-9495\"> </a></td><td>Bandagist</td></tr><tr><td style=\"white-space:nowrap\">B511<a name=\"DkCoreProfessionGroupCodes-B511\"> </a></td><td>Behandlerfarmaceut</td></tr><tr><td style=\"white-space:nowrap\">5159<a name=\"DkCoreProfessionGroupCodes-5159\"> </a></td><td>Bioanalytiker</td></tr><tr><td style=\"white-space:nowrap\">5153<a name=\"DkCoreProfessionGroupCodes-5153\"> </a></td><td>Ergoterapeut</td></tr><tr><td style=\"white-space:nowrap\">5155<a name=\"DkCoreProfessionGroupCodes-5155\"> </a></td><td>Fodterapeut</td></tr><tr><td style=\"white-space:nowrap\">5151<a name=\"DkCoreProfessionGroupCodes-5151\"> </a></td><td>Fysioterapeut</td></tr><tr><td style=\"white-space:nowrap\">5175<a name=\"DkCoreProfessionGroupCodes-5175\"> </a></td><td>Jordemoder</td></tr><tr><td style=\"white-space:nowrap\">5265<a name=\"DkCoreProfessionGroupCodes-5265\"> </a></td><td>Kiropraktor</td></tr><tr><td style=\"white-space:nowrap\">5451<a name=\"DkCoreProfessionGroupCodes-5451\"> </a></td><td>Klinisk diætist</td></tr><tr><td style=\"white-space:nowrap\">5432<a name=\"DkCoreProfessionGroupCodes-5432\"> </a></td><td>Klinisk tandtekniker</td></tr><tr><td style=\"white-space:nowrap\">5176a<a name=\"DkCoreProfessionGroupCodes-5176a\"> </a></td><td>Kontaktlinseoptiker</td></tr><tr><td style=\"white-space:nowrap\">7170<a name=\"DkCoreProfessionGroupCodes-7170\"> </a></td><td>Læge</td></tr><tr><td style=\"white-space:nowrap\">4498<a name=\"DkCoreProfessionGroupCodes-4498\"> </a></td><td>Optiker</td></tr><tr><td style=\"white-space:nowrap\">5176b<a name=\"DkCoreProfessionGroupCodes-5176b\"> </a></td><td>Optometrist</td></tr><tr><td style=\"white-space:nowrap\">A511<a name=\"DkCoreProfessionGroupCodes-A511\"> </a></td><td>Osteopat</td></tr><tr><td style=\"white-space:nowrap\">5158<a name=\"DkCoreProfessionGroupCodes-5158\"> </a></td><td>Radiograf</td></tr><tr><td style=\"white-space:nowrap\">5152<a name=\"DkCoreProfessionGroupCodes-5152\"> </a></td><td>Social- og sundhedsassistent</td></tr><tr><td style=\"white-space:nowrap\">5166<a name=\"DkCoreProfessionGroupCodes-5166\"> </a></td><td>Sygeplejerske</td></tr><tr><td style=\"white-space:nowrap\">5433<a name=\"DkCoreProfessionGroupCodes-5433\"> </a></td><td>Tandlæge</td></tr><tr><td style=\"white-space:nowrap\">5431<a name=\"DkCoreProfessionGroupCodes-5431\"> </a></td><td>Tandplejer</td></tr></table></div>"},"url":"http://hl7.dk/fhir/core/CodeSystem/DkCoreProfessionGroupCodes","version":"3.5.0","name":"DkCoreProfessionGroupCodes","title":"DK Profession Group Codes","status":"active","experimental":false,"date":"2025-12-19T17:27:08+01:00","publisher":"HL7 Denmark","contact":[{"name":"HL7 Denmark","telecom":[{"system":"url","value":"http://www.hl7.dk"},{"system":"email","value":"dk-affiliate@hl7.dk"}]}],"description":"DK health ProfessionGroup codes as defined by https://www.retsinformation.dk/eli/lta/2019/731, and derived from http://autregwebservice.sst.dk/autregservice.asmx/GetAllProfessionGroups. Code (5176) was not uniqe, and have been converted to 5176a and 5176b","jurisdiction":[{"coding":[{"system":"urn:iso:std:iso:3166","code":"DK","display":"Denmark"}]}],"caseSensitive":false,"content":"complete","count":21,"concept":[{"code":"C511","display":"Ambulancebehandler","designation":[{"use":{"system":"http://terminology.hl7.org/CodeSystem/hl7TermMaintInfra","code":"preferredForLanguage"},"value":"Ambulancebehandler"}]},{"code":"9495","display":"Bandagist","designation":[{"use":{"system":"http://terminology.hl7.org/CodeSystem/hl7TermMaintInfra","code":"preferredForLanguage"},"value":"Bandagist"}]},{"code":"B511","display":"Behandlerfarmaceut","designation":[{"use":{"system":"http://terminology.hl7.org/CodeSystem/hl7TermMaintInfra","code":"preferredForLanguage"},"value":"Behandlerfarmaceut"}]},{"code":"5159","display":"Bioanalytiker","designation":[{"use":{"system":"http://terminology.hl7.org/CodeSystem/hl7TermMaintInfra","code":"preferredForLanguage"},"value":"Bioanalytiker"}]},{"code":"5153","display":"Ergoterapeut","designation":[{"use":{"system":"http://terminology.hl7.org/CodeSystem/hl7TermMaintInfra","code":"preferredForLanguage"},"value":"Ergoterapeut"}]},{"code":"5155","display":"Fodterapeut","designation":[{"use":{"system":"http://terminology.hl7.org/CodeSystem/hl7TermMaintInfra","code":"preferredForLanguage"},"value":"Fodterapeut"}]},{"code":"5151","display":"Fysioterapeut","designation":[{"use":{"system":"http://terminology.hl7.org/CodeSystem/hl7TermMaintInfra","code":"preferredForLanguage"},"value":"Fysioterapeut"}]},{"code":"5175","display":"Jordemoder","designation":[{"use":{"system":"http://terminology.hl7.org/CodeSystem/hl7TermMaintInfra","code":"preferredForLanguage"},"value":"Jordemoder"}]},{"code":"5265","display":"Kiropraktor","designation":[{"use":{"system":"http://terminology.hl7.org/CodeSystem/hl7TermMaintInfra","code":"preferredForLanguage"},"value":"Kiropraktor"}]},{"code":"5451","display":"Klinisk diætist","designation":[{"use":{"system":"http://terminology.hl7.org/CodeSystem/hl7TermMaintInfra","code":"preferredForLanguage"},"value":"Klinisk diætist"}]},{"code":"5432","display":"Klinisk tandtekniker","designation":[{"use":{"system":"http://terminology.hl7.org/CodeSystem/hl7TermMaintInfra","code":"preferredForLanguage"},"value":"Klinisk tandtekniker"}]},{"code":"5176a","display":"Kontaktlinseoptiker","designation":[{"use":{"system":"http://terminology.hl7.org/CodeSystem/hl7TermMaintInfra","code":"preferredForLanguage"},"value":"Kontaktlinseoptiker"}]},{"code":"7170","display":"Læge","designation":[{"use":{"system":"http://terminology.hl7.org/CodeSystem/hl7TermMaintInfra","code":"preferredForLanguage"},"value":"Læge"}]},{"code":"4498","display":"Optiker","designation":[{"use":{"system":"http://terminology.hl7.org/CodeSystem/hl7TermMaintInfra","code":"preferredForLanguage"},"value":"Optiker"}]},{"code":"5176b","display":"Optometrist","designation":[{"use":{"system":"http://terminology.hl7.org/CodeSystem/hl7TermMaintInfra","code":"preferredForLanguage"},"value":"Optometrist"}]},{"code":"A511","display":"Osteopat","designation":[{"use":{"system":"http://terminology.hl7.org/CodeSystem/hl7TermMaintInfra","code":"preferredForLanguage"},"value":"Osteopat"}]},{"code":"5158","display":"Radiograf","designation":[{"use":{"system":"http://terminology.hl7.org/CodeSystem/hl7TermMaintInfra","code":"preferredForLanguage"},"value":"Radiograf"}]},{"code":"5152","display":"Social- og sundhedsassistent","designation":[{"use":{"system":"http://terminology.hl7.org/CodeSystem/hl7TermMaintInfra","code":"preferredForLanguage"},"value":"Social- og sundhedsassistent"}]},{"code":"5166","display":"Sygeplejerske","designation":[{"use":{"system":"http://terminology.hl7.org/CodeSystem/hl7TermMaintInfra","code":"preferredForLanguage"},"value":"Sygeplejerske"}]},{"code":"5433","display":"Tandlæge","designation":[{"use":{"system":"http://terminology.hl7.org/CodeSystem/hl7TermMaintInfra","code":"preferredForLanguage"},"value":"Tandlæge"}]},{"code":"5431","display":"Tandplejer","designation":[{"use":{"system":"http://terminology.hl7.org/CodeSystem/hl7TermMaintInfra","code":"preferredForLanguage"},"value":"Tandplejer"}]}]}