{"resourceType":"CodeSystem","id":"publication-status-dk-supplement","text":{"status":"generated","div":"<div xmlns=\"http://www.w3.org/1999/xhtml\"><p class=\"res-header-id\"><b>Generated Narrative: CodeSystem publication-status-dk-supplement</b></p><a name=\"publication-status-dk-supplement\"> </a><a name=\"hcpublication-status-dk-supplement\"> </a><p>This code system supplement <code>http://hl7.dk/fhir/core/CodeSystem/publication-status-dk-supplement</code> defines displays on the following codes:</p><table class=\"codes\"><tr><td style=\"white-space:nowrap\"><b>Code</b></td></tr><tr><td><a style=\"white-space:nowrap\" href=\"http://hl7.org/fhir/R4/codesystem-publication-status.html#publication-status-draft\">draft</a><a name=\"publication-status-dk-supplement-draft\"> </a></td></tr><tr><td><a style=\"white-space:nowrap\" href=\"http://hl7.org/fhir/R4/codesystem-publication-status.html#publication-status-active\">active</a><a name=\"publication-status-dk-supplement-active\"> </a></td></tr><tr><td><a style=\"white-space:nowrap\" href=\"http://hl7.org/fhir/R4/codesystem-publication-status.html#publication-status-retired\">retired</a><a name=\"publication-status-dk-supplement-retired\"> </a></td></tr><tr><td><a style=\"white-space:nowrap\" href=\"http://hl7.org/fhir/R4/codesystem-publication-status.html#publication-status-unknown\">unknown</a><a name=\"publication-status-dk-supplement-unknown\"> </a></td></tr></table><p><b>Additional Language Displays</b></p><table class=\"codes\"><tr><td><b>Code</b></td><td><b>Dansk (Danish, da)</b></td><td><b>Nederlands (Dutch, nl)</b></td><td><b>Русский (Russian, ru)</b></td></tr><tr><td>draft</td><td>Udkast</td><td>ontwerp</td><td>черновик</td></tr><tr><td>active</td><td>Aktiv</td><td>actief</td><td>активный</td></tr><tr><td>retired</td><td>Udgået</td><td>verouderd</td><td>удалён</td></tr><tr><td>unknown</td><td>Ukendt</td><td></td><td></td></tr></table></div>"},"url":"http://hl7.dk/fhir/core/CodeSystem/publication-status-dk-supplement","version":"3.5.0","name":"PublicationStatus","title":"DK Publication Status","status":"active","experimental":false,"date":"2025-12-19T17:27:08+01:00","publisher":"HL7 Denmark","contact":[{"name":"HL7 Denmark","telecom":[{"system":"url","value":"http://www.hl7.dk"},{"system":"email","value":"dk-affiliate@hl7.dk"}]}],"description":"The lifecycle status of a Value Set or Concept Map.","jurisdiction":[{"coding":[{"system":"urn:iso:std:iso:3166","code":"DK","display":"Denmark"}]}],"content":"supplement","supplements":"http://hl7.org/fhir/publication-status","concept":[{"code":"draft","designation":[{"language":"ru","value":"черновик"},{"language":"nl","value":"ontwerp"},{"language":"da","use":{"system":"http://snomed.info/sct","version":"http://snomed.info/sct/554471000005108","code":"900000000000013009"},"value":"Udkast"}]},{"code":"active","designation":[{"language":"ru","value":"активный"},{"language":"nl","value":"actief"},{"language":"da","use":{"system":"http://snomed.info/sct","version":"http://snomed.info/sct/554471000005108","code":"900000000000013009"},"value":"Aktiv"}]},{"code":"retired","designation":[{"language":"ru","value":"удалён"},{"language":"nl","value":"verouderd"},{"language":"da","use":{"system":"http://snomed.info/sct","version":"http://snomed.info/sct/554471000005108","code":"900000000000013009"},"value":"Udgået"}]},{"code":"unknown","designation":[{"language":"da","use":{"system":"http://snomed.info/sct","version":"http://snomed.info/sct/554471000005108","code":"900000000000013009"},"value":"Ukendt"}]}]}