{"resourceType":"CodeSystem","id":"role-code-dk-supplement","text":{"status":"generated","div":"<div xmlns=\"http://www.w3.org/1999/xhtml\"><p class=\"res-header-id\"><b>Generated Narrative: CodeSystem role-code-dk-supplement</b></p><a name=\"role-code-dk-supplement\"> </a><a name=\"hcrole-code-dk-supplement\"> </a><a name=\"role-code-dk-supplement-da-DK\"> </a><p>This code system <code>http://hl7.dk/fhir/core/CodeSystem/role-code-dk-supplement</code> defines displays on the following codes:</p><table class=\"codes\"><tr><td style=\"white-space:nowrap\"><b>Code</b></td><td><b>Dansk (Danish, da)</b></td></tr><tr><td><a style=\"white-space:nowrap\" href=\"http://terminology.hl7.org/6.0.2/CodeSystem-v3-RoleCode.html#v3-RoleCode-FAMMEMB\">FAMMEMB</a><a name=\"role-code-dk-supplement-FAMMEMB\"> </a></td><td>Familiemedlem</td></tr><tr><td><a style=\"white-space:nowrap\" href=\"http://terminology.hl7.org/6.0.2/CodeSystem-v3-RoleCode.html#v3-RoleCode-CHILD\">CHILD</a><a name=\"role-code-dk-supplement-CHILD\"> </a></td><td>Barn</td></tr><tr><td><a style=\"white-space:nowrap\" href=\"http://terminology.hl7.org/6.0.2/CodeSystem-v3-RoleCode.html#v3-RoleCode-DAUC\">DAUC</a><a name=\"role-code-dk-supplement-DAUC\"> </a></td><td>Datter</td></tr><tr><td><a style=\"white-space:nowrap\" href=\"http://terminology.hl7.org/6.0.2/CodeSystem-v3-RoleCode.html#v3-RoleCode-SONC\">SONC</a><a name=\"role-code-dk-supplement-SONC\"> </a></td><td>Søn</td></tr><tr><td><a style=\"white-space:nowrap\" href=\"http://terminology.hl7.org/6.0.2/CodeSystem-v3-RoleCode.html#v3-RoleCode-GRNDCHILD\">GRNDCHILD</a><a name=\"role-code-dk-supplement-GRNDCHILD\"> </a></td><td>Barnebarn</td></tr><tr><td><a style=\"white-space:nowrap\" href=\"http://terminology.hl7.org/6.0.2/CodeSystem-v3-RoleCode.html#v3-RoleCode-CHLDINLAW\">CHLDINLAW</a><a name=\"role-code-dk-supplement-CHLDINLAW\"> </a></td><td>Svigerbarn</td></tr><tr><td><a style=\"white-space:nowrap\" href=\"http://terminology.hl7.org/6.0.2/CodeSystem-v3-RoleCode.html#v3-RoleCode-PRN\">PRN</a><a name=\"role-code-dk-supplement-PRN\"> </a></td><td>Forælder</td></tr><tr><td><a style=\"white-space:nowrap\" href=\"http://terminology.hl7.org/6.0.2/CodeSystem-v3-RoleCode.html#v3-RoleCode-FTH\">FTH</a><a name=\"role-code-dk-supplement-FTH\"> </a></td><td>Far</td></tr><tr><td><a style=\"white-space:nowrap\" href=\"http://terminology.hl7.org/6.0.2/CodeSystem-v3-RoleCode.html#v3-RoleCode-MTH\">MTH</a><a name=\"role-code-dk-supplement-MTH\"> </a></td><td>Mor</td></tr><tr><td><a style=\"white-space:nowrap\" href=\"http://terminology.hl7.org/6.0.2/CodeSystem-v3-RoleCode.html#v3-RoleCode-SIB\">SIB</a><a name=\"role-code-dk-supplement-SIB\"> </a></td><td>Søskende</td></tr><tr><td><a style=\"white-space:nowrap\" href=\"http://terminology.hl7.org/6.0.2/CodeSystem-v3-RoleCode.html#v3-RoleCode-DOMPART\">DOMPART</a><a name=\"role-code-dk-supplement-DOMPART\"> </a></td><td>Registreret partner</td></tr><tr><td><a style=\"white-space:nowrap\" href=\"http://terminology.hl7.org/6.0.2/CodeSystem-v3-RoleCode.html#v3-RoleCode-SPS\">SPS</a><a name=\"role-code-dk-supplement-SPS\"> </a></td><td>Ægtefælle</td></tr><tr><td><a style=\"white-space:nowrap\" href=\"http://terminology.hl7.org/6.0.2/CodeSystem-v3-RoleCode.html#v3-RoleCode-FRND\">FRND</a><a name=\"role-code-dk-supplement-FRND\"> </a></td><td>Ven (ikke-beslægtet)</td></tr><tr><td><a style=\"white-space:nowrap\" href=\"http://terminology.hl7.org/6.0.2/CodeSystem-v3-RoleCode.html#v3-RoleCode-NBOR\">NBOR</a><a name=\"role-code-dk-supplement-NBOR\"> </a></td><td>Nabo</td></tr><tr><td><a style=\"white-space:nowrap\" href=\"http://terminology.hl7.org/6.0.2/CodeSystem-v3-RoleCode.html#v3-RoleCode-ROOM\">ROOM</a><a name=\"role-code-dk-supplement-ROOM\"> </a></td><td>Samboende</td></tr><tr><td><a style=\"white-space:nowrap\" href=\"http://terminology.hl7.org/6.0.2/CodeSystem-v3-RoleCode.html#v3-RoleCode-GUARD\">GUARD</a><a name=\"role-code-dk-supplement-GUARD\"> </a></td><td>Værge</td></tr><tr><td><a style=\"white-space:nowrap\" href=\"http://terminology.hl7.org/6.0.2/CodeSystem-v3-RoleCode.html#v3-RoleCode-NOK\">NOK</a><a name=\"role-code-dk-supplement-NOK\"> </a></td><td>Pårørende</td></tr><tr><td><a style=\"white-space:nowrap\" href=\"http://terminology.hl7.org/6.0.2/CodeSystem-v3-RoleCode.html#v3-RoleCode-POWATT\">POWATT</a><a name=\"role-code-dk-supplement-POWATT\"> </a></td><td>Fuldmagtshaver</td></tr><tr><td><a style=\"white-space:nowrap\" href=\"http://terminology.hl7.org/6.0.2/CodeSystem-v3-RoleCode.html#v3-RoleCode-ECON\">ECON</a><a name=\"role-code-dk-supplement-ECON\"> </a></td><td>Primær kontakt</td></tr></table></div>"},"url":"http://hl7.dk/fhir/core/CodeSystem/role-code-dk-supplement","version":"3.4.0","name":"RoleCodeDkSupplement","title":"DK Role Code","status":"active","experimental":false,"date":"2025-02-01T19:23:09+01:00","publisher":"HL7 Denmark","contact":[{"name":"HL7 Denmark","telecom":[{"system":"url","value":"http://www.hl7.dk"},{"system":"email","value":"jenskristianvilladsen@gmail.com"}]}],"description":"CodeSystem supplement with danish translations for RoleCode","jurisdiction":[{"coding":[{"system":"urn:iso:std:iso:3166","code":"DK","display":"Denmark"}]}],"content":"supplement","supplements":"http://terminology.hl7.org/CodeSystem/v3-RoleCode","concept":[{"code":"FAMMEMB","designation":[{"language":"da","value":"Familiemedlem"}]},{"code":"CHILD","designation":[{"language":"da","value":"Barn"}]},{"code":"DAUC","designation":[{"language":"da","value":"Datter"}]},{"code":"SONC","designation":[{"language":"da","value":"Søn"}]},{"code":"GRNDCHILD","designation":[{"language":"da","value":"Barnebarn"}]},{"code":"CHLDINLAW","designation":[{"language":"da","value":"Svigerbarn"}]},{"code":"PRN","designation":[{"language":"da","value":"Forælder"}]},{"code":"FTH","designation":[{"language":"da","value":"Far"}]},{"code":"MTH","designation":[{"language":"da","value":"Mor"}]},{"code":"SIB","designation":[{"language":"da","value":"Søskende"}]},{"code":"DOMPART","designation":[{"language":"da","value":"Registreret partner"}]},{"code":"SPS","designation":[{"language":"da","value":"Ægtefælle"}]},{"code":"FRND","designation":[{"language":"da","value":"Ven (ikke-beslægtet)"}]},{"code":"NBOR","designation":[{"language":"da","value":"Nabo"}]},{"code":"ROOM","designation":[{"language":"da","value":"Samboende"}]},{"code":"GUARD","designation":[{"language":"da","value":"Værge"}]},{"code":"NOK","designation":[{"language":"da","value":"Pårørende"}]},{"code":"POWATT","designation":[{"language":"da","value":"Fuldmagtshaver"}]},{"code":"ECON","designation":[{"language":"da","value":"Primær kontakt"}]}]}