{"resourceType":"ValueSet","id":"dk-core-RegionalSubDivisionCodes","text":{"status":"generated","div":"<div xmlns=\"http://www.w3.org/1999/xhtml\"><p class=\"res-header-id\"><b>Generated Narrative: ValueSet dk-core-RegionalSubDivisionCodes</b></p><a name=\"dk-core-RegionalSubDivisionCodes\"> </a><a name=\"hcdk-core-RegionalSubDivisionCodes\"> </a><a name=\"dk-core-RegionalSubDivisionCodes-da-DK\"> </a><ul><li>Include all codes defined in <a href=\"CodeSystem-dk-core-regional-subdivision-codes.html\"><code>http://hl7.dk/fhir/core/CodeSystem/dk-core-regional-subdivision-codes</code></a></li></ul></div>"},"url":"http://hl7.dk/fhir/core/ValueSet/dk-core-RegionalSubDivisionCodes","version":"3.4.0","name":"RegionalSubdivisionCodes","title":"DK Regional Subdivision Codes","status":"active","experimental":false,"date":"2025-02-01T19:23:09+01:00","publisher":"HL7 Denmark","contact":[{"name":"HL7 Denmark","telecom":[{"system":"url","value":"http://www.hl7.dk"},{"system":"email","value":"jenskristianvilladsen@gmail.com"}]}],"description":"Subdivision codes (Regional codes) used in Denmark","jurisdiction":[{"coding":[{"system":"urn:iso:std:iso:3166","code":"DK","display":"Denmark"}]}],"compose":{"include":[{"system":"http://hl7.dk/fhir/core/CodeSystem/dk-core-regional-subdivision-codes"}]}}