{"resourceType":"ValueSet","id":"dk-core-TechniquesSCTCodes","text":{"status":"generated","div":"<div xmlns=\"http://www.w3.org/1999/xhtml\"><p class=\"res-header-id\"><b>Generated Narrative: ValueSet dk-core-TechniquesSCTCodes</b></p><a name=\"dk-core-TechniquesSCTCodes\"> </a><a name=\"hcdk-core-TechniquesSCTCodes\"> </a><ul><li>Include these codes as defined in <a href=\"http://www.snomed.org/\"><code>http://snomed.info/sct</code></a><span title=\"Version is explicitly stated to be http://snomed.info/sct/554471000005108\"> version &#x1F4CD;</span><table class=\"none\"><tr><td style=\"white-space:nowrap\"><b>Code</b></td><td><b>Display</b></td></tr><tr><td><a href=\"http://snomed.info/id/761996005\">761996005</a></td><td style=\"color: #cccccc\">Estimation technique (qualifier value)</td></tr><tr><td><a href=\"http://snomed.info/id/733985002\">733985002</a></td><td style=\"color: #cccccc\">Reported</td></tr><tr><td><a href=\"http://snomed.info/id/272391002\">272391002</a></td><td style=\"color: #cccccc\">måling</td></tr></table></li></ul></div>"},"url":"http://hl7.dk/fhir/core/ValueSet/dk-core-TechniquesSCTCodes","version":"3.5.0","name":"TechniquesSCTCodes","title":"DK TechniquesSCTCodes","status":"active","experimental":false,"date":"2025-12-19T17:27:08+01:00","publisher":"HL7 Denmark","contact":[{"name":"HL7 Denmark","telecom":[{"system":"url","value":"http://www.hl7.dk"},{"system":"email","value":"dk-affiliate@hl7.dk"}]}],"description":"SNOMED CT Codes for the technique used when obtaining an observation","jurisdiction":[{"coding":[{"system":"urn:iso:std:iso:3166","code":"DK","display":"Denmark"}]}],"copyright":"This value set includes content from SNOMED CT, which is copyright © 2002+ International Health Terminology Standards Development Organisation (IHTSDO), and distributed by agreement between IHTSDO and HL7. Implementer use of SNOMED CT is not covered by this agreement","compose":{"include":[{"system":"http://snomed.info/sct","version":"http://snomed.info/sct/554471000005108","concept":[{"code":"761996005"},{"code":"733985002"},{"code":"272391002"}]}]}}