{"resourceType":"ValueSet","id":"sor-organization-type","text":{"status":"generated","div":"<div xmlns=\"http://www.w3.org/1999/xhtml\"><p>This value set includes codes based on the following rules:</p><ul><li>Include these codes as defined in <a href=\"http://www.snomed.org/\"><code>http://snomed.info/sct</code></a> version <code>http://snomed.info/sct/554471000005108</code><table class=\"none\"><tr><td style=\"white-space:nowrap\"><b>Code</b></td><td><b>Display</b></td><td><b>English (United States) (English (United States), en)</b></td></tr><tr><td><a href=\"http://snomed.info/id/554221000005108\">554221000005108</a></td><td>Dwilling place</td><td>Dwilling place</td></tr><tr><td><a href=\"http://snomed.info/id/546821000005103\">546821000005103</a></td><td>Occupational therapy clinic</td><td>Occupational therapy clinic</td></tr><tr><td><a href=\"http://snomed.info/id/547011000005103\">547011000005103</a></td><td>Physiotherapy clinic</td><td>Physiotherapy clinic</td></tr><tr><td><a href=\"http://snomed.info/id/546811000005109\">546811000005109</a></td><td>Rehabilitation center</td><td>Rehabilitation center</td></tr><tr><td><a href=\"http://snomed.info/id/550621000005101\">550621000005101</a></td><td>District nursing</td><td>District nursing</td></tr><tr><td><a href=\"http://snomed.info/id/550631000005103\">550631000005103</a></td><td>Midwife clinic</td><td>Midwife clinic</td></tr><tr><td><a href=\"http://snomed.info/id/550641000005106\">550641000005106</a></td><td>Chiropractic clinic</td><td>Chiropractic clinic</td></tr><tr><td><a href=\"http://snomed.info/id/550651000005108\">550651000005108</a></td><td>Medical laboratory</td><td>Medical laboratory</td></tr><tr><td><a href=\"http://snomed.info/id/550661000005105\">550661000005105</a></td><td>Emergency medical service</td><td>Emergency medical service</td></tr><tr><td><a href=\"http://snomed.info/id/554211000005102\">554211000005102</a></td><td>Prehospital unit</td><td>Prehospital unit</td></tr><tr><td><a href=\"http://snomed.info/id/550711000005101\">550711000005101</a></td><td>Psychological counseling clinic</td><td>Psychological counseling clinic</td></tr><tr><td><a href=\"http://snomed.info/id/550671000005100\">550671000005100</a></td><td>Medical specialist practice site</td><td>Medical specialist practice site</td></tr><tr><td><a href=\"http://snomed.info/id/554061000005105\">554061000005105</a></td><td>Chiropodist clinic</td><td>Chiropodist clinic</td></tr><tr><td><a href=\"http://snomed.info/id/554041000005106\">554041000005106</a></td><td>Health administration</td><td>Health administration</td></tr><tr><td><a href=\"http://snomed.info/id/554021000005101\">554021000005101</a></td><td>Health visitors</td><td>Health visitors</td></tr><tr><td><a href=\"http://snomed.info/id/550681000005102\">550681000005102</a></td><td>dental practice</td><td>Dental practice</td></tr><tr><td><a href=\"http://snomed.info/id/550691000005104\">550691000005104</a></td><td>Dental care clinic</td><td>Dental care clinic</td></tr><tr><td><a href=\"http://snomed.info/id/550701000005104\">550701000005104</a></td><td>Dental technician clinic</td><td>Dental technician clinic</td></tr><tr><td><a href=\"http://snomed.info/id/554231000005106\">554231000005106</a></td><td>Vaccination clinic</td><td>Vaccination clinic</td></tr><tr><td><a href=\"http://snomed.info/id/554051000005108\">554051000005108</a></td><td>Reflexology clinic</td><td>Reflexology clinic</td></tr><tr><td><a href=\"http://snomed.info/id/550811000005108\">550811000005108</a></td><td>Administrative unit</td><td>Administrative unit</td></tr><tr><td><a href=\"http://snomed.info/id/547211000005108\">547211000005108</a></td><td>Municipality</td><td>Municipality</td></tr><tr><td><a href=\"http://snomed.info/id/550891000005100\">550891000005100</a></td><td>Private</td><td>Private</td></tr><tr><td><a href=\"http://snomed.info/id/550881000005103\">550881000005103</a></td><td>Region</td><td>Region</td></tr><tr><td><a href=\"http://snomed.info/id/550411000005105\">550411000005105</a></td><td>Other health institution</td><td>Other health institution</td></tr><tr><td><a href=\"http://snomed.info/id/554851000005102\">554851000005102</a></td><td>Asylum centre</td><td>Asylum centre</td></tr><tr><td><a href=\"http://snomed.info/id/550861000005106\">550861000005106</a></td><td>Physiotherapy and occupational clinic</td><td>Physiotherapy and occupational clinic</td></tr><tr><td><a href=\"http://snomed.info/id/554881000005108\">554881000005108</a></td><td>Handicap and psychiatry</td><td>Handicap and psychiatry</td></tr><tr><td><a href=\"http://snomed.info/id/554861000005100\">554861000005100</a></td><td>Handicap</td><td>Handicap</td></tr><tr><td><a href=\"http://snomed.info/id/554821000005109\">554821000005109</a></td><td>Home care</td><td>Home care</td></tr><tr><td><a href=\"http://snomed.info/id/554411000005101\">554411000005101</a></td><td>Employment agency</td><td>Employment agency</td></tr><tr><td><a href=\"http://snomed.info/id/554871000005105\">554871000005105</a></td><td>Psychiatry</td><td>Psychiatry</td></tr><tr><td><a href=\"http://snomed.info/id/550821000005102\">550821000005102</a></td><td>Service unit</td><td>Service unit</td></tr><tr><td><a href=\"http://snomed.info/id/550871000005101\">550871000005101</a></td><td>Emergency admission unit</td><td>Emergency admission unit</td></tr><tr><td><a href=\"http://snomed.info/id/554241000005103\">554241000005103</a></td><td>Technical location number</td><td>Technical location number</td></tr><tr><td><a href=\"http://snomed.info/id/550841000005107\">550841000005107</a></td><td>Research unit</td><td>Research unit</td></tr><tr><td><a href=\"http://snomed.info/id/550851000005109\">550851000005109</a></td><td>Clinical unit</td><td>Clinical unit</td></tr><tr><td><a href=\"http://snomed.info/id/551611000005102\">551611000005102</a></td><td>Surgical ward</td><td>Surgical ward</td></tr><tr><td><a href=\"http://snomed.info/id/554071000005100\">554071000005100</a></td><td>Hospital pharmacy</td><td>Hospital pharmacy</td></tr><tr><td><a href=\"http://snomed.info/id/550831000005104\">550831000005104</a></td><td>Education unit</td><td>Education unit</td></tr><tr><td><a href=\"http://snomed.info/id/554031000005103\">554031000005103</a></td><td>dietician clinic</td><td>Dietician clinic</td></tr><tr><td><a href=\"http://snomed.info/id/557511000005107\">557511000005107</a></td><td>Acupuncture clinic</td><td>Acupuncture clinic</td></tr><tr><td><a href=\"http://snomed.info/id/557501000005109\">557501000005109</a></td><td>Pharmacy branch</td><td>Pharmacy branch</td></tr><tr><td><a href=\"http://snomed.info/id/557531000005103\">557531000005103</a></td><td>Prosthetist clinic</td><td>Prosthetist clinic</td></tr><tr><td><a href=\"http://snomed.info/id/557591000005104\">557591000005104</a></td><td>Web-based care</td><td>Web-based care</td></tr><tr><td><a href=\"http://snomed.info/id/557521000005101\">557521000005101</a></td><td>Alternative treatment clinic</td><td>Alternative treatment clinic</td></tr><tr><td><a href=\"http://snomed.info/id/557561000005105\">557561000005105</a></td><td>Consulting firm</td><td>Consulting firm</td></tr><tr><td><a href=\"http://snomed.info/id/557541000005106\">557541000005106</a></td><td>Cosmetic treatment clinic</td><td>Cosmetic treatment clinic</td></tr><tr><td><a href=\"http://snomed.info/id/557581000005102\">557581000005102</a></td><td>Optometrist or optician clinic</td><td>Optometrist or optician clinic</td></tr><tr><td><a href=\"http://snomed.info/id/556841000005105\">556841000005105</a></td><td>Social psychological counseling</td><td>Social psychological counseling</td></tr><tr><td><a href=\"http://snomed.info/id/557671000005101\">557671000005101</a></td><td>Osteopathy clinic</td><td>Osteopathy clinic</td></tr></table></li><li>Include these codes as defined in <a href=\"http://www.snomed.org/\"><code>http://snomed.info/sct</code></a><table class=\"none\"><tr><td style=\"white-space:nowrap\"><b>Code</b></td><td><b>Display</b></td><td><b>English (United States) (English (United States), en)</b></td></tr><tr><td><a href=\"http://snomed.info/id/398070004\">398070004</a></td><td>State</td><td>State</td></tr><tr><td><a href=\"http://snomed.info/id/394761003\">394761003</a></td><td>General practitioner practice site</td><td>General practitioner practice site</td></tr><tr><td><a href=\"http://snomed.info/id/20078004\">20078004</a></td><td>Substance abuse treatment center</td><td>Substance abuse treatment center</td></tr><tr><td><a href=\"http://snomed.info/id/722173008\">722173008</a></td><td>Prison based care site</td><td>Prison based care site</td></tr><tr><td><a href=\"http://snomed.info/id/702871004\">702871004</a></td><td>Infertility clinic</td><td>Infertility clinic</td></tr><tr><td><a href=\"http://snomed.info/id/276037005\">276037005</a></td><td>Volunteer helper</td><td>Volunteer helper</td></tr><tr><td><a href=\"http://snomed.info/id/22232009\">22232009</a></td><td>Hospital</td><td>Hospital</td></tr><tr><td><a href=\"http://snomed.info/id/702824005\">702824005</a></td><td>Audiology clinic</td><td>Audiology clinic</td></tr><tr><td><a href=\"http://snomed.info/id/42665001\">42665001</a></td><td>Nursing home</td><td>Nursing home</td></tr><tr><td><a href=\"http://snomed.info/id/264361005\">264361005</a></td><td>Health centre</td><td>Health centre</td></tr><tr><td><a href=\"http://snomed.info/id/703069008\">703069008</a></td><td>Nurse practitioner clinic</td><td>Nurse practitioner clinic</td></tr><tr><td><a href=\"http://snomed.info/id/309964003\">309964003</a></td><td>Radiology department</td><td>Radiology department</td></tr><tr><td><a href=\"http://snomed.info/id/309904001\">309904001</a></td><td>Intensive care unit</td><td>Intensive care unit</td></tr><tr><td><a href=\"http://snomed.info/id/309939001\">309939001</a></td><td>Palliative care department</td><td>Palliative care department</td></tr><tr><td><a href=\"http://snomed.info/id/225728007\">225728007</a></td><td>Accident and Emergency department</td><td>Accident and Emergency department</td></tr><tr><td><a href=\"http://snomed.info/id/255203001\">255203001</a></td><td>Additional values</td><td>Additional values</td></tr><tr><td><a href=\"http://snomed.info/id/264372000\">264372000</a></td><td>Pharmacy</td><td>Pharmacy</td></tr></table></li></ul></div>"},"url":"http://hl7.dk/fhir/core/ValueSet/sor-organization-type","version":"2.2.0","name":"SorOrganizationType","title":"DK SOR Organization Type","status":"active","experimental":false,"date":"2023-05-04T21:41:07+02:00","publisher":"HL7 Denmark","contact":[{"name":"HL7 Denmark","telecom":[{"system":"url","value":"http://www.hl7.dk"},{"system":"email","value":"jenskristianvilladsen@gmail.com"}]}],"description":"Value set used for indicating the organization type for organizations from SOR","jurisdiction":[{"coding":[{"system":"urn:iso:std:iso:3166","code":"DK","display":"Denmark"}]}],"copyright":"This value set includes content from SNOMED CT, which is copyright © 2002+ International Health Terminology Standards Development Organisation (IHTSDO), and distributed by agreement between IHTSDO and HL7. Implementer use of SNOMED CT is not covered by this agreement","compose":{"include":[{"system":"http://snomed.info/sct","version":"http://snomed.info/sct/554471000005108","concept":[{"code":"554221000005108","display":"Dwilling place","designation":[{"language":"en-US","value":"Dwilling place"}]},{"code":"546821000005103","display":"Occupational therapy clinic","designation":[{"language":"en-US","value":"Occupational therapy clinic"}]},{"code":"547011000005103","display":"Physiotherapy clinic","designation":[{"language":"en-US","value":"Physiotherapy clinic"}]},{"code":"546811000005109","display":"Rehabilitation center","designation":[{"language":"en-US","value":"Rehabilitation center"}]},{"code":"550621000005101","display":"District nursing","designation":[{"language":"en-US","value":"District nursing"}]},{"code":"550631000005103","display":"Midwife clinic","designation":[{"language":"en-US","value":"Midwife clinic"}]},{"code":"550641000005106","display":"Chiropractic clinic","designation":[{"language":"en-US","value":"Chiropractic clinic"}]},{"code":"550651000005108","display":"Medical laboratory","designation":[{"language":"en-US","value":"Medical laboratory"}]},{"code":"550661000005105","display":"Emergency medical service","designation":[{"language":"en-US","value":"Emergency medical service"}]},{"code":"554211000005102","display":"Prehospital unit","designation":[{"language":"en-US","value":"Prehospital unit"}]},{"code":"550711000005101","display":"Psychological counseling clinic","designation":[{"language":"en-US","value":"Psychological counseling clinic"}]},{"code":"550671000005100","display":"Medical specialist practice site","designation":[{"language":"en-US","value":"Medical specialist practice site"}]},{"code":"554061000005105","display":"Chiropodist clinic","designation":[{"language":"en-US","value":"Chiropodist clinic"}]},{"code":"554041000005106","display":"Health administration","designation":[{"language":"en-US","value":"Health administration"}]},{"code":"554021000005101","display":"Health visitors","designation":[{"language":"en-US","value":"Health visitors"}]},{"code":"550681000005102","display":"dental practice","designation":[{"language":"en-US","value":"Dental practice"}]},{"code":"550691000005104","display":"Dental care clinic","designation":[{"language":"en-US","value":"Dental care clinic"}]},{"code":"550701000005104","display":"Dental technician clinic","designation":[{"language":"en-US","value":"Dental technician clinic"}]},{"code":"554231000005106","display":"Vaccination clinic","designation":[{"language":"en-US","value":"Vaccination clinic"}]},{"code":"554051000005108","display":"Reflexology clinic","designation":[{"language":"en-US","value":"Reflexology clinic"}]},{"code":"550811000005108","display":"Administrative unit","designation":[{"language":"en-US","value":"Administrative unit"}]},{"code":"547211000005108","display":"Municipality","designation":[{"language":"en-US","value":"Municipality"}]},{"code":"550891000005100","display":"Private","designation":[{"language":"en-US","value":"Private"}]},{"code":"550881000005103","display":"Region","designation":[{"language":"en-US","value":"Region"}]},{"code":"550411000005105","display":"Other health institution","designation":[{"language":"en-US","value":"Other health institution"}]},{"code":"554851000005102","display":"Asylum centre","designation":[{"language":"en-US","value":"Asylum centre"}]},{"code":"550861000005106","display":"Physiotherapy and occupational clinic","designation":[{"language":"en-US","value":"Physiotherapy and occupational clinic"}]},{"code":"554881000005108","display":"Handicap and psychiatry","designation":[{"language":"en-US","value":"Handicap and psychiatry"}]},{"code":"554861000005100","display":"Handicap","designation":[{"language":"en-US","value":"Handicap"}]},{"code":"554821000005109","display":"Home care","designation":[{"language":"en-US","value":"Home care"}]},{"code":"554411000005101","display":"Employment agency","designation":[{"language":"en-US","value":"Employment agency"}]},{"code":"554871000005105","display":"Psychiatry","designation":[{"language":"en-US","value":"Psychiatry"}]},{"code":"550821000005102","display":"Service unit","designation":[{"language":"en-US","value":"Service unit"}]},{"code":"550871000005101","display":"Emergency admission unit","designation":[{"language":"en-US","value":"Emergency admission unit"}]},{"code":"554241000005103","display":"Technical location number","designation":[{"language":"en-US","value":"Technical location number"}]},{"code":"550841000005107","display":"Research unit","designation":[{"language":"en-US","value":"Research unit"}]},{"code":"550851000005109","display":"Clinical unit","designation":[{"language":"en-US","value":"Clinical unit"}]},{"code":"551611000005102","display":"Surgical ward","designation":[{"language":"en-US","value":"Surgical ward"}]},{"code":"554071000005100","display":"Hospital pharmacy","designation":[{"language":"en-US","value":"Hospital pharmacy"}]},{"code":"550831000005104","display":"Education unit","designation":[{"language":"en-US","value":"Education unit"}]},{"code":"554031000005103","display":"dietician clinic","designation":[{"language":"en-US","value":"Dietician clinic"}]},{"code":"557511000005107","display":"Acupuncture clinic","designation":[{"language":"en-US","value":"Acupuncture clinic"}]},{"code":"557501000005109","display":"Pharmacy branch","designation":[{"language":"en-US","value":"Pharmacy branch"}]},{"code":"557531000005103","display":"Prosthetist clinic","designation":[{"language":"en-US","value":"Prosthetist clinic"}]},{"code":"557591000005104","display":"Web-based care","designation":[{"language":"en-US","value":"Web-based care"}]},{"code":"557521000005101","display":"Alternative treatment clinic","designation":[{"language":"en-US","value":"Alternative treatment clinic"}]},{"code":"557561000005105","display":"Consulting firm","designation":[{"language":"en-US","value":"Consulting firm"}]},{"code":"557541000005106","display":"Cosmetic treatment clinic","designation":[{"language":"en-US","value":"Cosmetic treatment clinic"}]},{"code":"557581000005102","display":"Optometrist or optician clinic","designation":[{"language":"en-US","value":"Optometrist or optician clinic"}]},{"code":"556841000005105","display":"Social psychological counseling","designation":[{"language":"en-US","value":"Social psychological counseling"}]},{"code":"557671000005101","display":"Osteopathy clinic","designation":[{"language":"en-US","value":"Osteopathy clinic"}]}]},{"system":"http://snomed.info/sct","concept":[{"code":"398070004","display":"State","designation":[{"language":"en-US","value":"State"}]},{"code":"394761003","display":"General practitioner practice site","designation":[{"language":"en-US","value":"General practitioner practice site"}]},{"code":"20078004","display":"Substance abuse treatment center","designation":[{"language":"en-US","value":"Substance abuse treatment center"}]},{"code":"722173008","display":"Prison based care site","designation":[{"language":"en-US","value":"Prison based care site"}]},{"code":"702871004","display":"Infertility clinic","designation":[{"language":"en-US","value":"Infertility clinic"}]},{"code":"276037005","display":"Volunteer helper","designation":[{"language":"en-US","value":"Volunteer helper"}]},{"code":"22232009","display":"Hospital","designation":[{"language":"en-US","value":"Hospital"}]},{"code":"702824005","display":"Audiology clinic","designation":[{"language":"en-US","value":"Audiology clinic"}]},{"code":"42665001","display":"Nursing home","designation":[{"language":"en-US","value":"Nursing home"}]},{"code":"264361005","display":"Health centre","designation":[{"language":"en-US","value":"Health centre"}]},{"code":"703069008","display":"Nurse practitioner clinic","designation":[{"language":"en-US","value":"Nurse practitioner clinic"}]},{"code":"309964003","display":"Radiology department","designation":[{"language":"en-US","value":"Radiology department"}]},{"code":"309904001","display":"Intensive care unit","designation":[{"language":"en-US","value":"Intensive care unit"}]},{"code":"309939001","display":"Palliative care department","designation":[{"language":"en-US","value":"Palliative care department"}]},{"code":"225728007","display":"Accident and Emergency department","designation":[{"language":"en-US","value":"Accident and Emergency department"}]},{"code":"255203001","display":"Additional values","designation":[{"language":"en-US","value":"Additional values"}]},{"code":"264372000","display":"Pharmacy","designation":[{"language":"en-US","value":"Pharmacy"}]}]}]}}