{"resourceType":"ValueSet","id":"dk-core-practice-setting-code","text":{"status":"generated","div":"<div xmlns=\"http://www.w3.org/1999/xhtml\"><p class=\"res-header-id\"><b>Generated Narrative: ValueSet dk-core-practice-setting-code</b></p><a name=\"dk-core-practice-setting-code\"> </a><a name=\"hcdk-core-practice-setting-code\"> </a><ul><li>Include these codes as defined in <a href=\"http://www.snomed.org/\"><code>http://snomed.info/sct</code></a><span title=\"Version is explicitly stated to be http://snomed.info/sct/554471000005108\"> version &#x1F4CD;</span><table class=\"none\"><tr><td style=\"white-space:nowrap\"><b>Code</b></td><td><b>Display</b></td></tr><tr><td><a href=\"http://snomed.info/id/773568002\">773568002</a></td><td style=\"color: #cccccc\">akutmedicin</td></tr><tr><td><a href=\"http://snomed.info/id/408443003\">408443003</a></td><td style=\"color: #cccccc\">almen medicin</td></tr><tr><td><a href=\"http://snomed.info/id/394577000\">394577000</a></td><td style=\"color: #cccccc\">anæstesiologi</td></tr><tr><td><a href=\"http://snomed.info/id/394821009\">394821009</a></td><td style=\"color: #cccccc\">arbejdsmedicin</td></tr><tr><td><a href=\"http://snomed.info/id/394588006\">394588006</a></td><td style=\"color: #cccccc\">børne- og ungdomspsykiatri</td></tr><tr><td><a href=\"http://snomed.info/id/394582007\">394582007</a></td><td style=\"color: #cccccc\">dermato-venerologi</td></tr><tr><td><a href=\"http://snomed.info/id/394914008\">394914008</a></td><td style=\"color: #cccccc\">diagnostisk radiologi</td></tr><tr><td><a href=\"http://snomed.info/id/394583002\">394583002</a></td><td style=\"color: #cccccc\">endokrinologi</td></tr><tr><td><a href=\"http://snomed.info/id/394811001\">394811001</a></td><td style=\"color: #cccccc\">geriatri</td></tr><tr><td><a href=\"http://snomed.info/id/394585009\">394585009</a></td><td style=\"color: #cccccc\">gynækologi og obstetrik</td></tr><tr><td><a href=\"http://snomed.info/id/408472002\">408472002</a></td><td style=\"color: #cccccc\">hepatologi</td></tr><tr><td><a href=\"http://snomed.info/id/394803006\">394803006</a></td><td style=\"color: #cccccc\">hæmatologi</td></tr><tr><td><a href=\"http://snomed.info/id/394807007\">394807007</a></td><td style=\"color: #cccccc\">infektionsmedicin</td></tr><tr><td><a href=\"http://snomed.info/id/419192003\">419192003</a></td><td style=\"color: #cccccc\">intern medicin</td></tr><tr><td><a href=\"http://snomed.info/id/394579002\">394579002</a></td><td style=\"color: #cccccc\">kardiologi</td></tr><tr><td><a href=\"http://snomed.info/id/408463005\">408463005</a></td><td style=\"color: #cccccc\">karkirurgi</td></tr><tr><td><a href=\"http://snomed.info/id/394609007\">394609007</a></td><td style=\"color: #cccccc\">kirurgi</td></tr><tr><td><a href=\"http://snomed.info/id/551411000005104\">551411000005104</a></td><td style=\"color: #cccccc\">kirurgisk gastroenterologi</td></tr><tr><td><a href=\"http://snomed.info/id/394596001\">394596001</a></td><td style=\"color: #cccccc\">klinisk biokemi</td></tr><tr><td><a href=\"http://snomed.info/id/394600006\">394600006</a></td><td style=\"color: #cccccc\">klinisk farmakologi</td></tr><tr><td><a href=\"http://snomed.info/id/394601005\">394601005</a></td><td style=\"color: #cccccc\">klinisk fysiologi og nuklearmedicin</td></tr><tr><td><a href=\"http://snomed.info/id/394580004\">394580004</a></td><td style=\"color: #cccccc\">klinisk genetik</td></tr><tr><td><a href=\"http://snomed.info/id/421661004\">421661004</a></td><td style=\"color: #cccccc\">blodbanks- og transfusionsmedicin, speciale</td></tr><tr><td><a href=\"http://snomed.info/id/408454008\">408454008</a></td><td style=\"color: #cccccc\">klinisk mikrobiologi</td></tr><tr><td><a href=\"http://snomed.info/id/394809005\">394809005</a></td><td style=\"color: #cccccc\">klinisk neurofysiologi</td></tr><tr><td><a href=\"http://snomed.info/id/394592004\">394592004</a></td><td style=\"color: #cccccc\">klinisk onkologi</td></tr><tr><td><a href=\"http://snomed.info/id/418112009\">418112009</a></td><td style=\"color: #cccccc\">lungemedicin</td></tr><tr><td><a href=\"http://snomed.info/id/394805004\">394805004</a></td><td style=\"color: #cccccc\">medicinsk allergologi</td></tr><tr><td><a href=\"http://snomed.info/id/394584008\">394584008</a></td><td style=\"color: #cccccc\">medicinsk gastroenterologi</td></tr><tr><td><a href=\"http://snomed.info/id/394589003\">394589003</a></td><td style=\"color: #cccccc\">nefrologi</td></tr><tr><td><a href=\"http://snomed.info/id/394610002\">394610002</a></td><td style=\"color: #cccccc\">neurokirurgi</td></tr><tr><td><a href=\"http://snomed.info/id/394591006\">394591006</a></td><td style=\"color: #cccccc\">neurologi</td></tr><tr><td><a href=\"http://snomed.info/id/394812008\">394812008</a></td><td style=\"color: #cccccc\">Dental medicine specialties (qualifier value)</td></tr><tr><td><a href=\"http://snomed.info/id/394594003\">394594003</a></td><td style=\"color: #cccccc\">oftalmologi</td></tr><tr><td><a href=\"http://snomed.info/id/394608004\">394608004</a></td><td style=\"color: #cccccc\">ortodontologi</td></tr><tr><td><a href=\"http://snomed.info/id/394801008\">394801008</a></td><td style=\"color: #cccccc\">ortopædisk kirurgi</td></tr><tr><td><a href=\"http://snomed.info/id/394604002\">394604002</a></td><td style=\"color: #cccccc\">oto-rhino-laryngologi</td></tr><tr><td><a href=\"http://snomed.info/id/394915009\">394915009</a></td><td style=\"color: #cccccc\">patologisk anatomi og cytologi</td></tr><tr><td><a href=\"http://snomed.info/id/394611003\">394611003</a></td><td style=\"color: #cccccc\">plastik kirurgi</td></tr><tr><td><a href=\"http://snomed.info/id/394587001\">394587001</a></td><td style=\"color: #cccccc\">psykiatri</td></tr><tr><td><a href=\"http://snomed.info/id/394537008\">394537008</a></td><td style=\"color: #cccccc\">pædiatri</td></tr><tr><td><a href=\"http://snomed.info/id/394810000\">394810000</a></td><td style=\"color: #cccccc\">reumatologi</td></tr><tr><td><a href=\"http://snomed.info/id/394581000\">394581000</a></td><td style=\"color: #cccccc\">samfundsmedicin</td></tr><tr><td><a href=\"http://snomed.info/id/394605001\">394605001</a></td><td style=\"color: #cccccc\">oralkirurgi</td></tr><tr><td><a href=\"http://snomed.info/id/394603008\">394603008</a></td><td style=\"color: #cccccc\">thoraxkirurgi</td></tr><tr><td><a href=\"http://snomed.info/id/408448007\">408448007</a></td><td style=\"color: #cccccc\">tropemedicin</td></tr><tr><td><a href=\"http://snomed.info/id/394612005\">394612005</a></td><td style=\"color: #cccccc\">urologi</td></tr><tr><td><a href=\"http://snomed.info/id/658171000005102\">658171000005102</a></td><td style=\"color: #cccccc\">Home care services (qualifier value)</td></tr><tr><td><a href=\"http://snomed.info/id/658161000005107\">658161000005107</a></td><td style=\"color: #cccccc\">Home nursing care services (qualifier value)</td></tr><tr><td><a href=\"http://snomed.info/id/658151000005105\">658151000005105</a></td><td style=\"color: #cccccc\">Health promotion and disease prevention services</td></tr><tr><td><a href=\"http://snomed.info/id/658191000005101\">658191000005101</a></td><td style=\"color: #cccccc\">Health visitors services</td></tr><tr><td><a href=\"http://snomed.info/id/658201000005103\">658201000005103</a></td><td style=\"color: #cccccc\">Municipal dental care services</td></tr><tr><td><a href=\"http://snomed.info/id/658141000005108\">658141000005108</a></td><td style=\"color: #cccccc\">genoptræning efter hospitalsophold</td></tr><tr><td><a href=\"http://snomed.info/id/658181000005104\">658181000005104</a></td><td style=\"color: #cccccc\">Device services</td></tr></table></li></ul></div>"},"url":"http://hl7.dk/fhir/core/ValueSet/dk-core-practice-setting-code","version":"3.5.0","name":"SorPracticeSettingCode","title":"DK SOR Practice Setting Code","status":"active","experimental":false,"date":"2025-12-19T17:27:08+01:00","publisher":"HL7 Denmark","contact":[{"name":"HL7 Denmark","telecom":[{"system":"url","value":"http://www.hl7.dk"},{"system":"email","value":"dk-affiliate@hl7.dk"}]}],"description":"Values used for the document metadata attribute practiceSettingCode, which is an attribute specifying the clinical specialty where the act that resulted in the document was performed (e.g., Family Practice, Laboratory, Radiology). The value set is based on a subset of the code list from the SOR lookup table 'SOR-Kliniske specialer' (https://sor.sum.dsdn.dk/lookupdata/#clinical_speciality, accessable on Sundhedsdatanettet (SDN)), which is based on SNOMED CT codes.","jurisdiction":[{"coding":[{"system":"urn:iso:std:iso:3166","code":"DK","display":"Denmark"}]}],"compose":{"include":[{"system":"http://snomed.info/sct","version":"http://snomed.info/sct/554471000005108","concept":[{"code":"773568002"},{"code":"408443003"},{"code":"394577000"},{"code":"394821009"},{"code":"394588006"},{"code":"394582007"},{"code":"394914008"},{"code":"394583002"},{"code":"394811001"},{"code":"394585009"},{"code":"408472002"},{"code":"394803006"},{"code":"394807007"},{"code":"419192003"},{"code":"394579002"},{"code":"408463005"},{"code":"394609007"},{"code":"551411000005104"},{"code":"394596001"},{"code":"394600006"},{"code":"394601005"},{"code":"394580004"},{"code":"421661004"},{"code":"408454008"},{"code":"394809005"},{"code":"394592004"},{"code":"418112009"},{"code":"394805004"},{"code":"394584008"},{"code":"394589003"},{"code":"394610002"},{"code":"394591006"},{"code":"394812008"},{"code":"394594003"},{"code":"394608004"},{"code":"394801008"},{"code":"394604002"},{"code":"394915009"},{"code":"394611003"},{"code":"394587001"},{"code":"394537008"},{"code":"394810000"},{"code":"394581000"},{"code":"394605001"},{"code":"394603008"},{"code":"408448007"},{"code":"394612005"},{"code":"658171000005102"},{"code":"658161000005107"},{"code":"658151000005105"},{"code":"658191000005101"},{"code":"658201000005103"},{"code":"658141000005108"},{"code":"658181000005104"}]}]}}