{"resourceType":"CodeSystem","id":"dk-npu-fragment","text":{"status":"generated","div":"<div xmlns=\"http://www.w3.org/1999/xhtml\"><p class=\"res-header-id\"><b>Generated Narrative: CodeSystem dk-npu-fragment</b></p><a name=\"dk-npu-fragment\"> </a><a name=\"hcdk-npu-fragment\"> </a><a name=\"dk-npu-fragment-da-DK\"> </a><p><b>Properties</b></p><p><b>This code system defines the following properties for its concepts</b></p><table class=\"grid\"><tr><td><b>Name</b></td><td><b>Code</b></td><td><b>URI</b></td><td><b>Type</b></td><td><b>Description</b></td></tr><tr><td>comment</td><td>comment</td><td>http://hl7.org/fhir/concept-properties#comment</td><td>string</td><td>A string that provides additional detail pertinent to the use or understanding of the concept</td></tr><tr><td>effectiveDate</td><td>effectiveDate</td><td>http://hl7.org/fhir/concept-properties#effectiveDate</td><td>dateTime</td><td>The date at which the concept status was last changed</td></tr><tr><td>status</td><td>status</td><td>http://hl7.org/fhir/concept-properties#status</td><td>code</td><td>A code that indicates the status of the concept. Typical values are active, experimental, deprecated, and retired</td></tr><tr><td>Inactive</td><td>inactive</td><td>http://hl7.org/fhir/concept-properties#inactive</td><td>boolean</td><td>True if the concept is not considered active - e.g. not a valid concept any more. Property type is boolean, default value is false. Note that the status property may also be used to indicate that a concept is inactive</td></tr><tr><td>ChangeDate</td><td>ChangeDate</td><td>https://iupac.org/fhir/npu/concept-properties#ChangeDate</td><td>dateTime</td><td/></tr><tr><td>CreatedDate</td><td>CreatedDate</td><td>https://iupac.org/fhir/npu/concept-properties#CreatedDate</td><td>dateTime</td><td/></tr><tr><td>System</td><td>System</td><td>https://iupac.org/fhir/npu/concept-properties#System</td><td>string</td><td/></tr><tr><td>SysSpec</td><td>SysSpec</td><td>https://iupac.org/fhir/npu/concept-properties#SysSpec</td><td>string</td><td/></tr><tr><td>Component</td><td>Component</td><td>https://iupac.org/fhir/npu/concept-properties#Component</td><td>string</td><td/></tr><tr><td>CompSpec</td><td>CompSpec</td><td>https://iupac.org/fhir/npu/concept-properties#CompSpec</td><td>string</td><td/></tr><tr><td>Kind-of-property</td><td>Kind-of-property</td><td>https://iupac.org/fhir/npu/concept-properties#Kind-of-property</td><td>string</td><td/></tr><tr><td>Speciality</td><td>Speciality</td><td>https://iupac.org/fhir/npu/concept-properties#Speciality</td><td>string</td><td/></tr><tr><td>Code value</td><td>Code value</td><td>https://iupac.org/fhir/npu/concept-properties#Code-value</td><td>string</td><td/></tr><tr><td>Scale type</td><td>Scale type</td><td>https://iupac.org/fhir/npu/concept-properties#Scale-type</td><td>string</td><td/></tr><tr><td>Proc</td><td>Proc</td><td>https://iupac.org/fhir/npu/concept-properties#Proc</td><td>string</td><td/></tr><tr><td>Unit</td><td>Unit</td><td>https://iupac.org/fhir/npu/concept-properties#Unit</td><td>string</td><td/></tr><tr><td>STATUS</td><td>STATUS</td><td>https://iupac.org/fhir/npu/concept-properties#STATUS</td><td>string</td><td/></tr></table><p><b>Concepts</b></p><p>This case-insensitive code system <code>urn:oid:1.2.208.176.2.1</code> provides <b>a fragment</b> that includes following codes:</p><table class=\"codes\"><tr><td style=\"white-space:nowrap\"><b>Code</b></td><td><b>Display</b></td><td><b>comment</b></td><td><b>effectiveDate</b></td><td><b>status</b></td><td><b>Inactive</b></td><td><b>Dansk (Danish, da)</b></td></tr><tr><td style=\"white-space:nowrap\">NPU03011<a name=\"dk-npu-fragment-NPU03011\"> </a></td><td>Hb(Fe; O₂-bind.; aB)—Oxygen(O₂); sat. = ?</td><td>Unit defined</td><td>2000-12-20T00:00:00+01:00</td><td>active</td><td/><td>Hb(Fe; O₂-bind.;aB)—Oxygen(O₂); mætn. = ?</td></tr><tr><td style=\"white-space:nowrap\">NPU27280<a name=\"dk-npu-fragment-NPU27280\"> </a></td><td>Hb(Fe; O₂-bind.; aB)—Oxygen(O₂); sat.(Pulse oximetry) = ?</td><td>Unit defined</td><td>2007-11-23T00:00:00+01:00</td><td>active</td><td/><td>Hb(Fe; O₂-bind.;aB)—Oxygen(O₂); mætn.(pulsoximetri) = ?</td></tr><tr><td style=\"white-space:nowrap\">NPU04034<a name=\"dk-npu-fragment-NPU04034\"> </a></td><td>Pt(spec.)—Blood; temp. = ? °C</td><td>Unit defined</td><td>1996-05-08T00:00:00+02:00</td><td>active</td><td/><td>Pt(spec.)—Blod; temp. = ? °C</td></tr><tr><td style=\"white-space:nowrap\">NPU08676<a name=\"dk-npu-fragment-NPU08676\"> </a></td><td>Pt—Body; temp. = ? °C</td><td>Unit defined</td><td>1997-04-15T00:00:00+02:00</td><td>active</td><td/><td>Pt—Legeme; temp. = ? °C</td></tr><tr style=\"background-color: #ffeeee\"><td style=\"white-space:nowrap\">NPU58033<a name=\"dk-npu-fragment-NPU58033\"> </a></td><td>Artery(spec.)—Blood pressure(systolic); pr.(proc.) = ? mmHg</td><td>Specification changed</td><td>2021-03-19T00:00:00+01:00</td><td>deprecated</td><td>true</td><td>Arterie(spec.)—Blodtryk(systolisk); tryk(proc.) = ? mmHg</td></tr><tr><td style=\"white-space:nowrap\">NPU57947<a name=\"dk-npu-fragment-NPU57947\"> </a></td><td>Artery(spec.)—Blood; pr.(systolic; proc.) = ? mmHg</td><td>Unit defined</td><td>2017-12-05T00:00:00+01:00</td><td>active</td><td/><td>Arterie(spec.)—Blod; tryk(systolisk;proc.) = ? mmHg</td></tr><tr style=\"background-color: #ffeeee\"><td style=\"white-space:nowrap\">NPU58034<a name=\"dk-npu-fragment-NPU58034\"> </a></td><td>Artery(spec.)—Blood pressure(diastolic); pr.(proc.) = ? mmHg</td><td>Specification changed</td><td>2017-12-18T00:00:00+01:00</td><td>deprecated</td><td>true</td><td>Arterie(spec.)—Blodtryk(diastolisk); tryk(proc.) = ? mmHg</td></tr><tr><td style=\"white-space:nowrap\">NPU57948<a name=\"dk-npu-fragment-NPU57948\"> </a></td><td>Artery(spec.)—Blood; pr.(diastolic; proc.) = ? mmHg</td><td>Unit defined</td><td>2017-12-05T00:00:00+01:00</td><td>active</td><td/><td>Arterie(spec.)—Blod; tryk(diastolisk;proc.) = ? mmHg</td></tr><tr><td style=\"white-space:nowrap\">NPU21692<a name=\"dk-npu-fragment-NPU21692\"> </a></td><td>Heart—Systole; frequency = ? × 1/min</td><td>Unit defined</td><td>2004-09-29T00:00:00+02:00</td><td>active</td><td/><td>Hjerte—Systole; frekv. = ? × 1/min</td></tr><tr><td style=\"white-space:nowrap\">NPU03794<a name=\"dk-npu-fragment-NPU03794\"> </a></td><td>Pt—Body; height = ? m</td><td>Unit defined</td><td>1997-04-15T00:00:00+02:00</td><td>active</td><td/><td>Pt—Legeme; højde = ? m</td></tr><tr><td style=\"white-space:nowrap\">NPU03804<a name=\"dk-npu-fragment-NPU03804\"> </a></td><td>Pt—Body; mass = ? kg</td><td>Unit defined</td><td>1996-01-01T00:00:00+01:00</td><td>active</td><td/><td>Pt—Legeme; masse = ? kg</td></tr><tr><td style=\"white-space:nowrap\">NPU27281<a name=\"dk-npu-fragment-NPU27281\"> </a></td><td>Pt—Body; mass coefficient(mass/squared height) = ? kg/m²</td><td>Unit defined</td><td>2007-12-06T00:00:00+01:00</td><td>active</td><td/><td>Pt—Legeme; massekoefficient(masse/kvadreret højde) = ? kg/m²</td></tr></table></div>"},"url":"urn:oid:1.2.208.176.2.1","version":"3.4.0","name":"NPU","title":"DK NPU Subset","status":"active","experimental":false,"date":"2025-02-01T19:18:26+01:00","publisher":"HL7 Denmark","contact":[{"name":"HL7 Denmark","telecom":[{"system":"url","value":"http://www.hl7.dk"},{"system":"email","value":"jenskristianvilladsen@gmail.com"}]}],"description":"DK NPU Subsetted code system used in DK Core. The full version of NPU can be found at http://labterm.dk","jurisdiction":[{"coding":[{"system":"urn:iso:std:iso:3166","code":"DK","display":"Denmark"}]}],"copyright":"The International Union of Pure and Applied Chemistry (IUPAC) and the International Federation of Clinical Chemistry and laboratory medicine (IFCC)","caseSensitive":false,"content":"fragment","property":[{"code":"comment","uri":"http://hl7.org/fhir/concept-properties#comment","description":"A string that provides additional detail pertinent to the use or understanding of the concept","type":"string"},{"code":"effectiveDate","uri":"http://hl7.org/fhir/concept-properties#effectiveDate","description":"The date at which the concept status was last changed","type":"dateTime"},{"code":"status","uri":"http://hl7.org/fhir/concept-properties#status","description":"A code that indicates the status of the concept. Typical values are active, experimental, deprecated, and retired","type":"code"},{"code":"inactive","uri":"http://hl7.org/fhir/concept-properties#inactive","description":"True if the concept is not considered active - e.g. not a valid concept any more. Property type is boolean, default value is false. Note that the status property may also be used to indicate that a concept is inactive","type":"boolean"},{"code":"ChangeDate","uri":"https://iupac.org/fhir/npu/concept-properties#ChangeDate","type":"dateTime"},{"code":"CreatedDate","uri":"https://iupac.org/fhir/npu/concept-properties#CreatedDate","type":"dateTime"},{"code":"System","uri":"https://iupac.org/fhir/npu/concept-properties#System","type":"string"},{"code":"SysSpec","uri":"https://iupac.org/fhir/npu/concept-properties#SysSpec","type":"string"},{"code":"Component","uri":"https://iupac.org/fhir/npu/concept-properties#Component","type":"string"},{"code":"CompSpec","uri":"https://iupac.org/fhir/npu/concept-properties#CompSpec","type":"string"},{"code":"Kind-of-property","uri":"https://iupac.org/fhir/npu/concept-properties#Kind-of-property","type":"string"},{"code":"Speciality","uri":"https://iupac.org/fhir/npu/concept-properties#Speciality","type":"string"},{"code":"Code value","uri":"https://iupac.org/fhir/npu/concept-properties#Code-value","type":"string"},{"code":"Scale type","uri":"https://iupac.org/fhir/npu/concept-properties#Scale-type","type":"string"},{"code":"Proc","uri":"https://iupac.org/fhir/npu/concept-properties#Proc","type":"string"},{"code":"Unit","uri":"https://iupac.org/fhir/npu/concept-properties#Unit","type":"string"},{"code":"STATUS","uri":"https://iupac.org/fhir/npu/concept-properties#STATUS","type":"string"}],"concept":[{"code":"NPU03011","display":"Hb(Fe; O₂-bind.; aB)—Oxygen(O₂); sat. = ?","designation":[{"language":"da","value":"Hb(Fe; O₂-bind.;aB)—Oxygen(O₂); mætn. = ?"}],"property":[{"code":"ChangeDate","valueDateTime":"2000-12-20T00:00:00+01:00"},{"code":"CreatedDate","valueDateTime":"1996-12-24T00:00:00+01:00"},{"code":"System","valueString":"Hb"},{"code":"SysSpec","valueString":"Fe; O₂-bind.;aB"},{"code":"Component","valueString":"Oxygen"},{"code":"CompSpec","valueString":"O₂"},{"code":"Kind-of-property","valueString":"sat."},{"code":"Speciality","valueString":"CLC"},{"code":"Code value","valueString":"3011"},{"code":"Scale type","valueString":"Ratio"},{"code":"STATUS","valueString":"ACTIVE"},{"code":"effectiveDate","valueDateTime":"2000-12-20T00:00:00+01:00"},{"code":"status","valueCode":"active"},{"code":"comment","valueString":"Unit defined"}]},{"code":"NPU27280","display":"Hb(Fe; O₂-bind.; aB)—Oxygen(O₂); sat.(Pulse oximetry) = ?","designation":[{"language":"da","value":"Hb(Fe; O₂-bind.;aB)—Oxygen(O₂); mætn.(pulsoximetri) = ?"}],"property":[{"code":"CreatedDate","valueDateTime":"2007-11-23T00:00:00+01:00"},{"code":"System","valueString":"Hb"},{"code":"SysSpec","valueString":"Fe; O₂-bind.;aB"},{"code":"Component","valueString":"Oxygen"},{"code":"CompSpec","valueString":"O₂"},{"code":"Kind-of-property","valueString":"sat."},{"code":"Proc","valueString":"Pulse oximetry"},{"code":"Speciality","valueString":"CLC"},{"code":"Code value","valueString":"27280"},{"code":"Scale type","valueString":"Ratio"},{"code":"STATUS","valueString":"ACTIVE"},{"code":"effectiveDate","valueDateTime":"2007-11-23T00:00:00+01:00"},{"code":"status","valueCode":"active"},{"code":"comment","valueString":"Unit defined"}]},{"code":"NPU04034","display":"Pt(spec.)—Blood; temp. = ? °C","designation":[{"language":"da","value":"Pt(spec.)—Blod; temp. = ? °C"}],"property":[{"code":"CreatedDate","valueDateTime":"1996-05-08T00:00:00+02:00"},{"code":"System","valueString":"Pt"},{"code":"SysSpec","valueString":"spec."},{"code":"Component","valueString":"Blood"},{"code":"Kind-of-property","valueString":"temp."},{"code":"Unit","valueString":"°C"},{"code":"Speciality","valueString":"CLC"},{"code":"Code value","valueString":"4034"},{"code":"Scale type","valueString":"Differential"},{"code":"STATUS","valueString":"ACTIVE"},{"code":"effectiveDate","valueDateTime":"1996-05-08T00:00:00+02:00"},{"code":"status","valueCode":"active"},{"code":"comment","valueString":"Unit defined"}]},{"code":"NPU08676","display":"Pt—Body; temp. = ? °C","designation":[{"language":"da","value":"Pt—Legeme; temp. = ? °C"}],"property":[{"code":"CreatedDate","valueDateTime":"1997-04-15T00:00:00+02:00"},{"code":"System","valueString":"Pt"},{"code":"Component","valueString":"Body"},{"code":"Kind-of-property","valueString":"temp."},{"code":"Unit","valueString":"°C"},{"code":"Speciality","valueString":"CLC"},{"code":"Code value","valueString":"8676"},{"code":"Scale type","valueString":"Differential"},{"code":"STATUS","valueString":"ACTIVE"},{"code":"effectiveDate","valueDateTime":"1997-04-15T00:00:00+02:00"},{"code":"status","valueCode":"active"},{"code":"comment","valueString":"Unit defined"}]},{"code":"NPU58033","display":"Artery(spec.)—Blood pressure(systolic); pr.(proc.) = ? mmHg","designation":[{"language":"da","value":"Arterie(spec.)—Blodtryk(systolisk); tryk(proc.) = ? mmHg"}],"property":[{"code":"ChangeDate","valueDateTime":"2021-03-19T00:00:00+01:00"},{"code":"CreatedDate","valueDateTime":"2017-12-18T00:00:00+01:00"},{"code":"System","valueString":"Artery"},{"code":"SysSpec","valueString":"spec."},{"code":"Component","valueString":"Blood pressure"},{"code":"CompSpec","valueString":"systolic"},{"code":"Kind-of-property","valueString":"pr."},{"code":"Proc","valueString":"proc."},{"code":"Unit","valueString":"mmHg"},{"code":"Speciality","valueString":"CLC"},{"code":"Code value","valueString":"58033"},{"code":"Scale type","valueString":"Ratio"},{"code":"STATUS","valueString":"ACTIVE"},{"code":"effectiveDate","valueDateTime":"2021-03-19T00:00:00+01:00"},{"code":"status","valueCode":"deprecated"},{"code":"comment","valueString":"Specification changed"},{"code":"inactive","valueBoolean":true}]},{"code":"NPU57947","display":"Artery(spec.)—Blood; pr.(systolic; proc.) = ? mmHg","designation":[{"language":"da","value":"Arterie(spec.)—Blod; tryk(systolisk;proc.) = ? mmHg"}],"property":[{"code":"CreatedDate","valueDateTime":"2017-12-05T00:00:00+01:00"},{"code":"System","valueString":"Artery"},{"code":"SysSpec","valueString":"spec."},{"code":"Component","valueString":"Blood"},{"code":"Kind-of-property","valueString":"pr."},{"code":"Proc","valueString":"systolic;proc."},{"code":"Unit","valueString":"mmHg"},{"code":"Speciality","valueString":"CLC"},{"code":"Code value","valueString":"57947"},{"code":"Scale type","valueString":"Ratio"},{"code":"STATUS","valueString":"ACTIVE"},{"code":"effectiveDate","valueDateTime":"2017-12-05T00:00:00+01:00"},{"code":"status","valueCode":"active"},{"code":"comment","valueString":"Unit defined"}]},{"code":"NPU58034","display":"Artery(spec.)—Blood pressure(diastolic); pr.(proc.) = ? mmHg","designation":[{"language":"da","value":"Arterie(spec.)—Blodtryk(diastolisk); tryk(proc.) = ? mmHg"}],"property":[{"code":"CreatedDate","valueDateTime":"2017-12-18T00:00:00+01:00"},{"code":"System","valueString":"Artery"},{"code":"SysSpec","valueString":"spec."},{"code":"Component","valueString":"Blood pressure"},{"code":"CompSpec","valueString":"diastolic"},{"code":"Kind-of-property","valueString":"pr."},{"code":"Proc","valueString":"proc."},{"code":"Unit","valueString":"mmHg"},{"code":"Speciality","valueString":"CLC"},{"code":"Code value","valueString":"58034"},{"code":"Scale type","valueString":"Ratio"},{"code":"STATUS","valueString":"ACTIVE"},{"code":"effectiveDate","valueDateTime":"2017-12-18T00:00:00+01:00"},{"code":"status","valueCode":"deprecated"},{"code":"comment","valueString":"Specification changed"},{"code":"inactive","valueBoolean":true}]},{"code":"NPU57948","display":"Artery(spec.)—Blood; pr.(diastolic; proc.) = ? mmHg","designation":[{"language":"da","value":"Arterie(spec.)—Blod; tryk(diastolisk;proc.) = ? mmHg"}],"property":[{"code":"CreatedDate","valueDateTime":"2017-12-05T00:00:00+01:00"},{"code":"System","valueString":"Artery"},{"code":"SysSpec","valueString":"spec."},{"code":"Component","valueString":"Blood"},{"code":"Kind-of-property","valueString":"pr."},{"code":"Proc","valueString":"diastolic;proc."},{"code":"Unit","valueString":"mmHg"},{"code":"Speciality","valueString":"CLC"},{"code":"Code value","valueString":"57948"},{"code":"Scale type","valueString":"Ratio"},{"code":"STATUS","valueString":"ACTIVE"},{"code":"effectiveDate","valueDateTime":"2017-12-05T00:00:00+01:00"},{"code":"status","valueCode":"active"},{"code":"comment","valueString":"Unit defined"}]},{"code":"NPU21692","display":"Heart—Systole; frequency = ? × 1/min","designation":[{"language":"da","value":"Hjerte—Systole; frekv. = ? × 1/min"}],"property":[{"code":"CreatedDate","valueDateTime":"2004-09-29T00:00:00+02:00"},{"code":"System","valueString":"Heart"},{"code":"Component","valueString":"Systole"},{"code":"Kind-of-property","valueString":"frequency"},{"code":"Unit","valueString":"× 1/min"},{"code":"Speciality","valueString":"FUN"},{"code":"Code value","valueString":"21692"},{"code":"Scale type","valueString":"Ratio"},{"code":"STATUS","valueString":"ACTIVE"},{"code":"effectiveDate","valueDateTime":"2004-09-29T00:00:00+02:00"},{"code":"status","valueCode":"active"},{"code":"comment","valueString":"Unit defined"}]},{"code":"NPU03794","display":"Pt—Body; height = ? m","designation":[{"language":"da","value":"Pt—Legeme; højde = ? m"}],"property":[{"code":"CreatedDate","valueDateTime":"1997-04-15T00:00:00+02:00"},{"code":"System","valueString":"Pt"},{"code":"Component","valueString":"Body"},{"code":"Kind-of-property","valueString":"height"},{"code":"Unit","valueString":"m"},{"code":"Speciality","valueString":"CLC"},{"code":"Code value","valueString":"3794"},{"code":"Scale type","valueString":"Ratio"},{"code":"STATUS","valueString":"ACTIVE"},{"code":"effectiveDate","valueDateTime":"1997-04-15T00:00:00+02:00"},{"code":"status","valueCode":"active"},{"code":"comment","valueString":"Unit defined"}]},{"code":"NPU03804","display":"Pt—Body; mass = ? kg","designation":[{"language":"da","value":"Pt—Legeme; masse = ? kg"}],"property":[{"code":"CreatedDate","valueDateTime":"1996-01-01T00:00:00+01:00"},{"code":"System","valueString":"Pt"},{"code":"Component","valueString":"Body"},{"code":"Kind-of-property","valueString":"mass"},{"code":"Unit","valueString":"kg"},{"code":"Speciality","valueString":"CLC"},{"code":"Code value","valueString":"3804"},{"code":"Scale type","valueString":"Ratio"},{"code":"STATUS","valueString":"ACTIVE"},{"code":"effectiveDate","valueDateTime":"1996-01-01T00:00:00+01:00"},{"code":"status","valueCode":"active"},{"code":"comment","valueString":"Unit defined"}]},{"code":"NPU27281","display":"Pt—Body; mass coefficient(mass/squared height) = ? kg/m²","designation":[{"language":"da","value":"Pt—Legeme; massekoefficient(masse/kvadreret højde) = ? kg/m²"}],"property":[{"code":"ChangeDate","valueDateTime":"2007-12-06T00:00:00+01:00"},{"code":"CreatedDate","valueDateTime":"2007-11-23T00:00:00+01:00"},{"code":"System","valueString":"Pt"},{"code":"Component","valueString":"Body"},{"code":"Kind-of-property","valueString":"mass coefficient"},{"code":"Proc","valueString":"mass/squared height"},{"code":"Unit","valueString":"kg/m²"},{"code":"Speciality","valueString":"CLC"},{"code":"Code value","valueString":"27281"},{"code":"Scale type","valueString":"Ratio"},{"code":"STATUS","valueString":"ACTIVE"},{"code":"effectiveDate","valueDateTime":"2007-12-06T00:00:00+01:00"},{"code":"status","valueCode":"active"},{"code":"comment","valueString":"Unit defined"}]}]}