{"resourceType":"ValueSet","id":"sor-organization-type","text":{"status":"generated","div":"<div xmlns=\"http://www.w3.org/1999/xhtml\"><p class=\"res-header-id\"><b>Generated Narrative: ValueSet sor-organization-type</b></p><a name=\"sor-organization-type\"> </a><a name=\"hcsor-organization-type\"> </a><a name=\"sor-organization-type-da-DK\"> </a><ul><li>Include these codes as defined in <a href=\"http://www.snomed.org/\"><code>http://snomed.info/sct</code></a> version <code>http://snomed.info/sct/554471000005108</code><table class=\"none\"><tr><td style=\"white-space:nowrap\"><b>Code</b></td><td><b>Display</b></td></tr><tr><td><a href=\"http://snomed.info/id/554221000005108\">554221000005108</a></td><td style=\"color: #cccccc\">bosted</td></tr><tr><td><a href=\"http://snomed.info/id/546821000005103\">546821000005103</a></td><td style=\"color: #cccccc\">ergoterapiklinik</td></tr><tr><td><a href=\"http://snomed.info/id/547011000005103\">547011000005103</a></td><td style=\"color: #cccccc\">fysioterapiklinik</td></tr><tr><td><a href=\"http://snomed.info/id/546811000005109\">546811000005109</a></td><td style=\"color: #cccccc\">rehabiliteringscenter</td></tr><tr><td><a href=\"http://snomed.info/id/550621000005101\">550621000005101</a></td><td style=\"color: #cccccc\">hjemmesygepleje</td></tr><tr><td><a href=\"http://snomed.info/id/550631000005103\">550631000005103</a></td><td style=\"color: #cccccc\">jordemoderklinik</td></tr><tr><td><a href=\"http://snomed.info/id/550641000005106\">550641000005106</a></td><td style=\"color: #cccccc\">kiropraktorklinik</td></tr><tr><td><a href=\"http://snomed.info/id/550651000005108\">550651000005108</a></td><td style=\"color: #cccccc\">lægelaboratorium</td></tr><tr><td><a href=\"http://snomed.info/id/550661000005105\">550661000005105</a></td><td style=\"color: #cccccc\">lægevagt</td></tr><tr><td><a href=\"http://snomed.info/id/554211000005102\">554211000005102</a></td><td style=\"color: #cccccc\">præhospitalsenhed</td></tr><tr><td><a href=\"http://snomed.info/id/550711000005101\">550711000005101</a></td><td style=\"color: #cccccc\">psykologisk rådgivningsklinik</td></tr><tr><td><a href=\"http://snomed.info/id/550671000005100\">550671000005100</a></td><td style=\"color: #cccccc\">speciallægepraksis</td></tr><tr><td><a href=\"http://snomed.info/id/554061000005105\">554061000005105</a></td><td style=\"color: #cccccc\">fodterapeutklinik</td></tr><tr><td><a href=\"http://snomed.info/id/554041000005106\">554041000005106</a></td><td style=\"color: #cccccc\">sundhedsforvaltning</td></tr><tr><td><a href=\"http://snomed.info/id/554021000005101\">554021000005101</a></td><td style=\"color: #cccccc\">sundhedsplejen</td></tr><tr><td><a href=\"http://snomed.info/id/550681000005102\">550681000005102</a></td><td style=\"color: #cccccc\">tandlægepraksis</td></tr><tr><td><a href=\"http://snomed.info/id/550691000005104\">550691000005104</a></td><td style=\"color: #cccccc\">tandplejeklinik</td></tr><tr><td><a href=\"http://snomed.info/id/550701000005104\">550701000005104</a></td><td style=\"color: #cccccc\">tandteknisk klinik</td></tr><tr><td><a href=\"http://snomed.info/id/554231000005106\">554231000005106</a></td><td style=\"color: #cccccc\">vaccinationsklinik</td></tr><tr><td><a href=\"http://snomed.info/id/554051000005108\">554051000005108</a></td><td style=\"color: #cccccc\">zoneterapiklinik</td></tr><tr><td><a href=\"http://snomed.info/id/550811000005108\">550811000005108</a></td><td style=\"color: #cccccc\">administrativ enhed</td></tr><tr><td><a href=\"http://snomed.info/id/547211000005108\">547211000005108</a></td><td style=\"color: #cccccc\">kommune</td></tr><tr><td><a href=\"http://snomed.info/id/550891000005100\">550891000005100</a></td><td style=\"color: #cccccc\">privat</td></tr><tr><td><a href=\"http://snomed.info/id/550881000005103\">550881000005103</a></td><td style=\"color: #cccccc\">region</td></tr><tr><td><a href=\"http://snomed.info/id/550411000005105\">550411000005105</a></td><td style=\"color: #cccccc\">anden sundhedsinstitution</td></tr><tr><td><a href=\"http://snomed.info/id/554851000005102\">554851000005102</a></td><td style=\"color: #cccccc\">Asylum seekers centre</td></tr><tr><td><a href=\"http://snomed.info/id/550861000005106\">550861000005106</a></td><td style=\"color: #cccccc\">fysioterapi- og ergoterapiklinik</td></tr><tr><td><a href=\"http://snomed.info/id/554881000005108\">554881000005108</a></td><td style=\"color: #cccccc\">handicap- og psykiatrienhed</td></tr><tr><td><a href=\"http://snomed.info/id/554861000005100\">554861000005100</a></td><td style=\"color: #cccccc\">handikap</td></tr><tr><td><a href=\"http://snomed.info/id/554821000005109\">554821000005109</a></td><td style=\"color: #cccccc\">hjemmepleje</td></tr><tr><td><a href=\"http://snomed.info/id/554411000005101\">554411000005101</a></td><td style=\"color: #cccccc\">jobcenter</td></tr><tr><td><a href=\"http://snomed.info/id/554871000005105\">554871000005105</a></td><td style=\"color: #cccccc\">psykiatri</td></tr><tr><td><a href=\"http://snomed.info/id/550821000005102\">550821000005102</a></td><td style=\"color: #cccccc\">serviceenhed</td></tr><tr><td><a href=\"http://snomed.info/id/550871000005101\">550871000005101</a></td><td style=\"color: #cccccc\">AMA</td></tr><tr><td><a href=\"http://snomed.info/id/554241000005103\">554241000005103</a></td><td style=\"color: #cccccc\">teknisk lokationsnummer</td></tr><tr><td><a href=\"http://snomed.info/id/550841000005107\">550841000005107</a></td><td style=\"color: #cccccc\">forskningsenhed</td></tr><tr><td><a href=\"http://snomed.info/id/550851000005109\">550851000005109</a></td><td style=\"color: #cccccc\">klinisk enhed</td></tr><tr><td><a href=\"http://snomed.info/id/551611000005102\">551611000005102</a></td><td style=\"color: #cccccc\">operationsgang</td></tr><tr><td><a href=\"http://snomed.info/id/554071000005100\">554071000005100</a></td><td style=\"color: #cccccc\">sygehusapotek</td></tr><tr><td><a href=\"http://snomed.info/id/550831000005104\">550831000005104</a></td><td style=\"color: #cccccc\">uddannelsesenhed</td></tr><tr><td><a href=\"http://snomed.info/id/554031000005103\">554031000005103</a></td><td style=\"color: #cccccc\">diætistklinik</td></tr><tr><td><a href=\"http://snomed.info/id/557511000005107\">557511000005107</a></td><td style=\"color: #cccccc\">akupunkturklinik</td></tr><tr><td><a href=\"http://snomed.info/id/557501000005109\">557501000005109</a></td><td style=\"color: #cccccc\">apoteksfilial</td></tr><tr><td><a href=\"http://snomed.info/id/557531000005103\">557531000005103</a></td><td style=\"color: #cccccc\">bandagistklinik</td></tr><tr><td><a href=\"http://snomed.info/id/557591000005104\">557591000005104</a></td><td style=\"color: #cccccc\">internetbaseret sundhedsydelse</td></tr><tr><td><a href=\"http://snomed.info/id/557521000005101\">557521000005101</a></td><td style=\"color: #cccccc\">klinik for alternativ behandling</td></tr><tr><td><a href=\"http://snomed.info/id/557561000005105\">557561000005105</a></td><td style=\"color: #cccccc\">konsulentvirksomhed</td></tr><tr><td><a href=\"http://snomed.info/id/557541000005106\">557541000005106</a></td><td style=\"color: #cccccc\">kosmetisk klinik</td></tr><tr><td><a href=\"http://snomed.info/id/557581000005102\">557581000005102</a></td><td style=\"color: #cccccc\">optikervirksomhed</td></tr><tr><td><a href=\"http://snomed.info/id/556841000005105\">556841000005105</a></td><td style=\"color: #cccccc\">pædagogisk psykologisk rådgivning</td></tr><tr><td><a href=\"http://snomed.info/id/557671000005101\">557671000005101</a></td><td style=\"color: #cccccc\">osteopatiklinik</td></tr><tr><td><a href=\"http://snomed.info/id/398070004\">398070004</a></td><td style=\"color: #cccccc\">State (environment)</td></tr><tr><td><a href=\"http://snomed.info/id/394761003\">394761003</a></td><td style=\"color: #cccccc\">General practitioner practice site</td></tr><tr><td><a href=\"http://snomed.info/id/20078004\">20078004</a></td><td style=\"color: #cccccc\">Substance abuse treatment center</td></tr><tr><td><a href=\"http://snomed.info/id/722173008\">722173008</a></td><td style=\"color: #cccccc\">Prison based care site (environment)</td></tr><tr><td><a href=\"http://snomed.info/id/702871004\">702871004</a></td><td style=\"color: #cccccc\">Infertility clinic</td></tr><tr><td><a href=\"http://snomed.info/id/276037005\">276037005</a></td><td style=\"color: #cccccc\">Volunteer helper</td></tr><tr><td><a href=\"http://snomed.info/id/22232009\">22232009</a></td><td style=\"color: #cccccc\">Hospital</td></tr><tr><td><a href=\"http://snomed.info/id/702824005\">702824005</a></td><td style=\"color: #cccccc\">Audiology clinic</td></tr><tr><td><a href=\"http://snomed.info/id/42665001\">42665001</a></td><td style=\"color: #cccccc\">Nursing home</td></tr><tr><td><a href=\"http://snomed.info/id/264361005\">264361005</a></td><td style=\"color: #cccccc\">HC - Health centre</td></tr><tr><td><a href=\"http://snomed.info/id/703069008\">703069008</a></td><td style=\"color: #cccccc\">Nurse practitioner clinic</td></tr><tr><td><a href=\"http://snomed.info/id/309964003\">309964003</a></td><td style=\"color: #cccccc\">Radiology department</td></tr><tr><td><a href=\"http://snomed.info/id/309904001\">309904001</a></td><td style=\"color: #cccccc\">Intensive care unit</td></tr><tr><td><a href=\"http://snomed.info/id/309939001\">309939001</a></td><td style=\"color: #cccccc\">Palliative care department</td></tr><tr><td><a href=\"http://snomed.info/id/225728007\">225728007</a></td><td style=\"color: #cccccc\">Accident and Emergency department</td></tr><tr><td><a href=\"http://snomed.info/id/255203001\">255203001</a></td><td style=\"color: #cccccc\">Additional values</td></tr><tr><td><a href=\"http://snomed.info/id/264372000\">264372000</a></td><td style=\"color: #cccccc\">Pharmacy</td></tr></table></li></ul></div>"},"url":"http://hl7.dk/fhir/core/ValueSet/sor-organization-type","version":"3.4.0","name":"SorOrganizationType","title":"DK SOR Organization Type","status":"active","experimental":false,"date":"2025-02-01T19:18:26+01:00","publisher":"HL7 Denmark","contact":[{"name":"HL7 Denmark","telecom":[{"system":"url","value":"http://www.hl7.dk"},{"system":"email","value":"jenskristianvilladsen@gmail.com"}]}],"description":"Value set used for indicating the organization type for organizations from SOR","jurisdiction":[{"coding":[{"system":"urn:iso:std:iso:3166","code":"DK","display":"Denmark"}]}],"copyright":"This value set includes content from SNOMED CT, which is copyright © 2002+ International Health Terminology Standards Development Organisation (IHTSDO), and distributed by agreement between IHTSDO and HL7. Implementer use of SNOMED CT is not covered by this agreement","compose":{"include":[{"system":"http://snomed.info/sct","version":"http://snomed.info/sct/554471000005108","concept":[{"code":"554221000005108"},{"code":"546821000005103"},{"code":"547011000005103"},{"code":"546811000005109"},{"code":"550621000005101"},{"code":"550631000005103"},{"code":"550641000005106"},{"code":"550651000005108"},{"code":"550661000005105"},{"code":"554211000005102"},{"code":"550711000005101"},{"code":"550671000005100"},{"code":"554061000005105"},{"code":"554041000005106"},{"code":"554021000005101"},{"code":"550681000005102"},{"code":"550691000005104"},{"code":"550701000005104"},{"code":"554231000005106"},{"code":"554051000005108"},{"code":"550811000005108"},{"code":"547211000005108"},{"code":"550891000005100"},{"code":"550881000005103"},{"code":"550411000005105"},{"code":"554851000005102"},{"code":"550861000005106"},{"code":"554881000005108"},{"code":"554861000005100"},{"code":"554821000005109"},{"code":"554411000005101"},{"code":"554871000005105"},{"code":"550821000005102"},{"code":"550871000005101"},{"code":"554241000005103"},{"code":"550841000005107"},{"code":"550851000005109"},{"code":"551611000005102"},{"code":"554071000005100"},{"code":"550831000005104"},{"code":"554031000005103"},{"code":"557511000005107"},{"code":"557501000005109"},{"code":"557531000005103"},{"code":"557591000005104"},{"code":"557521000005101"},{"code":"557561000005105"},{"code":"557541000005106"},{"code":"557581000005102"},{"code":"556841000005105"},{"code":"557671000005101"},{"code":"398070004"},{"code":"394761003"},{"code":"20078004"},{"code":"722173008"},{"code":"702871004"},{"code":"276037005"},{"code":"22232009"},{"code":"702824005"},{"code":"42665001"},{"code":"264361005"},{"code":"703069008"},{"code":"309964003"},{"code":"309904001"},{"code":"309939001"},{"code":"225728007"},{"code":"255203001"},{"code":"264372000"}]}]}}