{
  "codeSystems" : [
    {
      "url" : "http://hl7.dk/fhir/core/CodeSystem/DkCoreProfessionGroupCodes",
      "version" : "3.0.0",
      "status" : "active",
      "name" : "DkCoreProfessionGroupCodes",
      "title" : "DK Profession Group Codes",
      "description" : "DK health ProfessionGroup codes as defined by https://www.retsinformation.dk/eli/lta/2019/731, and derived from http://autregwebservice.sst.dk/autregservice.asmx/GetAllProfessionGroups. Code (5176) was not uniqe, and have been converted to 5176a and 5176b",
      "uses" : {
      },
      "ValueSet-DkCoreProfessionGroupValueSet.html" : "DK Profession Group"
    },
    {
      "url" : "http://hl7.dk/fhir/core/CodeSystem/dk-core-municipality-codes",
      "version" : "3.0.0",
      "status" : "active",
      "name" : "MunicipalityCodes",
      "title" : "DK Municipality Codes",
      "description" : "Municipality codes as defined by https://danmarksadresser.dk/adressedata/kodelister/kommunekodeliste/ and https://sundhedsdatastyrelsen.dk/-/media/sds/filer/rammer-og-retningslinjer/patientregistrering/relaterede/kommuneklassifikation.pdf",
      "uses" : {
      },
      "ValueSet-dk-core-MunicipalityCodes.html" : "DK Municipality Codes"
    },
    {
      "url" : "http://hl7.dk/fhir/core/CodeSystem/dk-core-municipality-codes-greenland",
      "version" : "3.0.0",
      "status" : "active",
      "name" : "GreenlandMunicipalityCodes",
      "title" : "DK Greenland Municipality Codes",
      "description" : "Greenland municipality codes as defined by https://www.iso.org/obp/ui/#iso:code:3166:GL and https://cpr.dk/cpr-systemet/kommunesammenlaegninger-opdeling/groenland-2018/",
      "uses" : {
      },
      "ValueSet-dk-core-MunicipalityCodes.html" : "DK Municipality Codes"
    },
    {
      "url" : "http://hl7.dk/fhir/core/CodeSystem/dk-core-regional-subdivision-codes",
      "version" : "3.0.0",
      "status" : "active",
      "name" : "DKCoreRegionalSubdivisionCodes",
      "title" : "DK Regional Subdivision Codes",
      "description" : "Subdivision codes (Regional codes) used in Denmark as found on https://www.iso.org/obp/ui/#iso:code:3166:DK",
      "uses" : {
      },
      "ValueSet-dk-core-RegionalSubDivisionCodes.html" : "DK Regional Subdivision Codes"
    },
    {
      "url" : "http://hl7.dk/fhir/core/CodeSystem/dk-marital-status",
      "version" : "3.0.0",
      "status" : "active",
      "name" : "DkMaritalStatus",
      "title" : "DK Marital Statuses",
      "description" : "DK marital statuses",
      "uses" : {
      },
      "ValueSet-dk-marital-status.html" : "DK MaritalStatus"
    },
    {
      "url" : "http://loinc.org",
      "version" : "3.1.0",
      "status" : "active",
      "name" : "LOINC",
      "title" : "Logical Observation Identifiers, Names and Codes (LOINC)",
      "description" : "LOINC provides a set of universal names and ID codes for identifying laboratory and clinical test results.1,2 LOINC facilitates the exchange and pooling of results, such as blood hemoglobin, serum potassium, or vital signs, for clinical care, outcomes management, and research. LOINC's universal identifiers (names and codes) can be used in the context of order and observation exchanges between information systems that use syntax standards such as HL73, CEN TC251, ISO TC215, ASTM4, and DICOM. Specifically, the identifier can be used as the coded value for an observation in any other standard that uses the observation/observation value paradigm, whether messages, documents, application programming interface (API), etc. For example, LOINC codes are used widely in the OBX segment Observation Identifier field (OBX-3) of an ORU HL7 (HL7 version 2.x or ASTM 1238-9410) message that may be sent between a Clinical Laboratory Information Management Systems (LIMS) and Electronic Health Record Systems (EHR).5, 6 In this way, LOINC codes provide universal identifiers that allow the exchange of clinical data between heterogeneous computing environments.",
      "oids" : ["2.16.840.1.113883.6.1"],
      "uses" : {
      },
      "ValueSet-dk-core-LoincVitalSigns.html" : "DK Core Vital Signs"
    },
    {
      "url" : "http://snomed.info/sct",
      "version" : null,
      "status" : "active",
      "name" : "SNOMED_CT",
      "title" : "SNOMED CT (all versions)",
      "description" : "SNOMED CT is the most comprehensive and precise clinical health terminology product in the world, owned and distributed around the world by The International Health Terminology Standards Development Organisation (IHTSDO).",
      "oids" : ["2.16.840.1.113883.6.96"],
      "uses" : {
      },
      "http://hl7.org/fhir/R4/valueset-condition-code.html" : "Condition/Problem/Diagnosis Codes",
      "ValueSet-sor-organization-type.html" : "DK SOR Organization Type",
      "ValueSet-dk-core-TechniquesSCTCodes.html" : "DK TechniquesSCTCodes"
    }
  ]
}
