{
  "codeSystems" : [
    {
      "url" : "http://hl7.dk/fhir/core/CodeSystem/DkCoreProfessionGroupCodes",
      "version" : "3.0.0",
      "status" : "active",
      "name" : "DkCoreProfessionGroupCodes",
      "title" : "DK Profession Group Codes",
      "description" : "DK health ProfessionGroup codes as defined by https://www.retsinformation.dk/eli/lta/2019/731, and derived from http://autregwebservice.sst.dk/autregservice.asmx/GetAllProfessionGroups. Code (5176) was not uniqe, and have been converted to 5176a and 5176b"
    },
    {
      "url" : "http://hl7.dk/fhir/core/CodeSystem/address-type-dk-supplement",
      "version" : "3.0.0",
      "status" : "active",
      "name" : "AddressType",
      "title" : "DK Address Type",
      "description" : "The type of an address (physical / postal)"
    },
    {
      "url" : "http://hl7.dk/fhir/core/CodeSystem/address-use-dk-supplement",
      "version" : "3.0.0",
      "status" : "active",
      "name" : "AddressUse",
      "title" : "DK Address Use",
      "description" : "The use of an address"
    },
    {
      "url" : "http://hl7.dk/fhir/core/CodeSystem/administrative-gender-supplement",
      "version" : "3.0.0",
      "status" : "active",
      "name" : "AdministrativeGenderDkSupplement",
      "title" : "DK Administrative Gender Supplement",
      "description" : "CodeSystem supplement with danish translations for administrative gender"
    },
    {
      "url" : "http://hl7.dk/fhir/core/CodeSystem/care-team-status-dk-supplement",
      "version" : "3.0.0",
      "status" : "active",
      "name" : "CareTeamStatus",
      "title" : "DK CareTeam Status",
      "description" : "Indicates the status of the care team."
    },
    {
      "url" : "http://hl7.dk/fhir/core/CodeSystem/consent-state-codes-dk-supplement",
      "version" : "3.0.0",
      "status" : "active",
      "name" : "ConsentState",
      "title" : "DK Consent State",
      "description" : "Indicates the state of the consent"
    },
    {
      "url" : "http://hl7.dk/fhir/core/CodeSystem/days-of-week-dk-supplement",
      "version" : "3.0.0",
      "status" : "active",
      "name" : "DaysOfWeek",
      "title" : "DK Days Of Week",
      "description" : "The days of the week."
    },
    {
      "url" : "http://hl7.dk/fhir/core/CodeSystem/dk-core-municipality-codes",
      "version" : "3.0.0",
      "status" : "active",
      "name" : "MunicipalityCodes",
      "title" : "DK Municipality Codes",
      "description" : "Municipality codes as defined by https://danmarksadresser.dk/adressedata/kodelister/kommunekodeliste/ and https://sundhedsdatastyrelsen.dk/-/media/sds/filer/rammer-og-retningslinjer/patientregistrering/relaterede/kommuneklassifikation.pdf"
    },
    {
      "url" : "http://hl7.dk/fhir/core/CodeSystem/dk-core-municipality-codes-greenland",
      "version" : "3.0.0",
      "status" : "active",
      "name" : "GreenlandMunicipalityCodes",
      "title" : "DK Greenland Municipality Codes",
      "description" : "Greenland municipality codes as defined by https://www.iso.org/obp/ui/#iso:code:3166:GL and https://cpr.dk/cpr-systemet/kommunesammenlaegninger-opdeling/groenland-2018/"
    },
    {
      "url" : "http://hl7.dk/fhir/core/CodeSystem/dk-core-regional-subdivision-codes",
      "version" : "3.0.0",
      "status" : "active",
      "name" : "DKCoreRegionalSubdivisionCodes",
      "title" : "DK Regional Subdivision Codes",
      "description" : "Subdivision codes (Regional codes) used in Denmark as found on https://www.iso.org/obp/ui/#iso:code:3166:DK"
    },
    {
      "url" : "http://hl7.dk/fhir/core/CodeSystem/dk-marital-status",
      "version" : "3.0.0",
      "status" : "active",
      "name" : "DkMaritalStatus",
      "title" : "DK Marital Statuses",
      "description" : "DK marital statuses"
    },
    {
      "url" : "http://hl7.dk/fhir/core/CodeSystem/episode-of-care-status-dk-supplement",
      "version" : "3.0.0",
      "status" : "active",
      "name" : "EpisodeOfCareStatus",
      "title" : "DK Episode Of Care Status",
      "description" : "The status of the episode of care."
    },
    {
      "url" : "http://hl7.dk/fhir/core/CodeSystem/publication-status-dk-supplement",
      "version" : "3.0.0",
      "status" : "active",
      "name" : "PublicationStatus",
      "title" : "DK Publication Status",
      "description" : "The lifecycle status of a Value Set or Concept Map."
    },
    {
      "url" : "http://hl7.dk/fhir/core/CodeSystem/request-status-dk-supplement",
      "version" : "3.0.0",
      "status" : "active",
      "name" : "RequestStatus",
      "title" : "DK Request Status",
      "description" : "Codes identifying the stage lifecycle stage of a request"
    }
  ]
}
