[
  {
    "id" : "DkCoreProfessionGroupCodes",
    "type" : "CodeSystem",
    "url" : "http://hl7.dk/fhir/core/CodeSystem/DkCoreProfessionGroupCodes",
    "version" : "2.2.0",
    "name" : "DkCoreProfessionGroupCodes"
  },
  {
    "id" : "address-type-dk-supplement",
    "type" : "CodeSystem",
    "url" : "http://hl7.dk/fhir/core/CodeSystem/address-type-dk-supplement",
    "version" : "2.2.0",
    "name" : "AddressType"
  },
  {
    "id" : "address-use-dk-supplement",
    "type" : "CodeSystem",
    "url" : "http://hl7.dk/fhir/core/CodeSystem/address-use-dk-supplement",
    "version" : "2.2.0",
    "name" : "AddressUse"
  },
  {
    "id" : "administrative-gender-supplement",
    "type" : "CodeSystem",
    "url" : "http://hl7.dk/fhir/core/CodeSystem/administrative-gender-supplement",
    "version" : "2.2.0",
    "name" : "AdministrativeGenderDkSupplement"
  },
  {
    "id" : "care-team-status-dk-supplement",
    "type" : "CodeSystem",
    "url" : "http://hl7.dk/fhir/core/CodeSystem/care-team-status-dk-supplement",
    "version" : "2.2.0",
    "name" : "CareTeamStatus"
  },
  {
    "id" : "consent-state-codes-dk-supplement",
    "type" : "CodeSystem",
    "url" : "http://hl7.dk/fhir/core/CodeSystem/consent-state-codes-dk-supplement",
    "version" : "2.2.0",
    "name" : "ConsentState"
  },
  {
    "id" : "days-of-week-dk-supplement",
    "type" : "CodeSystem",
    "url" : "http://hl7.dk/fhir/core/CodeSystem/days-of-week-dk-supplement",
    "version" : "2.2.0",
    "name" : "DaysOfWeek"
  },
  {
    "id" : "dk-core-municipality-codes",
    "type" : "CodeSystem",
    "url" : "http://hl7.dk/fhir/core/CodeSystem/dk-core-municipality-codes",
    "version" : "2.2.0",
    "name" : "MunicipalityCodes"
  },
  {
    "id" : "dk-core-municipality-codes-greenland",
    "type" : "CodeSystem",
    "url" : "http://hl7.dk/fhir/core/CodeSystem/dk-core-municipality-codes-greenland",
    "version" : "2.2.0",
    "name" : "GreenlandMunicipalityCodes"
  },
  {
    "id" : "dk-core-regional-subdivision-codes",
    "type" : "CodeSystem",
    "url" : "http://hl7.dk/fhir/core/CodeSystem/dk-core-regional-subdivision-codes",
    "version" : "2.2.0",
    "name" : "DKCoreRegionalSubdivisionCodes"
  },
  {
    "id" : "dk-marital-status",
    "type" : "CodeSystem",
    "url" : "http://hl7.dk/fhir/core/CodeSystem/dk-marital-status",
    "version" : "2.2.0",
    "name" : "DkMaritalStatus"
  },
  {
    "id" : "episode-of-care-status-dk-supplement",
    "type" : "CodeSystem",
    "url" : "http://hl7.dk/fhir/core/CodeSystem/episode-of-care-status-dk-supplement",
    "version" : "2.2.0",
    "name" : "EpisodeOfCareStatus"
  },
  {
    "id" : "publication-status-dk-supplement",
    "type" : "CodeSystem",
    "url" : "http://hl7.dk/fhir/core/CodeSystem/publication-status-dk-supplement",
    "version" : "2.2.0",
    "name" : "PublicationStatus"
  },
  {
    "id" : "request-status-dk-supplement",
    "type" : "CodeSystem",
    "url" : "http://hl7.dk/fhir/core/CodeSystem/request-status-dk-supplement",
    "version" : "2.2.0",
    "name" : "RequestStatus"
  },
  {
    "id" : "hl7.fhir.dk.core",
    "type" : "ImplementationGuide",
    "url" : "http://hl7.dk/fhir/core/ImplementationGuide/hl7.fhir.dk.core",
    "version" : "2.2.0",
    "name" : "DKCore"
  },
  {
    "id" : "cpr",
    "type" : "NamingSystem",
    "url" : "http://hl7.dk/fhir/core/NamingSystem/cpr",
    "version" : "2.2.0",
    "name" : "DkCoreDanishCivilRegistrationSystem"
  },
  {
    "id" : "sor",
    "type" : "NamingSystem",
    "url" : "http://hl7.dk/fhir/core/NamingSystem/sor",
    "version" : "2.2.0",
    "name" : "DkCoreSor"
  },
  {
    "id" : "ConditionLastAssertedDate",
    "type" : "StructureDefinition",
    "url" : "http://hl7.dk/fhir/core/StructureDefinition/ConditionLastAssertedDate",
    "version" : "2.2.0",
    "name" : "ConditionLastAssertedDate"
  },
  {
    "id" : "NotFollowedAnymore",
    "type" : "StructureDefinition",
    "url" : "http://hl7.dk/fhir/core/StructureDefinition/NotFollowedAnymore",
    "version" : "2.2.0",
    "name" : "NotFollowedAnymore"
  },
  {
    "id" : "dk-core-RegionalSubDivisionCodes",
    "type" : "StructureDefinition",
    "url" : "http://hl7.dk/fhir/core/StructureDefinition/dk-core-RegionalSubDivisionCodes",
    "version" : "2.2.0",
    "name" : "RegionalSubDivisionCodes"
  },
  {
    "id" : "dk-core-authorization-identifier",
    "type" : "StructureDefinition",
    "url" : "http://hl7.dk/fhir/core/StructureDefinition/dk-core-authorization-identifier",
    "version" : "2.2.0",
    "name" : "AuthorizationIdentifier"
  },
  {
    "id" : "dk-core-condition",
    "type" : "StructureDefinition",
    "url" : "http://hl7.dk/fhir/core/StructureDefinition/dk-core-condition",
    "version" : "2.2.0",
    "name" : "DkCoreCondition"
  },
  {
    "id" : "dk-core-cpr-identifier",
    "type" : "StructureDefinition",
    "url" : "http://hl7.dk/fhir/core/StructureDefinition/dk-core-cpr-identifier",
    "version" : "2.2.0",
    "name" : "DkCoreCprIdentifier"
  },
  {
    "id" : "dk-core-cvr-identifier",
    "type" : "StructureDefinition",
    "url" : "http://hl7.dk/fhir/core/StructureDefinition/dk-core-cvr-identifier",
    "version" : "2.2.0",
    "name" : "CVRIdentifier"
  },
  {
    "id" : "dk-core-gln-identifier",
    "type" : "StructureDefinition",
    "url" : "http://hl7.dk/fhir/core/StructureDefinition/dk-core-gln-identifier",
    "version" : "2.2.0",
    "name" : "GLNIdentifier"
  },
  {
    "id" : "dk-core-kombit-org-identifier",
    "type" : "StructureDefinition",
    "url" : "http://hl7.dk/fhir/core/StructureDefinition/dk-core-kombit-org-identifier",
    "version" : "2.2.0",
    "name" : "KombitOrgIdentifier"
  },
  {
    "id" : "dk-core-municipalityCodes",
    "type" : "StructureDefinition",
    "url" : "http://hl7.dk/fhir/core/StructureDefinition/dk-core-municipalityCodes",
    "version" : "2.2.0",
    "name" : "MunicipalityCodes"
  },
  {
    "id" : "dk-core-organization",
    "type" : "StructureDefinition",
    "url" : "http://hl7.dk/fhir/core/StructureDefinition/dk-core-organization",
    "version" : "2.2.0",
    "name" : "DkCoreOrganization"
  },
  {
    "id" : "dk-core-patient",
    "type" : "StructureDefinition",
    "url" : "http://hl7.dk/fhir/core/StructureDefinition/dk-core-patient",
    "version" : "2.2.0",
    "name" : "DkCorePatient"
  },
  {
    "id" : "dk-core-practitioner",
    "type" : "StructureDefinition",
    "url" : "http://hl7.dk/fhir/core/StructureDefinition/dk-core-practitioner",
    "version" : "2.2.0",
    "name" : "DkCorePractitioner"
  },
  {
    "id" : "dk-core-sor-identifier",
    "type" : "StructureDefinition",
    "url" : "http://hl7.dk/fhir/core/StructureDefinition/dk-core-sor-identifier",
    "version" : "2.2.0",
    "name" : "SORIdentifier"
  },
  {
    "id" : "lpr3-Identifier",
    "type" : "StructureDefinition",
    "url" : "http://hl7.dk/fhir/core/StructureDefinition/lpr3-Identifier",
    "version" : "2.2.0",
    "name" : "Lpr3Identifier"
  },
  {
    "id" : "DkCoreProfessionGroupValueSet",
    "type" : "ValueSet",
    "url" : "http://hl7.dk/fhir/core/ValueSet/DkCoreProfessionGroupValueSet",
    "version" : "2.2.0",
    "name" : "DkCoreProfessionGroupValueSet"
  },
  {
    "id" : "dk-core-MunicipalityCodes",
    "type" : "ValueSet",
    "url" : "http://hl7.dk/fhir/core/ValueSet/dk-core-MunicipalityCodes",
    "version" : "2.2.0",
    "name" : "MunicipalityCodes"
  },
  {
    "id" : "dk-core-RegionalSubDivisionCodes",
    "type" : "ValueSet",
    "url" : "http://hl7.dk/fhir/core/ValueSet/dk-core-RegionalSubDivisionCodes",
    "version" : "2.2.0",
    "name" : "RegionalSubdivisionCodes"
  },
  {
    "id" : "dk-marital-status",
    "type" : "ValueSet",
    "url" : "http://hl7.dk/fhir/core/ValueSet/dk-marital-status",
    "version" : "2.2.0"
  },
  {
    "id" : "sor-organization-type",
    "type" : "ValueSet",
    "url" : "http://hl7.dk/fhir/core/ValueSet/sor-organization-type",
    "version" : "2.2.0",
    "name" : "SorOrganizationType"
  }
]
