{
  "resourceType" : "CodeSystem",
  "id" : "request-status-dk-supplement",
  "text" : {
    "status" : "generated",
    "div" : "<div xmlns=\"http://www.w3.org/1999/xhtml\"><p>This code system <code>http://hl7.dk/fhir/core/CodeSystem/request-status-dk-supplement</code> defines displays on the following codes:</p><table class=\"codes\"><tr><td style=\"white-space:nowrap\"><b>Code</b></td><td><b>Display</b></td><td><b>Definition</b></td><td><b>Dansk (Danish, da)</b></td></tr><tr><td><a style=\"white-space:nowrap\" href=\"http://hl7.org/fhir/R4/codesystem-request-status.html#request-status-draft\">draft</a><a name=\"request-status-dk-supplement-draft\"> </a></td><td>Draft</td><td>The request has been created but is not yet complete or ready for action.</td><td>Udkast</td></tr><tr><td><a style=\"white-space:nowrap\" href=\"http://hl7.org/fhir/R4/codesystem-request-status.html#request-status-active\">active</a><a name=\"request-status-dk-supplement-active\"> </a></td><td>Active</td><td>The request is in force and ready to be acted upon.</td><td>Aktiv</td></tr><tr><td><a style=\"white-space:nowrap\" href=\"http://hl7.org/fhir/R4/codesystem-request-status.html#request-status-on-hold\">on-hold</a><a name=\"request-status-dk-supplement-on-hold\"> </a></td><td>On Hold</td><td>The request (and any implicit authorization to act) has been temporarily withdrawn but is expected to resume in the future.</td><td>Suspenderet</td></tr><tr><td><a style=\"white-space:nowrap\" href=\"http://hl7.org/fhir/R4/codesystem-request-status.html#request-status-revoked\">revoked</a><a name=\"request-status-dk-supplement-revoked\"> </a></td><td>Revoked</td><td>The request (and any implicit authorization to act) has been terminated prior to the known full completion of the intended actions. No further activity should occur.</td><td>Annulleret</td></tr><tr><td><a style=\"white-space:nowrap\" href=\"http://hl7.org/fhir/R4/codesystem-request-status.html#request-status-completed\">completed</a><a name=\"request-status-dk-supplement-completed\"> </a></td><td>Completed</td><td>The activity described by the request has been fully performed. No further activity will occur.</td><td>Afsluttet</td></tr><tr><td><a style=\"white-space:nowrap\" href=\"http://hl7.org/fhir/R4/codesystem-request-status.html#request-status-entered-in-error\">entered-in-error</a><a name=\"request-status-dk-supplement-entered-in-error\"> </a></td><td>Entered in Error</td><td>This request should never have existed and should be considered 'void'. (It is possible that real-world decisions were based on it. If real-world activity has occurred, the status should be &quot;revoked&quot; rather than &quot;entered-in-error&quot;.).</td><td>Fejlindtastning</td></tr><tr><td><a style=\"white-space:nowrap\" href=\"http://hl7.org/fhir/R4/codesystem-request-status.html#request-status-unknown\">unknown</a><a name=\"request-status-dk-supplement-unknown\"> </a></td><td>Unknown</td><td>The authoring system does not know which of the status values currently applies for this request.  Note: This concept is not to be used for &quot;other&quot;  - one of the listed statuses is presumed to apply, but the authoring/source system does not know which.</td><td>Ukendt</td></tr></table></div>"
  },
  "url" : "http://hl7.dk/fhir/core/CodeSystem/request-status-dk-supplement",
  "version" : "2.2.0",
  "name" : "RequestStatus",
  "title" : "DK Request Status",
  "status" : "draft",
  "experimental" : false,
  "date" : "2023-04-30T22:07:34+02:00",
  "publisher" : "HL7 Denmark",
  "contact" : [{
    "name" : "HL7 Denmark",
    "telecom" : [{
      "system" : "url",
      "value" : "http://www.hl7.dk"
    },
    {
      "system" : "email",
      "value" : "jenskristianvilladsen@gmail.com"
    }]
  }],
  "description" : "Codes identifying the stage lifecycle stage of a request",
  "jurisdiction" : [{
    "coding" : [{
      "system" : "urn:iso:std:iso:3166",
      "code" : "DK",
      "display" : "Denmark"
    }]
  }],
  "content" : "supplement",
  "supplements" : "http://hl7.org/fhir/request-status",
  "concept" : [{
    "code" : "draft",
    "display" : "Draft",
    "definition" : "The request has been created but is not yet complete or ready for action.",
    "designation" : [{
      "language" : "da",
      "use" : {
        "system" : "http://snomed.info/sct",
        "code" : "900000000000013009"
      },
      "value" : "Udkast"
    }]
  },
  {
    "code" : "active",
    "display" : "Active",
    "definition" : "The request is in force and ready to be acted upon.",
    "designation" : [{
      "language" : "da",
      "use" : {
        "system" : "http://snomed.info/sct",
        "code" : "900000000000013009"
      },
      "value" : "Aktiv"
    }]
  },
  {
    "code" : "on-hold",
    "display" : "On Hold",
    "definition" : "The request (and any implicit authorization to act) has been temporarily withdrawn but is expected to resume in the future.",
    "designation" : [{
      "language" : "da",
      "use" : {
        "system" : "http://snomed.info/sct",
        "code" : "900000000000013009"
      },
      "value" : "Suspenderet"
    }]
  },
  {
    "code" : "revoked",
    "display" : "Revoked",
    "definition" : "The request (and any implicit authorization to act) has been terminated prior to the known full completion of the intended actions. No further activity should occur.",
    "designation" : [{
      "language" : "da",
      "use" : {
        "system" : "http://snomed.info/sct",
        "code" : "900000000000013009"
      },
      "value" : "Annulleret"
    }]
  },
  {
    "code" : "completed",
    "display" : "Completed",
    "definition" : "The activity described by the request has been fully performed. No further activity will occur.",
    "designation" : [{
      "language" : "da",
      "use" : {
        "system" : "http://snomed.info/sct",
        "code" : "900000000000013009"
      },
      "value" : "Afsluttet"
    }]
  },
  {
    "code" : "entered-in-error",
    "display" : "Entered in Error",
    "definition" : "This request should never have existed and should be considered 'void'. (It is possible that real-world decisions were based on it. If real-world activity has occurred, the status should be \"revoked\" rather than \"entered-in-error\".).",
    "designation" : [{
      "language" : "da",
      "use" : {
        "system" : "http://snomed.info/sct",
        "code" : "900000000000013009"
      },
      "value" : "Fejlindtastning"
    }]
  },
  {
    "code" : "unknown",
    "display" : "Unknown",
    "definition" : "The authoring system does not know which of the status values currently applies for this request.  Note: This concept is not to be used for \"other\"  - one of the listed statuses is presumed to apply, but the authoring/source system does not know which.",
    "designation" : [{
      "language" : "da",
      "use" : {
        "system" : "http://snomed.info/sct",
        "code" : "900000000000013009"
      },
      "value" : "Ukendt"
    }]
  }]
}