<?xml version="1.0" encoding="UTF-8"?>

<Bundle xmlns="http://hl7.org/fhir">
  <id value="MaxTOKS"/>
  <type value="collection"/>
  <timestamp value="2023-08-08T13:30:00.000Z"/>
  <entry>
    <fullUrl value="http://hl7.dk/fhir/core/Patient/Max"/>
    <resource>
      <Patient>
        <id value="Max"/>
        <meta>
          <profile value="http://hl7.dk/fhir/core/StructureDefinition/dk-core-patient"/>
        </meta>
        <text>
          <status value="generated"/><div xmlns="http://www.w3.org/1999/xhtml"><a name="Patient_Max"> </a><p class="res-header-id"><b>Generated Narrative: Patient Max</b></p><a name="Max"> </a><a name="hcMax"> </a><div style="display: inline-block; background-color: #d9e0e7; padding: 6px; margin: 4px; border: 1px solid #8da1b4; border-radius: 5px; line-height: 60%"><p style="margin-bottom: 0px"/><p style="margin-bottom: 0px">Profile: <a href="StructureDefinition-dk-core-patient.html">Danish Core Patient Profile</a></p></div><p style="border: 1px #661aff solid; background-color: #e6e6ff; padding: 10px;">Mr. Max Test Berggren(official) Mand, DoB: 1972-07-01 ( urn:oid:1.2.208.176.1.2#0107729995)</p><hr/><table class="grid"><tr><td style="background-color: #f3f5da" title="Known Marital status of Patient">Marital Status:</td><td colspan="3"><span title="Codes:{http://hl7.dk/fhir/core/CodeSystem/dk-marital-status P}">Registreret partnerskab</span></td></tr></table></div>
        </text>
        <identifier>
          <system value="urn:oid:1.2.208.176.1.2"/>
          <value value="0107729995"/>
        </identifier>
        <name>
          <use value="official"/>
          <text value="Mr. Max Test Berggren"/>
          <family value="Berggren"/>
          <given value="Max"/>
          <given value="Test"/>
          <prefix value="Mr"/>
        </name>
        <gender value="male"/>
        <birthDate value="1972-07-01"/>
        <maritalStatus>
          <coding>
            <system value="http://hl7.dk/fhir/core/CodeSystem/dk-marital-status"/>
            <code value="P"/>
          </coding>
        </maritalStatus>
      </Patient>
    </resource>
  </entry>
  <entry>
    <fullUrl value="http://hl7.dk/fhir/core/Observation/MaxConsciousness"/>
    <resource>
      <Observation>
        <id value="MaxConsciousness"/>
        <meta>
          <profile value="http://hl7.dk/fhir/core/StructureDefinition/dk-core-observation"/>
        </meta>
        <text>
          <status value="generated"/><div xmlns="http://www.w3.org/1999/xhtml"><a name="Observation_MaxConsciousness"> </a><p class="res-header-id"><b>Generated Narrative: Observation MaxConsciousness</b></p><a name="MaxConsciousness"> </a><a name="hcMaxConsciousness"> </a><div style="display: inline-block; background-color: #d9e0e7; padding: 6px; margin: 4px; border: 1px solid #8da1b4; border-radius: 5px; line-height: 60%"><p style="margin-bottom: 0px"/><p style="margin-bottom: 0px">Profile: <a href="StructureDefinition-dk-core-observation.html">Danish Core Observation Profile</a></p></div><p><b>status</b>: Final</p><p><b>category</b>: <span title="Codes:{http://terminology.hl7.org/CodeSystem/observation-category vital-signs}">Vital Signs</span></p><p><b>code</b>: <span title="Codes:{http://loinc.org 80288-4}">Level of consciousness</span></p><p><b>subject</b>: <a href="Patient-Max.html">Mr. Max Test Berggren(official) Mand, DoB: 1972-07-01 ( urn:oid:1.2.208.176.1.2#0107729995)</a></p><p><b>effective</b>: 2023-08-08 13:30:00+0000</p><p><b>value</b>: <span title="Codes:{http://snomed.info/sct 450847001}">reagerer på smerte</span></p><p><b>method</b>: <span title="Codes:{http://snomed.info/sct 733985002}">Reported (qualifier value)</span></p></div>
        </text>
        <status value="final"/>
        <category>
          <coding>
            <system value="http://terminology.hl7.org/CodeSystem/observation-category"/>
            <code value="vital-signs"/>
          </coding>
        </category>
        <code>
          <coding>
            <system value="http://loinc.org"/>
            <version value="http://snomed.info/sct/554471000005108"/>
            <code value="80288-4"/>
          </coding>
        </code>
        <subject>
          <reference value="Patient/Max"/>
        </subject>
        <effectiveDateTime value="2023-08-08T13:30:00.000Z"/>
        <valueCodeableConcept>
          <coding>
            <system value="http://snomed.info/sct"/>
            <version value="http://snomed.info/sct/554471000005108"/>
            <code value="450847001"/>
          </coding>
        </valueCodeableConcept>
        <method>
          <coding>
            <system value="http://snomed.info/sct"/>
            <version value="http://snomed.info/sct/554471000005108"/>
            <code value="733985002"/>
            <display value="Reported (qualifier value)"/>
          </coding>
        </method>
      </Observation>
    </resource>
  </entry>
  <entry>
    <fullUrl value="http://hl7.dk/fhir/core/Observation/MaxBloodPressure"/>
    <resource>
      <Observation>
        <id value="MaxBloodPressure"/>
        <meta>
          <profile value="http://hl7.dk/fhir/core/StructureDefinition/dk-core-basic-observation"/>
        </meta>
        <text>
          <status value="generated"/><div xmlns="http://www.w3.org/1999/xhtml"><a name="Observation_MaxBloodPressure"> </a><p class="res-header-id"><b>Generated Narrative: Observation MaxBloodPressure</b></p><a name="MaxBloodPressure"> </a><a name="hcMaxBloodPressure"> </a><div style="display: inline-block; background-color: #d9e0e7; padding: 6px; margin: 4px; border: 1px solid #8da1b4; border-radius: 5px; line-height: 60%"><p style="margin-bottom: 0px"/><p style="margin-bottom: 0px">Profile: <a href="StructureDefinition-dk-core-basic-observation.html">Danish Core Basic Observation Profile</a></p></div><p><b>status</b>: Final</p><p><b>category</b>: <span title="Codes:{http://terminology.hl7.org/CodeSystem/observation-category vital-signs}">Vital Signs</span></p><p><b>code</b>: <span title="Codes:{http://loinc.org 85354-9}, {urn:oid:1.2.208.176.2.4 ZZ3160}">Blood pressure panel with all children optional</span></p><p><b>subject</b>: <a href="Patient-Max.html">Mr. Max Test Berggren(official) Mand, DoB: 1972-07-01 ( urn:oid:1.2.208.176.1.2#0107729995)</a></p><p><b>effective</b>: 2023-08-08 13:30:00+0000</p><p><b>method</b>: <span title="Codes:{http://snomed.info/sct 272391002}">Measurement technique (qualifier value)</span></p><blockquote><p><b>component</b></p><p><b>code</b>: <span title="Codes:{http://loinc.org 8480-6}, {http://snomed.info/sct 407554009}">Systolic blood pressure</span></p><p><b>value</b>: 156 mmHg<span style="background: LightGoldenRodYellow"> (Details: UCUM  codemm[Hg] = 'mm[Hg]')</span></p></blockquote><blockquote><p><b>component</b></p><p><b>code</b>: <span title="Codes:{http://loinc.org 8462-4}, {http://snomed.info/sct 407555005}">Diastolic blood pressure</span></p><p><b>value</b>: 78 mmHg<span style="background: LightGoldenRodYellow"> (Details: UCUM  codemm[Hg] = 'mm[Hg]')</span></p></blockquote></div>
        </text>
        <status value="final"/>
        <category>
          <coding>
            <system value="http://terminology.hl7.org/CodeSystem/observation-category"/>
            <code value="vital-signs"/>
          </coding>
        </category>
        <code>
          <coding>
            <system value="http://loinc.org"/>
            <code value="85354-9"/>
          </coding>
          <coding>
            <system value="urn:oid:1.2.208.176.2.4"/>
            <code value="ZZ3160"/>
          </coding>
        </code>
        <subject>
          <reference value="Patient/Max"/>
        </subject>
        <effectiveDateTime value="2023-08-08T13:30:00.000Z"/>
        <method>
          <coding>
            <system value="http://snomed.info/sct"/>
            <version value="http://snomed.info/sct/554471000005108"/>
            <code value="272391002"/>
            <display value="Measurement technique (qualifier value)"/>
          </coding>
        </method>
        <component>
          <code>
            <coding>
              <system value="http://loinc.org"/>
              <code value="8480-6"/>
            </coding>
            <coding>
              <system value="http://snomed.info/sct"/>
              <version value="http://snomed.info/sct/554471000005108"/>
              <code value="407554009"/>
            </coding>
          </code>
          <valueQuantity>
            <value value="156"/>
            <unit value="mmHg"/>
            <system value="http://unitsofmeasure.org"/>
            <code value="mm[Hg]"/>
          </valueQuantity>
        </component>
        <component>
          <code>
            <coding>
              <system value="http://loinc.org"/>
              <code value="8462-4"/>
            </coding>
            <coding>
              <system value="http://snomed.info/sct"/>
              <version value="http://snomed.info/sct/554471000005108"/>
              <code value="407555005"/>
            </coding>
          </code>
          <valueQuantity>
            <value value="78"/>
            <unit value="mmHg"/>
            <system value="http://unitsofmeasure.org"/>
            <code value="mm[Hg]"/>
          </valueQuantity>
        </component>
      </Observation>
    </resource>
  </entry>
  <entry>
    <fullUrl value="http://hl7.dk/fhir/core/Observation/MaxBodyTemperature"/>
    <resource>
      <Observation>
        <id value="MaxBodyTemperature"/>
        <meta>
          <profile value="http://hl7.dk/fhir/core/StructureDefinition/dk-core-basic-observation"/>
        </meta>
        <text>
          <status value="generated"/><div xmlns="http://www.w3.org/1999/xhtml"><a name="Observation_MaxBodyTemperature"> </a><p class="res-header-id"><b>Generated Narrative: Observation MaxBodyTemperature</b></p><a name="MaxBodyTemperature"> </a><a name="hcMaxBodyTemperature"> </a><div style="display: inline-block; background-color: #d9e0e7; padding: 6px; margin: 4px; border: 1px solid #8da1b4; border-radius: 5px; line-height: 60%"><p style="margin-bottom: 0px"/><p style="margin-bottom: 0px">Profile: <a href="StructureDefinition-dk-core-basic-observation.html">Danish Core Basic Observation Profile</a></p></div><p><b>status</b>: Final</p><p><b>category</b>: <span title="Codes:{http://terminology.hl7.org/CodeSystem/observation-category vital-signs}">Vital Signs</span></p><p><b>code</b>: <span title="Codes:{http://loinc.org 8310-5}, {urn:oid:1.2.208.176.2.4 ZZ0253}">Body temperature</span></p><p><b>subject</b>: <a href="Patient-Max.html">Mr. Max Test Berggren(official) Mand, DoB: 1972-07-01 ( urn:oid:1.2.208.176.1.2#0107729995)</a></p><p><b>effective</b>: 2023-08-08 13:30:00+0000</p><p><b>value</b>: 37 grader celcius<span style="background: LightGoldenRodYellow"> (Details: UCUM  codeCel = 'Cel')</span></p><p><b>method</b>: <span title="Codes:{http://snomed.info/sct 272391002}">Measurement technique (qualifier value)</span></p></div>
        </text>
        <status value="final"/>
        <category>
          <coding>
            <system value="http://terminology.hl7.org/CodeSystem/observation-category"/>
            <code value="vital-signs"/>
          </coding>
        </category>
        <code>
          <coding>
            <system value="http://loinc.org"/>
            <code value="8310-5"/>
          </coding>
          <coding>
            <system value="urn:oid:1.2.208.176.2.4"/>
            <code value="ZZ0253"/>
          </coding>
        </code>
        <subject>
          <reference value="Patient/Max"/>
        </subject>
        <effectiveDateTime value="2023-08-08T13:30:00.000Z"/>
        <valueQuantity>
          <value value="37"/>
          <unit value="grader celcius"/>
          <system value="http://unitsofmeasure.org"/>
          <code value="Cel"/>
        </valueQuantity>
        <method>
          <coding>
            <system value="http://snomed.info/sct"/>
            <version value="http://snomed.info/sct/554471000005108"/>
            <code value="272391002"/>
            <display value="Measurement technique (qualifier value)"/>
          </coding>
        </method>
      </Observation>
    </resource>
  </entry>
  <entry>
    <fullUrl value="http://hl7.dk/fhir/core/Observation/MaxHeartRate"/>
    <resource>
      <Observation>
        <id value="MaxHeartRate"/>
        <meta>
          <profile value="http://hl7.dk/fhir/core/StructureDefinition/dk-core-basic-observation"/>
        </meta>
        <text>
          <status value="generated"/><div xmlns="http://www.w3.org/1999/xhtml"><a name="Observation_MaxHeartRate"> </a><p class="res-header-id"><b>Generated Narrative: Observation MaxHeartRate</b></p><a name="MaxHeartRate"> </a><a name="hcMaxHeartRate"> </a><div style="display: inline-block; background-color: #d9e0e7; padding: 6px; margin: 4px; border: 1px solid #8da1b4; border-radius: 5px; line-height: 60%"><p style="margin-bottom: 0px"/><p style="margin-bottom: 0px">Profile: <a href="StructureDefinition-dk-core-basic-observation.html">Danish Core Basic Observation Profile</a></p></div><p><b>status</b>: Final</p><p><b>category</b>: <span title="Codes:{http://terminology.hl7.org/CodeSystem/observation-category vital-signs}">Vital Signs</span></p><p><b>code</b>: <span title="Codes:{http://loinc.org 8867-4}, {urn:oid:1.2.208.176.2.4 ZZ3140}">Heart rate</span></p><p><b>subject</b>: <a href="Patient-Max.html">Mr. Max Test Berggren(official) Mand, DoB: 1972-07-01 ( urn:oid:1.2.208.176.1.2#0107729995)</a></p><p><b>effective</b>: 2023-08-08 13:30:00+0000</p><p><b>value</b>: 68 slag/minut<span style="background: LightGoldenRodYellow"> (Details: UCUM  code/min = '/min')</span></p><p><b>method</b>: <span title="Codes:{http://snomed.info/sct 272391002}">Measurement technique (qualifier value)</span></p></div>
        </text>
        <status value="final"/>
        <category>
          <coding>
            <system value="http://terminology.hl7.org/CodeSystem/observation-category"/>
            <code value="vital-signs"/>
          </coding>
        </category>
        <code>
          <coding>
            <system value="http://loinc.org"/>
            <code value="8867-4"/>
          </coding>
          <coding>
            <system value="urn:oid:1.2.208.176.2.4"/>
            <code value="ZZ3140"/>
          </coding>
        </code>
        <subject>
          <reference value="Patient/Max"/>
        </subject>
        <effectiveDateTime value="2023-08-08T13:30:00.000Z"/>
        <valueQuantity>
          <value value="68"/>
          <unit value="slag/minut"/>
          <system value="http://unitsofmeasure.org"/>
          <code value="/min"/>
        </valueQuantity>
        <method>
          <coding>
            <system value="http://snomed.info/sct"/>
            <version value="http://snomed.info/sct/554471000005108"/>
            <code value="272391002"/>
            <display value="Measurement technique (qualifier value)"/>
          </coding>
        </method>
      </Observation>
    </resource>
  </entry>
  <entry>
    <fullUrl value="http://hl7.dk/fhir/core/Observation/MaxRespirationRate"/>
    <resource>
      <Observation>
        <id value="MaxRespirationRate"/>
        <meta>
          <profile value="http://hl7.dk/fhir/core/StructureDefinition/dk-core-basic-observation"/>
        </meta>
        <text>
          <status value="generated"/><div xmlns="http://www.w3.org/1999/xhtml"><a name="Observation_MaxRespirationRate"> </a><p class="res-header-id"><b>Generated Narrative: Observation MaxRespirationRate</b></p><a name="MaxRespirationRate"> </a><a name="hcMaxRespirationRate"> </a><div style="display: inline-block; background-color: #d9e0e7; padding: 6px; margin: 4px; border: 1px solid #8da1b4; border-radius: 5px; line-height: 60%"><p style="margin-bottom: 0px"/><p style="margin-bottom: 0px">Profile: <a href="StructureDefinition-dk-core-basic-observation.html">Danish Core Basic Observation Profile</a></p></div><p><b>status</b>: Final</p><p><b>category</b>: <span title="Codes:{http://terminology.hl7.org/CodeSystem/observation-category vital-signs}">Vital Signs</span></p><p><b>code</b>: <span title="Codes:{http://loinc.org 9279-1}, {http://snomed.info/sct 86290005}">Respiratory rate</span></p><p><b>subject</b>: <a href="Patient-Max.html">Mr. Max Test Berggren(official) Mand, DoB: 1972-07-01 ( urn:oid:1.2.208.176.1.2#0107729995)</a></p><p><b>effective</b>: 2023-08-08 13:30:00+0000</p><p><b>value</b>: 13 /min<span style="background: LightGoldenRodYellow"> (Details: UCUM  code/min = '/min')</span></p><p><b>method</b>: <span title="Codes:{http://snomed.info/sct 272391002}">Measurement technique (qualifier value)</span></p></div>
        </text>
        <status value="final"/>
        <category>
          <coding>
            <system value="http://terminology.hl7.org/CodeSystem/observation-category"/>
            <code value="vital-signs"/>
          </coding>
        </category>
        <code>
          <coding>
            <system value="http://loinc.org"/>
            <code value="9279-1"/>
          </coding>
          <coding>
            <system value="http://snomed.info/sct"/>
            <version value="http://snomed.info/sct/554471000005108"/>
            <code value="86290005"/>
          </coding>
        </code>
        <subject>
          <reference value="Patient/Max"/>
        </subject>
        <effectiveDateTime value="2023-08-08T13:30:00.000Z"/>
        <valueQuantity>
          <value value="13"/>
          <unit value="/min"/>
          <system value="http://unitsofmeasure.org"/>
          <code value="/min"/>
        </valueQuantity>
        <method>
          <coding>
            <system value="http://snomed.info/sct"/>
            <version value="http://snomed.info/sct/554471000005108"/>
            <code value="272391002"/>
            <display value="Measurement technique (qualifier value)"/>
          </coding>
        </method>
      </Observation>
    </resource>
  </entry>
  <entry>
    <fullUrl value="http://hl7.dk/fhir/core/Observation/MaxGlasgowComaScale"/>
    <resource>
      <Observation>
        <id value="MaxGlasgowComaScale"/>
        <meta>
          <profile value="http://hl7.dk/fhir/core/StructureDefinition/dk-core-observation"/>
        </meta>
        <text>
          <status value="generated"/><div xmlns="http://www.w3.org/1999/xhtml"><a name="Observation_MaxGlasgowComaScale"> </a><p class="res-header-id"><b>Generated Narrative: Observation MaxGlasgowComaScale</b></p><a name="MaxGlasgowComaScale"> </a><a name="hcMaxGlasgowComaScale"> </a><div style="display: inline-block; background-color: #d9e0e7; padding: 6px; margin: 4px; border: 1px solid #8da1b4; border-radius: 5px; line-height: 60%"><p style="margin-bottom: 0px"/><p style="margin-bottom: 0px">Profile: <a href="StructureDefinition-dk-core-observation.html">Danish Core Observation Profile</a></p></div><p><b>status</b>: Final</p><p><b>code</b>: <span title="Codes:{http://snomed.info/sct 248241002}">Glasgow comaskala</span></p><p><b>subject</b>: <a href="Patient-Max.html">Mr. Max Test Berggren(official) Mand, DoB: 1972-07-01 ( urn:oid:1.2.208.176.1.2#0107729995)</a></p><p><b>effective</b>: 2023-08-08 13:30:00+0000</p><p><b>value</b>: 13 score<span style="background: LightGoldenRodYellow"> (Details: UCUM  code{score} = '{score}')</span></p><blockquote><p><b>referenceRange</b></p><p><b>high</b>: 8 score<span style="background: LightGoldenRodYellow"> (Details: UCUM  code{score} = '{score}')</span></p><p><b>type</b>: <span title="Codes:">Severe TBI</span></p></blockquote><blockquote><p><b>referenceRange</b></p><p><b>low</b>: 9 score<span style="background: LightGoldenRodYellow"> (Details: UCUM  code{score} = '{score}')</span></p><p><b>high</b>: 12 score<span style="background: LightGoldenRodYellow"> (Details: UCUM  code{score} = '{score}')</span></p><p><b>type</b>: <span title="Codes:">Moderate TBI</span></p></blockquote><blockquote><p><b>referenceRange</b></p><p><b>low</b>: 13 score<span style="background: LightGoldenRodYellow"> (Details: UCUM  code{score} = '{score}')</span></p><p><b>type</b>: <span title="Codes:">Mild TBI</span></p></blockquote><blockquote><p><b>component</b></p><p><b>code</b>: <span title="Codes:{http://loinc.org 9268-4}">Glasgow coma score motor</span></p><p><b>value</b>: <span title="Codes:{http://loinc.org LA6566-9}">Localizing pain</span></p></blockquote><blockquote><p><b>component</b></p><p><b>code</b>: <span title="Codes:{http://loinc.org 9270-0}">Glasgow coma score verbal</span></p><p><b>value</b>: <span title="Codes:{http://loinc.org LA6560-2}">Confused</span></p></blockquote><blockquote><p><b>component</b></p><p><b>code</b>: <span title="Codes:{http://loinc.org 9267-6}">Glasgow coma score eye opening</span></p><p><b>value</b>: <span title="Codes:{http://loinc.org LA6556-0}">Eyes open spontaneously</span></p></blockquote></div>
        </text>
        <status value="final"/>
        <code>
          <coding>
            <system value="http://snomed.info/sct"/>
            <version value="http://snomed.info/sct/554471000005108"/>
            <code value="248241002"/>
          </coding>
        </code>
        <subject>
          <reference value="Patient/Max"/>
        </subject>
        <effectiveDateTime value="2023-08-08T13:30:00.000Z"/>
        <valueQuantity>
          <value value="13"/>
          <unit value="score"/>
          <system value="http://unitsofmeasure.org"/>
          <code value="{score}"/>
        </valueQuantity>
        <referenceRange>
          <high>
            <value value="8"/>
            <unit value="score"/>
            <system value="http://unitsofmeasure.org"/>
            <code value="{score}"/>
          </high>
          <type>
            <text value="Severe TBI"/>
          </type>
        </referenceRange>
        <referenceRange>
          <low>
            <value value="9"/>
            <unit value="score"/>
            <system value="http://unitsofmeasure.org"/>
            <code value="{score}"/>
          </low>
          <high>
            <value value="12"/>
            <unit value="score"/>
            <system value="http://unitsofmeasure.org"/>
            <code value="{score}"/>
          </high>
          <type>
            <text value="Moderate TBI"/>
          </type>
        </referenceRange>
        <referenceRange>
          <low>
            <value value="13"/>
            <unit value="score"/>
            <system value="http://unitsofmeasure.org"/>
            <code value="{score}"/>
          </low>
          <type>
            <text value="Mild TBI"/>
          </type>
        </referenceRange>
        <component>
          <code>
            <coding>
              <system value="http://loinc.org"/>
              <code value="9268-4"/>
              <display value="Glasgow coma score motor"/>
            </coding>
          </code>
          <valueCodeableConcept>
            <coding>
              <system value="http://loinc.org"/>
              <code value="LA6566-9"/>
              <display value="Localizing pain"/>
            </coding>
          </valueCodeableConcept>
        </component>
        <component>
          <code>
            <coding>
              <system value="http://loinc.org"/>
              <code value="9270-0"/>
              <display value="Glasgow coma score verbal"/>
            </coding>
          </code>
          <valueCodeableConcept>
            <coding>
              <system value="http://loinc.org"/>
              <code value="LA6560-2"/>
              <display value="Confused"/>
            </coding>
          </valueCodeableConcept>
        </component>
        <component>
          <code>
            <coding>
              <system value="http://loinc.org"/>
              <code value="9267-6"/>
              <display value="Glasgow coma score eye opening"/>
            </coding>
          </code>
          <valueCodeableConcept>
            <coding>
              <system value="http://loinc.org"/>
              <code value="LA6556-0"/>
              <display value="Eyes open spontaneously"/>
            </coding>
          </valueCodeableConcept>
        </component>
      </Observation>
    </resource>
  </entry>
</Bundle>