{
  "resourceType" : "Device",
  "id" : "Telma.FEEDDADADEADBEEF",
  "meta" : {
    "profile" : ["http://hl7.org/fhir/uv/phd/StructureDefinition/PhgDevice"]
  },
  "text" : {
    "status" : "generated",
    "div" : "<div xmlns=\"http://www.w3.org/1999/xhtml\"><p class=\"res-header-id\"><b>Generated Narrative: Device Telma.FEEDDADADEADBEEF</b></p><a name=\"Telma.FEEDDADADEADBEEF\"> </a><a name=\"hcTelma.FEEDDADADEADBEEF\"> </a><div style=\"display: inline-block; background-color: #d9e0e7; padding: 6px; margin: 4px; border: 1px solid #8da1b4; border-radius: 5px; line-height: 60%\"><p style=\"margin-bottom: 0px\"/><p style=\"margin-bottom: 0px\">Profile: <a href=\"http://hl7.org/fhir/uv/phd/STU1.1/StructureDefinition-PhgDevice.html\">PhgDevice</a></p></div><p><b>identifier</b>: IEEE 11073 System Identifier/FE-ED-DA-DA-DE-AD-BE-EF</p><p><b>manufacturer</b>: Trifork</p><p><b>modelNumber</b>: Telma (Android)</p><p><b>type</b>: <span title=\"Codes:{urn:iso:std:iso:11073:10101 531981}\">MDC_MOC_VMS_MDS_AHD: Continua compliant gateway</span></p><blockquote><p><b>version</b></p><p><b>type</b>: <span title=\"Codes:{urn:iso:std:iso:11073:10101 532352}\">MDC_REG_CERT_DATA_CONTINUA_VERSION: Continua version</span></p><p><b>value</b>: 7.0</p></blockquote><blockquote><p><b>version</b></p><p><b>type</b>: <span title=\"Codes:{urn:iso:std:iso:11073:10101 531974}\">MDC_ID_PROD_SPEC_HW: Hardware version</span></p><p><b>value</b>: Samsung Tab S7+ (SM-T970)</p></blockquote><blockquote><p><b>version</b></p><p><b>type</b>: <span title=\"Codes:{urn:iso:std:iso:11073:10101 531975}\">MDC_ID_PROD_SPEC_SW: Software version</span></p><p><b>value</b>: 1.2.0 (build 2662)</p></blockquote><blockquote><p><b>version</b></p><p><b>type</b>: <span title=\"Codes:{urn:iso:std:iso:11073:10101 531976}\">MDC_ID_PROD_SPEC_FW: Firmware version</span></p><p><b>value</b>: Android 12 (API 31)</p></blockquote><blockquote><p><b>property</b></p><p><b>type</b>: <span title=\"Codes:{urn:iso:std:iso:11073:10101 532353}\">MDC_REG_CERT_DATA_CONTINUA_CERT_DEV_LIST: Continua certified device list</span></p><p><b>valueCode</b>: <span title=\"Codes:{http://hl7.org/fhir/uv/phd/CodeSystem/ContinuaPHD 32783}\">BluetoothLE: Weighing scale</span>, <span title=\"Codes:{http://hl7.org/fhir/uv/phd/CodeSystem/ContinuaPHD 32775}\">BluetoothLE: Blood pressure monitor</span>, <span title=\"Codes:{http://hl7.org/fhir/uv/phd/CodeSystem/ContinuaPHD 32772}\">BluetoothLE: Pulse oximeter</span></p></blockquote><blockquote><p><b>property</b></p><p><b>type</b>: <span title=\"Codes:{urn:iso:std:iso:11073:10101 532355}\">MDC_REG_CERT_DATA_CONTINUA_AHD_CERT_LIST: Continua certified Health&amp;Fitness interfaces list</span></p><p><b>valueCode</b>: <span title=\"Codes:{http://hl7.org/fhir/uv/phd/CodeSystem/ContinuaHFS 7}\">observation-upload-fhir: FHIR resource upload</span></p></blockquote><blockquote><p><b>property</b></p><p><b>type</b>: <span title=\"Codes:{urn:iso:std:iso:11073:10101 68220}\">MDC_TIME_SYNC_PROTOCOL: Time synchronization protocol</span></p><p><b>valueCode</b>: <span title=\"Codes:{urn:iso:std:iso:11073:10101 532226}\">MDC_TIME_SYNC_NTPV4: NTPV4 time synchronization</span></p></blockquote><blockquote><p><b>property</b></p><p><b>type</b>: <span title=\"Codes:{http://hl7.org/fhir/uv/phd/CodeSystem/ASN1ToHL7 532354.0}\">regulation-status</span></p><p><b>valueCode</b>: <span title=\"Codes:{http://terminology.hl7.org/CodeSystem/v2-0136 Y}\">Device is NOT regulated</span></p></blockquote></div>"
  },
  "identifier" : [{
    "type" : {
      "coding" : [{
        "system" : "http://hl7.org/fhir/uv/phd/CodeSystem/ContinuaDeviceIdentifiers",
        "code" : "SYSID",
        "display" : "IEEE 11073 System Identifier"
      }]
    },
    "system" : "urn:oid:1.2.840.10004.1.1.1.0.0.1.0.0.1.2680",
    "value" : "FE-ED-DA-DA-DE-AD-BE-EF"
  }],
  "manufacturer" : "Trifork",
  "modelNumber" : "Telma (Android)",
  "type" : {
    "coding" : [{
      "system" : "urn:iso:std:iso:11073:10101",
      "code" : "531981",
      "display" : "MDC_MOC_VMS_MDS_AHD"
    }],
    "text" : "MDC_MOC_VMS_MDS_AHD: Continua compliant gateway"
  },
  "version" : [{
    "type" : {
      "coding" : [{
        "system" : "urn:iso:std:iso:11073:10101",
        "code" : "532352",
        "display" : "MDC_REG_CERT_DATA_CONTINUA_VERSION"
      }],
      "text" : "MDC_REG_CERT_DATA_CONTINUA_VERSION: Continua version"
    },
    "value" : "7.0"
  },
  {
    "type" : {
      "coding" : [{
        "system" : "urn:iso:std:iso:11073:10101",
        "code" : "531974",
        "display" : "MDC_ID_PROD_SPEC_HW"
      }],
      "text" : "MDC_ID_PROD_SPEC_HW: Hardware version"
    },
    "value" : "Samsung Tab S7+ (SM-T970)"
  },
  {
    "type" : {
      "coding" : [{
        "system" : "urn:iso:std:iso:11073:10101",
        "code" : "531975",
        "display" : "MDC_ID_PROD_SPEC_SW"
      }],
      "text" : "MDC_ID_PROD_SPEC_SW: Software version"
    },
    "value" : "1.2.0 (build 2662)"
  },
  {
    "type" : {
      "coding" : [{
        "system" : "urn:iso:std:iso:11073:10101",
        "code" : "531976",
        "display" : "MDC_ID_PROD_SPEC_FW"
      }],
      "text" : "MDC_ID_PROD_SPEC_FW: Firmware version"
    },
    "value" : "Android 12 (API 31)"
  }],
  "property" : [{
    "type" : {
      "coding" : [{
        "system" : "urn:iso:std:iso:11073:10101",
        "code" : "532353",
        "display" : "MDC_REG_CERT_DATA_CONTINUA_CERT_DEV_LIST"
      }],
      "text" : "MDC_REG_CERT_DATA_CONTINUA_CERT_DEV_LIST: Continua certified device list"
    },
    "valueCode" : [{
      "coding" : [{
        "system" : "http://hl7.org/fhir/uv/phd/CodeSystem/ContinuaPHD",
        "code" : "32783"
      }],
      "text" : "BluetoothLE: Weighing scale"
    },
    {
      "coding" : [{
        "system" : "http://hl7.org/fhir/uv/phd/CodeSystem/ContinuaPHD",
        "code" : "32775"
      }],
      "text" : "BluetoothLE: Blood pressure monitor"
    },
    {
      "coding" : [{
        "system" : "http://hl7.org/fhir/uv/phd/CodeSystem/ContinuaPHD",
        "code" : "32772"
      }],
      "text" : "BluetoothLE: Pulse oximeter"
    }]
  },
  {
    "type" : {
      "coding" : [{
        "system" : "urn:iso:std:iso:11073:10101",
        "code" : "532355",
        "display" : "MDC_REG_CERT_DATA_CONTINUA_AHD_CERT_LIST"
      }],
      "text" : "MDC_REG_CERT_DATA_CONTINUA_AHD_CERT_LIST: Continua certified Health&Fitness interfaces list"
    },
    "valueCode" : [{
      "coding" : [{
        "system" : "http://hl7.org/fhir/uv/phd/CodeSystem/ContinuaHFS",
        "code" : "7",
        "display" : "observation-upload-fhir"
      }],
      "text" : "observation-upload-fhir: FHIR resource upload"
    }]
  },
  {
    "type" : {
      "coding" : [{
        "system" : "urn:iso:std:iso:11073:10101",
        "code" : "68220",
        "display" : "MDC_TIME_SYNC_PROTOCOL"
      }],
      "text" : "MDC_TIME_SYNC_PROTOCOL: Time synchronization protocol"
    },
    "valueCode" : [{
      "coding" : [{
        "system" : "urn:iso:std:iso:11073:10101",
        "code" : "532226",
        "display" : "MDC_TIME_SYNC_NTPV4"
      }],
      "text" : "MDC_TIME_SYNC_NTPV4: NTPV4 time synchronization"
    }]
  },
  {
    "type" : {
      "coding" : [{
        "system" : "http://hl7.org/fhir/uv/phd/CodeSystem/ASN1ToHL7",
        "code" : "532354.0"
      }],
      "text" : "regulation-status"
    },
    "valueCode" : [{
      "coding" : [{
        "system" : "http://terminology.hl7.org/CodeSystem/v2-0136",
        "code" : "Y"
      }],
      "text" : "Device is NOT regulated"
    }]
  }]
}