<?xml version="1.0" encoding="UTF-8"?>

<NamingSystem xmlns="http://hl7.org/fhir">
  <id value="cpr"/>
  <text>
    <status value="generated"/><div xmlns="http://www.w3.org/1999/xhtml"><p class="res-header-id"><b>Generated Narrative: NamingSystem cpr</b></p><a name="cpr"> </a><a name="hccpr"> </a><h3>Summary</h3><table class="grid"><tr><td>Defining URL</td><td>http://hl7.dk/fhir/core/NamingSystem/cpr</td></tr><tr><td>Version</td><td>3.5.0</td></tr><tr><td>Name</td><td>DK Central Person Registry (CPR)</td></tr><tr><td>Status</td><td>active</td></tr><tr><td>Definition</td><td><div><p>The Danish civil registration system (&quot;CPR&quot;) encompasses basic personal data about anyone with a civil registration number. A civil registration number shall be allocated to anyone who: 1) is registered in the national register in Denmark on the grounds of birth or relocation from abroad; 2) is included under Arbejdsmarkedets TillægsPension (ATP); 3) according to the tax authorities, is required to have a civil registration number for the purpose of tax processing in Denmark.</p>
</div></td></tr><tr><td>Publisher</td><td>HL7 Denmark</td></tr></table><h3>Identifiers</h3><table class="grid"><tr><td><b>Type</b></td><td><b>Value</b></td></tr><tr><td>OID</td><td>1.2.208.176.1.2</td></tr><tr><td>URI</td><td>http://www.cpr.dk/cpr-systemet</td></tr></table></div>
  </text>
  <extension url="http://hl7.org/fhir/5.0/StructureDefinition/extension-NamingSystem.url">
    <valueUri value="http://hl7.dk/fhir/core/NamingSystem/cpr"/>
  </extension>
  <extension url="http://hl7.org/fhir/5.0/StructureDefinition/extension-NamingSystem.version">
    <valueString value="3.5.0"/>
  </extension>
  <name value="DK Central Person Registry (CPR)"/>
  <status value="active"/>
  <kind value="identifier"/>
  <date value="1968-04-02"/>
  <publisher value="HL7 Denmark"/>
  <contact>
    <name value="HL7 Denmark"/>
    <telecom>
      <system value="url"/>
      <value value="http://www.hl7.dk"/>
    </telecom>
    <telecom>
      <system value="email"/>
      <value value="dk-affiliate@hl7.dk"/>
    </telecom>
  </contact>
  <responsible value="CPR-kontoret, Indenrigs- og Sundhedsministeriets departement"/>
  <description value="The Danish civil registration system (&quot;CPR&quot;) encompasses basic personal data about anyone with a civil registration number. A civil registration number shall be allocated to anyone who: 1) is registered in the national register in Denmark on the grounds of birth or relocation from abroad; 2) is included under Arbejdsmarkedets TillægsPension (ATP); 3) according to the tax authorities, is required to have a civil registration number for the purpose of tax processing in Denmark."/>
  <jurisdiction>
    <coding>
      <system value="urn:iso:std:iso:3166"/>
      <code value="DK"/>
      <display value="Denmark"/>
    </coding>
  </jurisdiction>
  <uniqueId>
    <type value="oid"/>
    <value value="1.2.208.176.1.2"/>
  </uniqueId>
  <uniqueId>
    <type value="uri"/>
    <value value="http://www.cpr.dk/cpr-systemet"/>
  </uniqueId>
</NamingSystem>