{
  "resourceType" : "Observation",
  "id" : "ElsePainVRS",
  "meta" : {
    "profile" : ["http://hl7.dk/fhir/core/StructureDefinition/dk-core-observation"]
  },
  "text" : {
    "status" : "generated",
    "div" : "<div xmlns=\"http://www.w3.org/1999/xhtml\"><p class=\"res-header-id\"><b>Generated Narrative: Observation ElsePainVRS</b></p><a name=\"ElsePainVRS\"> </a><a name=\"hcElsePainVRS\"> </a><a name=\"ElsePainVRS-da-DK\"> </a><p><b>status</b>: Final</p><p><b>code</b>: <span title=\"Codes:{http://snomed.info/sct 1144798005}\">Verbal Rating Scale pain intensity score</span></p><p><b>subject</b>: <a href=\"Patient-else.html\">Else Test Lauridsen(official) Female, DoB: 1991-02-02 ( urn:oid:1.2.208.176.1.2#0201919990)</a></p><p><b>effective</b>: 2020-06-01</p><p><b>value</b>: <span title=\"Codes:{http://localSystem.dk d253770d-ce0b-4320-9806-b8fbe9e5af8a}, {http://snomed.info/sct 76948002}\">Severe pain (finding)</span></p></div>"
  },
  "status" : "final",
  "code" : {
    "coding" : [{
      "system" : "http://snomed.info/sct",
      "version" : "http://snomed.info/sct/554471000005108",
      "code" : "1144798005",
      "display" : "Verbal Rating Scale pain intensity score"
    }]
  },
  "subject" : {
    "reference" : "Patient/else"
  },
  "effectiveDateTime" : "2020-06-01",
  "valueCodeableConcept" : {
    "coding" : [{
      "system" : "http://localSystem.dk",
      "code" : "d253770d-ce0b-4320-9806-b8fbe9e5af8a",
      "userSelected" : true
    },
    {
      "system" : "http://snomed.info/sct",
      "version" : "http://snomed.info/sct/554471000005108",
      "code" : "76948002",
      "display" : "Severe pain (finding)"
    }]
  }
}