<?xml version="1.0" encoding="UTF-8"?>

<Observation xmlns="http://hl7.org/fhir">
  <id value="ElsePainVRS"/>
  <meta>
    <profile value="http://hl7.dk/fhir/core/StructureDefinition/dk-core-observation"/>
  </meta>
  <text>
    <status value="generated"/><div xmlns="http://www.w3.org/1999/xhtml"><p><b>Generated Narrative: Observation</b><a name="ElsePainVRS"> </a><a name="hcElsePainVRS"> </a></p><div style="display: inline-block; background-color: #d9e0e7; padding: 6px; margin: 4px; border: 1px solid #8da1b4; border-radius: 5px; line-height: 60%"><p style="margin-bottom: 0px">Resource Observation &quot;ElsePainVRS&quot; </p><p style="margin-bottom: 0px">Profile: <a href="StructureDefinition-dk-core-observation.html">Danish Core Observation Profiles</a></p></div><p><b>status</b>: final</p><p><b>code</b>: Verbal Rating Scale pain intensity score <span style="background: LightGoldenRodYellow; margin: 4px; border: 1px solid khaki"> (<a href="https://browser.ihtsdotools.org/">SNOMED CT</a>#1144798005)</span></p><p><b>subject</b>: <a href="Patient-else.html">Patient/else</a> &quot; LAURIDSEN&quot;</p><p><b>effective</b>: 2020-06-01</p><p><b>value</b>: Severe pain (finding) <span style="background: LightGoldenRodYellow; margin: 4px; border: 1px solid khaki"> (localSystem.dk#d253770d-ce0b-4320-9806-b8fbe9e5af8a; <a href="https://browser.ihtsdotools.org/">SNOMED CT</a>#76948002)</span></p></div>
  </text>
  <status value="final"/>
  <code>
    <coding>
      <system value="http://snomed.info/sct"/>
      <code value="1144798005"/>
      <display value="Verbal Rating Scale pain intensity score"/>
    </coding>
  </code>
  <subject>
    <reference value="Patient/else"/>
  </subject>
  <effectiveDateTime value="2020-06-01"/>
  <valueCodeableConcept>
    <coding>
      <system value="http://localSystem.dk"/>
      <code value="d253770d-ce0b-4320-9806-b8fbe9e5af8a"/>
      <userSelected value="true"/>
    </coding>
    <coding>
      <system value="http://snomed.info/sct"/>
      <code value="76948002"/>
      <display value="Severe pain (finding)"/>
    </coding>
  </valueCodeableConcept>
</Observation>