<?xml version="1.0" encoding="UTF-8"?>

<Observation xmlns="http://hl7.org/fhir">
  <id value="ElseBodyTemperature"/>
  <meta>
    <profile value="http://hl7.dk/fhir/core/StructureDefinition/dk-core-basic-observation"/>
  </meta>
  <text>
    <status value="generated"/><div xmlns="http://www.w3.org/1999/xhtml"><p class="res-header-id"><b>Generated Narrative: Observation ElseBodyTemperature</b></p><a name="ElseBodyTemperature"> </a><a name="hcElseBodyTemperature"> </a><div style="display: inline-block; background-color: #d9e0e7; padding: 6px; margin: 4px; border: 1px solid #8da1b4; border-radius: 5px; line-height: 60%"><p style="margin-bottom: 0px"/><p style="margin-bottom: 0px">Profile: <a href="StructureDefinition-dk-core-basic-observation.html">Danish Core Basic Observation Profile</a></p></div><p><b>status</b>: Final</p><p><b>category</b>: <span title="Codes:{http://terminology.hl7.org/CodeSystem/observation-category vital-signs}">Vital Signs</span></p><p><b>code</b>: <span title="Codes:{http://loinc.org 8310-5}, {http://snomed.info/sct 276885007}">Body temperature</span></p><p><b>subject</b>: <a href="Patient-else.html">Else Test Lauridsen(official) Kvinde, DoB: 1991-02-02 ( urn:oid:1.2.208.176.1.2#0201919990)</a></p><p><b>effective</b>: 2023-09-12 17:45:00+0000</p><p><b>performer</b>: <a href="Practitioner-SidselSygeplejerske.html">Practitioner Sidsel Andersen</a></p><p><b>value</b>: 38.7 grader celcius<span style="background: LightGoldenRodYellow"> (Details: UCUM  codeCel = 'Cel')</span></p><p><b>method</b>: <span title="Codes:{http://snomed.info/sct 272391002}">Measurement technique (qualifier value)</span></p></div>
  </text>
  <status value="final"/>
  <category>
    <coding>
      <system value="http://terminology.hl7.org/CodeSystem/observation-category"/>
      <code value="vital-signs"/>
    </coding>
  </category>
  <code>
    <coding>
      <system value="http://loinc.org"/>
      <code value="8310-5"/>
    </coding>
    <coding>
      <system value="http://snomed.info/sct"/>
      <version value="http://snomed.info/sct/554471000005108"/>
      <code value="276885007"/>
    </coding>
  </code>
  <subject>
    <reference value="Patient/else"/>
  </subject>
  <effectiveDateTime value="2023-09-12T17:45:00.000Z"/>
  <performer>
    <reference value="Practitioner/SidselSygeplejerske"/>
  </performer>
  <valueQuantity>
    <value value="38.7"/>
    <unit value="grader celcius"/>
    <system value="http://unitsofmeasure.org"/>
    <code value="Cel"/>
  </valueQuantity>
  <method>
    <coding>
      <system value="http://snomed.info/sct"/>
      <version value="http://snomed.info/sct/554471000005108"/>
      <code value="272391002"/>
      <display value="Measurement technique (qualifier value)"/>
    </coding>
  </method>
</Observation>