{
  "resourceType" : "Observation",
  "id" : "ElseConsciousness",
  "meta" : {
    "profile" : ["http://hl7.dk/fhir/core/StructureDefinition/dk-core-observation"]
  },
  "text" : {
    "status" : "generated",
    "div" : "<div xmlns=\"http://www.w3.org/1999/xhtml\"><p><b>Generated Narrative: Observation</b><a name=\"ElseConsciousness\"> </a></p><div style=\"display: inline-block; background-color: #d9e0e7; padding: 6px; margin: 4px; border: 1px solid #8da1b4; border-radius: 5px; line-height: 60%\"><p style=\"margin-bottom: 0px\">Resource Observation &quot;ElseConsciousness&quot; </p><p style=\"margin-bottom: 0px\">Profile: <a href=\"StructureDefinition-dk-core-observation.html\">Danish Core Observation Profiles</a></p></div><p><b>status</b>: final</p><p><b>code</b>: Level of consciousness <span style=\"background: LightGoldenRodYellow; margin: 4px; border: 1px solid khaki\"> (<a href=\"https://browser.ihtsdotools.org/\">SNOMED CT</a>#6942003)</span></p><p><b>subject</b>: <a href=\"Patient-else.html\">Patient/else</a> &quot; LAURIDSEN&quot;</p><p><b>effective</b>: 2023-09-12 17:45:00+0000</p><p><b>performer</b>: <a href=\"Practitioner-SidselSygeplejerske.html\">Practitioner/SidselSygeplejerske</a> &quot; ANDERSEN&quot;</p><p><b>value</b>: Responds to pain (finding) <span style=\"background: LightGoldenRodYellow; margin: 4px; border: 1px solid khaki\"> (<a href=\"https://browser.ihtsdotools.org/\">SNOMED CT</a>#450847001)</span></p><p><b>method</b>: Reported (qualifier value) <span style=\"background: LightGoldenRodYellow; margin: 4px; border: 1px solid khaki\"> (<a href=\"https://browser.ihtsdotools.org/\">SNOMED CT</a>#733985002)</span></p></div>"
  },
  "status" : "final",
  "code" : {
    "coding" : [{
      "system" : "http://snomed.info/sct",
      "code" : "6942003"
    }]
  },
  "subject" : {
    "reference" : "Patient/else"
  },
  "effectiveDateTime" : "2023-09-12T17:45:00.000Z",
  "performer" : [{
    "reference" : "Practitioner/SidselSygeplejerske"
  }],
  "valueCodeableConcept" : {
    "coding" : [{
      "system" : "http://snomed.info/sct",
      "code" : "450847001"
    }]
  },
  "method" : {
    "coding" : [{
      "system" : "http://snomed.info/sct",
      "code" : "733985002",
      "display" : "Reported (qualifier value)"
    }]
  }
}