<?xml version="1.0" encoding="UTF-8"?>

<Organization xmlns="http://hl7.org/fhir">
  <id value="8510eec9-180b-4e9c-95b6-02fad9f853d3"/>
  <meta>
    <profile value="http://hl7.dk/fhir/core/StructureDefinition/dk-core-organization"/>
  </meta>
  <text>
    <status value="generated"/><div xmlns="http://www.w3.org/1999/xhtml"><p class="res-header-id"><b>Generated Narrative: Organization 8510eec9-180b-4e9c-95b6-02fad9f853d3</b></p><a name="8510eec9-180b-4e9c-95b6-02fad9f853d3"> </a><a name="hc8510eec9-180b-4e9c-95b6-02fad9f853d3"> </a><div style="display: inline-block; background-color: #d9e0e7; padding: 6px; margin: 4px; border: 1px solid #8da1b4; border-radius: 5px; line-height: 60%"><p style="margin-bottom: 0px"/><p style="margin-bottom: 0px">Profile: <a href="StructureDefinition-dk-core-organization.html">Danish Core Organization Profile</a></p></div><p><b>identifier</b>: <code>urn:oid:1.2.208.176.1.1</code>/12345678901, <code>https://www.gs1.org/gln</code>/5798002472264</p><p><b>type</b>: <span title="Codes:{http://snomed.info/sct 551611000005102}">operationsgang</span></p><p><b>name</b>: Ortopædkirurgisk sengeafdeling</p></div>
  </text>
  <identifier>
    <system value="urn:oid:1.2.208.176.1.1"/>
    <value value="12345678901"/>
  </identifier>
  <identifier>
    <system value="https://www.gs1.org/gln"/>
    <value value="5798002472264"/>
  </identifier>
  <type>
    <coding>
      <system value="http://snomed.info/sct"/>
      <version value="http://snomed.info/sct/554471000005108"/>
      <code value="551611000005102"/>
    </coding>
  </type>
  <name value="Ortopædkirurgisk sengeafdeling"/>
</Organization>