<?xml version="1.0" encoding="UTF-8"?>

<Patient xmlns="http://hl7.org/fhir">
  <id value="Confidential"/>
  <meta>
    <profile value="http://hl7.dk/fhir/core/StructureDefinition/dk-core-patient"/>
  </meta>
  <text>
    <status value="additional"/><div xmlns="http://www.w3.org/1999/xhtml">This instance is an example of a Danish citizen who has requested name and address protection (Navne- og adressebeskyttelse), why the instance is marked with a security label. Only personnel using systems in public/official affairs are allowed to see name and address for the citizen, why these information are included in the profile.<p></p><div style="display: inline-block; background-color: #d9e0e7; padding: 6px; margin: 4px; border: 1px solid #8da1b4; border-radius: 5px; line-height: 60%"><p style="margin-bottom: 0px">Resource "Confidential"</p><p style="margin-bottom: 0px">Profile: <a href="StructureDefinition-dk-core-patient.html">Danish Core Patient Profile</a></p><p style="margin-bottom: 0px">Security Labels: <span title="{http://terminology.hl7.org/CodeSystem/v3-Confidentiality http://terminology.hl7.org/CodeSystem/v3-Confidentiality}">http://terminology.hl7.org/CodeSystem/v3-Confidentiality</span></p></div><p><b>identifier</b>: id: 1502779995</p><p><b>name</b>: Hans Hansen (OFFICIAL)</p><p><b>gender</b>: male</p><p><b>birthDate</b>: 1976-08-09</p><p><b>address</b>: Julianevej 22 6000 Kolding (HOME)</p></div>
  </text>
  <identifier>
    <system value="urn:oid:1.2.208.176.1.2"/>
    <value value="1502779995"/>
  </identifier>
  <name>
    <use value="official"/>
    <family value="Berggren"/>
    <given value="Ruddi"/>
    <given value="Test"/>
  </name>
  <gender value="male"/>
  <birthDate value="1977-02-15"/>
  <address>
    <use value="home"/>
    <line value="Julianevej 22"/>
    <city value="6000 Kolding"/>
  </address>
</Patient>