{
  "resourceType" : "RelatedPerson",
  "id" : "TwoRelations",
  "meta" : {
    "profile" : ["http://hl7.dk/fhir/core/StructureDefinition/dk-core-related-person"]
  },
  "text" : {
    "status" : "generated",
    "div" : "<div xmlns=\"http://www.w3.org/1999/xhtml\"><p class=\"res-header-id\"><b>Generated Narrative: RelatedPerson TwoRelations</b></p><a name=\"TwoRelations\"> </a><a name=\"hcTwoRelations\"> </a><a name=\"TwoRelations-da-DK\"> </a><p><b>identifier</b>: <code>urn:oid:1.2.208.176.1.2</code>/0201919996</p><p><b>patient</b>: <a href=\"Patient-283.html\">Schwendlund Test Mosebryggersen(official) Male, DoB: 1958-08-01 ( urn:oid:1.2.208.176.1.2#0108589995\u00a0(use:\u00a0official,\u00a0))</a></p><p><b>relationship</b>: <span title=\"Codes:{http://terminology.hl7.org/CodeSystem/v3-RoleCode NBOR}\">neighbor</span>, <span title=\"Codes:{http://hl7.dk/fhir/core/CodeSystem/dk-relatedperson-relationshipcodes PRICARE}\">Primary caretaker</span></p><p><b>name</b>: Ellen Louise Test Lauridsen (Official)</p><p><b>gender</b>: Female</p><p><b>birthDate</b>: 1991-01-02</p></div>"
  },
  "identifier" : [{
    "system" : "urn:oid:1.2.208.176.1.2",
    "value" : "0201919996"
  }],
  "patient" : {
    "reference" : "Patient/283"
  },
  "relationship" : [{
    "coding" : [{
      "system" : "http://terminology.hl7.org/CodeSystem/v3-RoleCode",
      "code" : "NBOR"
    }]
  },
  {
    "coding" : [{
      "system" : "http://hl7.dk/fhir/core/CodeSystem/dk-relatedperson-relationshipcodes",
      "code" : "PRICARE"
    }]
  }],
  "name" : [{
    "use" : "official",
    "family" : "Lauridsen",
    "given" : ["Ellen Louise Test"]
  }],
  "gender" : "female",
  "birthDate" : "1991-01-02"
}