{
  "package": "hl7.fhir.dk.core",
  "version": "2.1.0",
  "fhirVersion": "4.0.1",
  "jurisdiction": "DK",
  "extensions": [
    {
      "url": "http://hl7.dk/fhir/core/StructureDefinition/ConditionLastAssertedDate",
      "title": "ConditionLastAssertedDate",
      "types": [
        "dateTime"
      ]
    },
    {
      "url": "http://hl7.dk/fhir/core/StructureDefinition/NotFollowedAnymore",
      "title": "NotFollowedAnymore",
      "types": [
        "dateTime"
      ]
    },
    {
      "url": "http://hl7.dk/fhir/core/StructureDefinition/dk-core-RegionalSubDivisionCodes",
      "title": "Danish Core Regional Sub Division Codes Extension",
      "types": [
        "CodeableConcept",
        "string",
        "Extension",
        "Coding",
        "string"
      ]
    },
    {
      "url": "http://hl7.dk/fhir/core/StructureDefinition/dk-core-municipalityCodes",
      "title": "Danish Core Municipality codes",
      "types": [
        "CodeableConcept",
        "string",
        "Extension",
        "Coding",
        "string"
      ]
    }
  ],
  "profiles": {
    "Condition": [
      {
        "url": "http://hl7.dk/fhir/core/StructureDefinition/dk-core-condition",
        "title": "Danish Core Condition Profile"
      }
    ],
    "Organization": [
      {
        "url": "http://hl7.dk/fhir/core/StructureDefinition/dk-core-organization",
        "title": "Danish Core Organization Profile"
      }
    ],
    "Patient": [
      {
        "url": "http://hl7.dk/fhir/core/StructureDefinition/dk-core-patient",
        "title": "Danish Core Patient Profile"
      }
    ],
    "Practitioner": [
      {
        "url": "http://hl7.dk/fhir/core/StructureDefinition/dk-core-practitioner",
        "title": "Danish Core Practitioner Profile"
      }
    ]
  },
  "usage": {
    "http://hl7.dk/fhir/core/StructureDefinition/ConditionLastAssertedDate": [
      "Condition"
    ],
    "http://hl7.dk/fhir/core/StructureDefinition/NotFollowedAnymore": [
      "Condition"
    ],
    "http://hl7.dk/fhir/core/StructureDefinition/dk-core-RegionalSubDivisionCodes": [
      "Patient.address"
    ],
    "http://hl7.dk/fhir/core/StructureDefinition/dk-core-municipalityCodes": [
      "Patient.address"
    ],
    "http://hl7.org/fhir/StructureDefinition/condition-dueTo": [
      "Condition"
    ],
    "http://hl7.org/fhir/StructureDefinition/elementdefinition-bestpractice": [
      "StructureDefinition.snapshot.element.constraint"
    ],
    "http://hl7.org/fhir/StructureDefinition/elementdefinition-bestpractice-explanation": [
      "StructureDefinition.snapshot.element.constraint"
    ],
    "http://hl7.org/fhir/StructureDefinition/elementdefinition-bindingName": [
      "StructureDefinition.snapshot.element.binding"
    ],
    "http://hl7.org/fhir/StructureDefinition/elementdefinition-isCommonBinding": [
      "StructureDefinition.snapshot.element.binding"
    ],
    "http://hl7.org/fhir/StructureDefinition/elementdefinition-maxValueSet": [
      "StructureDefinition.snapshot.element.binding"
    ],
    "http://hl7.org/fhir/StructureDefinition/elementdefinition-translatable": [
      "StructureDefinition.snapshot.element"
    ],
    "http://hl7.org/fhir/StructureDefinition/structuredefinition-category": [
      "StructureDefinition"
    ],
    "http://hl7.org/fhir/StructureDefinition/structuredefinition-explicit-type-name": [
      "StructureDefinition.snapshot.element"
    ],
    "http://hl7.org/fhir/StructureDefinition/structuredefinition-fhir-type": [
      "StructureDefinition.snapshot.element.type"
    ],
    "http://hl7.org/fhir/StructureDefinition/structuredefinition-hierarchy": [
      "StructureDefinition.snapshot.element.type"
    ],
    "http://hl7.org/fhir/StructureDefinition/structuredefinition-security-category": [
      "StructureDefinition"
    ],
    "http://hl7.org/fhir/tools/StructureDefinition/ig-page-name": [
      "ImplementationGuide.definition.page",
      "ImplementationGuide.definition.page.page"
    ],
    "http://hl7.org/fhir/tools/StructureDefinition/ig-parameter": [
      "ImplementationGuide.definition"
    ],
    "http://hl7.org/fhir/tools/StructureDefinition/implementationguide-dependency-comment": [
      "ImplementationGuide.dependsOn"
    ],
    "http://hl7.org/fhir/tools/StructureDefinition/resource-information": [
      "ImplementationGuide.definition.resource"
    ]
  }
}