<?xml version="1.0" encoding="UTF-8"?>

<ValueSet xmlns="http://hl7.org/fhir">
  <id value="dk-core-MunicipalityCodes"/>
  <text>
    <status value="generated"/><div xmlns="http://www.w3.org/1999/xhtml"><p class="res-header-id"><b>Generated Narrative: ValueSet dk-core-MunicipalityCodes</b></p><a name="dk-core-MunicipalityCodes"> </a><a name="hcdk-core-MunicipalityCodes"> </a><p>This value set includes codes based on the following rules:</p><ul><li>Include all codes defined in <a href="CodeSystem-dk-core-municipality-codes.html"><code>http://hl7.dk/fhir/core/CodeSystem/dk-core-municipality-codes</code></a><span title="Version is not explicitly stated, which means it is fixed to the version provided in this specification"> version &#x1F4E6;3.5.0</span></li><li>Include all codes defined in <a href="CodeSystem-dk-core-municipality-codes-greenland.html"><code>http://hl7.dk/fhir/core/CodeSystem/dk-core-municipality-codes-greenland</code></a><span title="Version is not explicitly stated, which means it is fixed to the version provided in this specification"> version &#x1F4E6;3.5.0</span></li></ul></div>
  </text>
  <url value="http://hl7.dk/fhir/core/ValueSet/dk-core-MunicipalityCodes"/>
  <version value="3.5.0"/>
  <name value="MunicipalityCodes"/>
  <title value="DK Municipality Codes"/>
  <status value="active"/>
  <experimental value="false"/>
  <date value="2025-12-19T17:27:08+01:00"/>
  <publisher value="HL7 Denmark"/>
  <contact>
    <name value="HL7 Denmark"/>
    <telecom>
      <system value="url"/>
      <value value="http://www.hl7.dk"/>
    </telecom>
    <telecom>
      <system value="email"/>
      <value value="dk-affiliate@hl7.dk"/>
    </telecom>
  </contact>
  <description value="Municipality codes used in Denmark"/>
  <jurisdiction>
    <coding>
      <system value="urn:iso:std:iso:3166"/>
      <code value="DK"/>
      <display value="Denmark"/>
    </coding>
  </jurisdiction>
  <compose>
    <include>
      <system value="http://hl7.dk/fhir/core/CodeSystem/dk-core-municipality-codes"/>
    </include>
    <include>
      <system value="http://hl7.dk/fhir/core/CodeSystem/dk-core-municipality-codes-greenland"/>
    </include>
  </compose>
</ValueSet>