{
  "codeSystems" : [
    {
      "url" : "http://hl7.dk/fhir/core/ValueSet/DkCoreProfessionGroupValueSet",
      "version" : "3.0.0",
      "status" : "active",
      "name" : "DkCoreProfessionGroupValueSet",
      "title" : "DK Profession Group",
      "description" : "DK Profession Group codes",
      "systems" : [
        "http://hl7.dk/fhir/core/CodeSystem/DkCoreProfessionGroupCodes"
      ],
      "uses" : {
      },
      "StructureDefinition-dk-core-practitioner.html" : "Danish Core Practitioner Profile"
    },
    {
      "url" : "http://hl7.dk/fhir/core/ValueSet/dk-core-LoincVitalSigns",
      "version" : "3.0.0",
      "status" : "active",
      "name" : "LoincVitalSigns",
      "title" : "DK Core Vital Signs",
      "description" : "LOINC codes describing vital signs.",
      "systems" : ["http://loinc.org"]
    },
    {
      "url" : "http://hl7.dk/fhir/core/ValueSet/dk-core-MunicipalityCodes",
      "version" : "3.0.0",
      "status" : "active",
      "name" : "MunicipalityCodes",
      "title" : "DK Municipality Codes",
      "description" : "Municipality codes used in Denmark",
      "systems" : [
        "http://hl7.dk/fhir/core/CodeSystem/dk-core-municipality-codes",
        "http://hl7.dk/fhir/core/CodeSystem/dk-core-municipality-codes-greenland"
      ],
      "uses" : {
      },
      "StructureDefinition-dk-core-organization.html" : "Danish Core Organization Profile",
      "StructureDefinition-dk-core-municipalityCodes.html" : "Danish Core Municipality codes"
    },
    {
      "url" : "http://hl7.dk/fhir/core/ValueSet/dk-core-RegionalSubDivisionCodes",
      "version" : "3.0.0",
      "status" : "active",
      "name" : "RegionalSubdivisionCodes",
      "title" : "DK Regional Subdivision Codes",
      "description" : "Subdivision codes (Regional codes) used in Denmark",
      "systems" : [
        "http://hl7.dk/fhir/core/CodeSystem/dk-core-regional-subdivision-codes"
      ],
      "uses" : {
      },
      "StructureDefinition-dk-core-RegionalSubDivisionCodes.html" : "Danish Core Regional Sub Division Codes Extension"
    },
    {
      "url" : "http://hl7.dk/fhir/core/ValueSet/dk-core-TechniquesSCTCodes",
      "version" : "3.0.0",
      "status" : "active",
      "name" : "TechniquesSCTCodes",
      "title" : "DK TechniquesSCTCodes",
      "description" : "SNOMED CT Codes for the technique used when obtaining an observation",
      "systems" : ["http://snomed.info/sct"],
      "uses" : {
      },
      "StructureDefinition-dk-core-observation.html" : "Danish Core Observation Profiles"
    },
    {
      "url" : "http://hl7.dk/fhir/core/ValueSet/dk-marital-status",
      "version" : "3.0.0",
      "status" : "active",
      "name" : null,
      "title" : "DK MaritalStatus",
      "description" : "This value set defines the set of codes that can be used to indicate the marital status of a person in Denmark.",
      "systems" : [
        "http://terminology.hl7.org/CodeSystem/v3-MaritalStatus",
        "http://hl7.dk/fhir/core/CodeSystem/dk-marital-status",
        "http://terminology.hl7.org/CodeSystem/v3-NullFlavor"
      ],
      "uses" : {
      },
      "StructureDefinition-dk-core-patient.html" : "Danish Core Patient Profile"
    },
    {
      "url" : "http://hl7.dk/fhir/core/ValueSet/sor-organization-type",
      "version" : "3.0.0",
      "status" : "active",
      "name" : "SorOrganizationType",
      "title" : "DK SOR Organization Type",
      "description" : "Value set used for indicating the organization type for organizations from SOR",
      "systems" : ["http://snomed.info/sct"],
      "uses" : {
      },
      "StructureDefinition-dk-core-organization.html" : "Danish Core Organization Profile"
    },
    {
      "url" : "http://hl7.org/fhir/ValueSet/address-type",
      "version" : "4.0.1",
      "status" : "active",
      "name" : "AddressType",
      "title" : "AddressType",
      "description" : "The type of an address (physical / postal).",
      "systems" : ["http://hl7.org/fhir/address-type"],
      "oids" : ["2.16.840.1.113883.4.642.3.69"],
      "sources" : ["2.16.840.1.113883.4.642.3.69"],
      "uses" : {
      },
      "StructureDefinition-dk-core-patient.html" : "Danish Core Patient Profile"
    },
    {
      "url" : "http://hl7.org/fhir/ValueSet/address-use",
      "version" : "4.0.1",
      "status" : "active",
      "name" : "AddressUse",
      "title" : "AddressUse",
      "description" : "The use of an address.",
      "systems" : ["http://hl7.org/fhir/address-use"],
      "oids" : ["2.16.840.1.113883.4.642.3.67"],
      "sources" : ["2.16.840.1.113883.4.642.3.67"],
      "uses" : {
      },
      "StructureDefinition-dk-core-patient.html" : "Danish Core Patient Profile"
    },
    {
      "url" : "http://hl7.org/fhir/ValueSet/administrative-gender",
      "version" : "4.0.1",
      "status" : "active",
      "name" : "AdministrativeGender",
      "title" : "AdministrativeGender",
      "description" : "The gender of a person used for administrative purposes.",
      "systems" : ["http://hl7.org/fhir/administrative-gender"],
      "oids" : ["2.16.840.1.113883.4.642.3.1"],
      "sources" : ["2.16.840.1.113883.4.642.3.1"],
      "uses" : {
      },
      "StructureDefinition-dk-core-patient.html" : "Danish Core Patient Profile",
      "StructureDefinition-dk-core-practitioner.html" : "Danish Core Practitioner Profile"
    },
    {
      "url" : "http://hl7.org/fhir/ValueSet/body-site",
      "version" : "4.0.1",
      "status" : "draft",
      "name" : "SNOMEDCTBodyStructures",
      "title" : "SNOMED CT Body Structures",
      "description" : "This value set includes all codes from [SNOMED CT](http://snomed.info/sct) where concept is-a 442083009 (Anatomical or acquired body site (body structure)).",
      "systems" : ["http://snomed.info/sct"],
      "oids" : ["2.16.840.1.113883.4.642.3.141"],
      "sources" : ["2.16.840.1.113883.4.642.3.141"],
      "uses" : {
      },
      "StructureDefinition-dk-core-observation.html" : "Danish Core Observation Profiles",
      "StructureDefinition-dk-core-condition.html" : "Danish Core Condition Profile"
    },
    {
      "url" : "http://hl7.org/fhir/ValueSet/condition-category",
      "version" : "4.0.1",
      "status" : "draft",
      "name" : "ConditionCategoryCodes",
      "title" : "Condition Category Codes",
      "description" : "Preferred value set for Condition Categories.",
      "systems" : ["http://terminology.hl7.org/CodeSystem/condition-category"],
      "oids" : ["2.16.840.1.113883.4.642.3.162"],
      "sources" : ["2.16.840.1.113883.4.642.3.162"],
      "uses" : {
      },
      "StructureDefinition-dk-core-condition.html" : "Danish Core Condition Profile"
    },
    {
      "url" : "http://hl7.org/fhir/ValueSet/condition-clinical",
      "version" : "4.0.1",
      "status" : "draft",
      "name" : "ConditionClinicalStatusCodes",
      "title" : "Condition Clinical Status Codes",
      "description" : "Preferred value set for Condition Clinical Status.",
      "systems" : ["http://terminology.hl7.org/CodeSystem/condition-clinical"],
      "oids" : ["2.16.840.1.113883.4.642.3.164"],
      "sources" : ["2.16.840.1.113883.4.642.3.164"],
      "uses" : {
      },
      "StructureDefinition-dk-core-condition.html" : "Danish Core Condition Profile"
    },
    {
      "url" : "http://hl7.org/fhir/ValueSet/condition-code",
      "version" : "4.0.1",
      "status" : "draft",
      "name" : "Condition/Problem/DiagnosisCodes",
      "title" : "Condition/Problem/Diagnosis Codes",
      "description" : "Example value set for Condition/Problem/Diagnosis codes.",
      "systems" : ["http://snomed.info/sct"],
      "oids" : ["2.16.840.1.113883.4.642.3.161"],
      "sources" : ["2.16.840.1.113883.4.642.3.161"],
      "uses" : {
      },
      "StructureDefinition-dk-core-condition.html" : "Danish Core Condition Profile"
    },
    {
      "url" : "http://hl7.org/fhir/ValueSet/condition-severity",
      "version" : "4.0.1",
      "status" : "draft",
      "name" : "Condition/DiagnosisSeverity",
      "title" : "Condition/Diagnosis Severity",
      "description" : "Preferred value set for Condition/Diagnosis severity grading.",
      "systems" : ["http://snomed.info/sct"],
      "oids" : ["2.16.840.1.113883.4.642.3.168"],
      "sources" : ["2.16.840.1.113883.4.642.3.168"],
      "uses" : {
      },
      "StructureDefinition-dk-core-condition.html" : "Danish Core Condition Profile"
    },
    {
      "url" : "http://hl7.org/fhir/ValueSet/condition-stage",
      "version" : "4.0.1",
      "status" : "draft",
      "name" : "ConditionStage",
      "title" : "Condition Stage",
      "description" : "Example value set for stages of cancer and other conditions.",
      "systems" : ["http://snomed.info/sct"],
      "oids" : ["2.16.840.1.113883.4.642.3.170"],
      "sources" : ["2.16.840.1.113883.4.642.3.170"],
      "uses" : {
      },
      "StructureDefinition-dk-core-condition.html" : "Danish Core Condition Profile"
    },
    {
      "url" : "http://hl7.org/fhir/ValueSet/condition-stage-type",
      "version" : "4.0.1",
      "status" : "draft",
      "name" : "ConditionStageType",
      "title" : "Condition Stage Type",
      "description" : "Example value set for the type of stages of cancer and other conditions",
      "systems" : ["http://snomed.info/sct"],
      "oids" : ["2.16.840.1.113883.4.642.3.171"],
      "sources" : ["2.16.840.1.113883.4.642.3.171"],
      "uses" : {
      },
      "StructureDefinition-dk-core-condition.html" : "Danish Core Condition Profile"
    },
    {
      "url" : "http://hl7.org/fhir/ValueSet/condition-ver-status",
      "version" : "4.0.1",
      "status" : "draft",
      "name" : "ConditionVerificationStatus",
      "title" : "ConditionVerificationStatus",
      "description" : "The verification status to support or decline the clinical status of the condition or diagnosis.",
      "systems" : ["http://terminology.hl7.org/CodeSystem/condition-ver-status"],
      "oids" : ["2.16.840.1.113883.4.642.3.166"],
      "sources" : ["2.16.840.1.113883.4.642.3.166"],
      "uses" : {
      },
      "StructureDefinition-dk-core-condition.html" : "Danish Core Condition Profile"
    },
    {
      "url" : "http://hl7.org/fhir/ValueSet/contactentity-type",
      "version" : "4.0.1",
      "status" : "draft",
      "name" : "ContactEntityType",
      "title" : "Contact entity type",
      "description" : "This example value set defines a set of codes that can be used to indicate the purpose for which you would contact a contact party.",
      "systems" : ["http://terminology.hl7.org/CodeSystem/contactentity-type"],
      "oids" : ["2.16.840.1.113883.4.642.3.416"],
      "sources" : ["2.16.840.1.113883.4.642.3.416"],
      "uses" : {
      },
      "StructureDefinition-dk-core-organization.html" : "Danish Core Organization Profile"
    },
    {
      "url" : "http://hl7.org/fhir/ValueSet/data-absent-reason",
      "version" : "4.0.1",
      "status" : "active",
      "name" : "DataAbsentReason",
      "title" : "DataAbsentReason",
      "description" : "Used to specify why the normally expected content of the data element is missing.",
      "systems" : ["http://terminology.hl7.org/CodeSystem/data-absent-reason"],
      "oids" : ["2.16.840.1.113883.4.642.3.5"],
      "sources" : ["2.16.840.1.113883.4.642.3.5"],
      "uses" : {
      },
      "StructureDefinition-dk-core-observation.html" : "Danish Core Observation Profiles"
    },
    {
      "url" : "http://hl7.org/fhir/ValueSet/identifier-type",
      "version" : "4.0.1",
      "status" : "active",
      "name" : "Identifier Type Codes",
      "title" : "IdentifierType",
      "description" : "A coded type for an identifier that can be used to determine which identifier to use for a specific purpose.",
      "systems" : ["http://terminology.hl7.org/CodeSystem/v2-0203"],
      "oids" : ["2.16.840.1.113883.4.642.3.45"],
      "sources" : ["2.16.840.1.113883.4.642.3.45"],
      "uses" : {
      },
      "StructureDefinition-dk-core-organization.html" : "Danish Core Organization Profile",
      "StructureDefinition-dk-core-kombit-org-identifier.html" : "Kombit Org Identifier",
      "StructureDefinition-dk-core-authorization-identifier.html" : "Danish Health Professionals Authorization Identifier",
      "StructureDefinition-dk-core-cvr-identifier.html" : "Danish Central Business Register (CVR) Identifier",
      "StructureDefinition-dk-core-cpr-identifier.html" : "Danish Central Person Register (CPR) Identifier",
      "StructureDefinition-dk-core-sor-identifier.html" : "SOR Identifier",
      "StructureDefinition-dk-core-gln-identifier.html" : "GLN Identifier"
    },
    {
      "url" : "http://hl7.org/fhir/ValueSet/identifier-use",
      "version" : "4.0.1",
      "status" : "active",
      "name" : "IdentifierUse",
      "title" : "IdentifierUse",
      "description" : "Identifies the purpose for this identifier, if known .",
      "systems" : ["http://hl7.org/fhir/identifier-use"],
      "oids" : ["2.16.840.1.113883.4.642.3.57"],
      "sources" : ["2.16.840.1.113883.4.642.3.57"],
      "uses" : {
      },
      "StructureDefinition-dk-core-organization.html" : "Danish Core Organization Profile",
      "StructureDefinition-dk-core-kombit-org-identifier.html" : "Kombit Org Identifier",
      "StructureDefinition-dk-core-authorization-identifier.html" : "Danish Health Professionals Authorization Identifier",
      "StructureDefinition-dk-core-cvr-identifier.html" : "Danish Central Business Register (CVR) Identifier",
      "StructureDefinition-dk-core-cpr-identifier.html" : "Danish Central Person Register (CPR) Identifier",
      "StructureDefinition-dk-core-sor-identifier.html" : "SOR Identifier",
      "StructureDefinition-dk-core-gln-identifier.html" : "GLN Identifier"
    },
    {
      "url" : "http://hl7.org/fhir/ValueSet/languages",
      "version" : "4.0.1",
      "status" : "draft",
      "name" : "CommonLanguages",
      "title" : "Common Languages",
      "description" : "This value set includes common codes from BCP-47 (http://tools.ietf.org/html/bcp47)",
      "systems" : ["urn:ietf:bcp:47"],
      "oids" : ["2.16.840.1.113883.4.642.3.20"],
      "sources" : ["2.16.840.1.113883.4.642.3.20"],
      "uses" : {
      },
      "StructureDefinition-dk-core-organization.html" : "Danish Core Organization Profile",
      "StructureDefinition-dk-core-patient.html" : "Danish Core Patient Profile",
      "StructureDefinition-dk-core-observation.html" : "Danish Core Observation Profiles",
      "StructureDefinition-dk-core-practitioner.html" : "Danish Core Practitioner Profile",
      "StructureDefinition-dk-core-condition.html" : "Danish Core Condition Profile"
    },
    {
      "url" : "http://hl7.org/fhir/ValueSet/link-type",
      "version" : "4.0.1",
      "status" : "active",
      "name" : "LinkType",
      "title" : "LinkType",
      "description" : "The type of link between this patient resource and another patient resource.",
      "systems" : ["http://hl7.org/fhir/link-type"],
      "oids" : ["2.16.840.1.113883.4.642.3.423"],
      "sources" : ["2.16.840.1.113883.4.642.3.423"],
      "uses" : {
      },
      "StructureDefinition-dk-core-patient.html" : "Danish Core Patient Profile"
    },
    {
      "url" : "http://hl7.org/fhir/ValueSet/manifestation-or-symptom",
      "version" : "4.0.1",
      "status" : "draft",
      "name" : "ManifestationAndSymptomCodes",
      "title" : "Manifestation and Symptom Codes",
      "description" : "Example value set for Manifestation and Symptom codes.",
      "systems" : ["http://snomed.info/sct"],
      "oids" : ["2.16.840.1.113883.4.642.3.169"],
      "sources" : ["2.16.840.1.113883.4.642.3.169"],
      "uses" : {
      },
      "StructureDefinition-dk-core-condition.html" : "Danish Core Condition Profile"
    },
    {
      "url" : "http://hl7.org/fhir/ValueSet/marital-status",
      "version" : "4.0.1",
      "status" : "active",
      "name" : "Marital Status Codes",
      "title" : "MaritalStatus",
      "description" : "This value set defines the set of codes that can be used to indicate the marital status of a person.",
      "systems" : [
        "http://terminology.hl7.org/CodeSystem/v3-MaritalStatus",
        "http://terminology.hl7.org/CodeSystem/v3-NullFlavor"
      ],
      "oids" : ["2.16.840.1.113883.4.642.3.29"],
      "sources" : ["2.16.840.1.113883.4.642.3.29"],
      "uses" : {
      },
      "ValueSet-dk-marital-status.html" : "DK MaritalStatus"
    },
    {
      "url" : "http://hl7.org/fhir/ValueSet/name-use",
      "version" : "4.0.1",
      "status" : "active",
      "name" : "NameUse",
      "title" : "NameUse",
      "description" : "The use of a human name.",
      "systems" : ["http://hl7.org/fhir/name-use"],
      "oids" : ["2.16.840.1.113883.4.642.3.65"],
      "sources" : ["2.16.840.1.113883.4.642.3.65"],
      "uses" : {
      },
      "StructureDefinition-dk-core-patient.html" : "Danish Core Patient Profile"
    },
    {
      "url" : "http://hl7.org/fhir/ValueSet/observation-category",
      "version" : "4.0.1",
      "status" : "draft",
      "name" : "ObservationCategoryCodes",
      "title" : "Observation Category Codes",
      "description" : "Observation Category codes.",
      "systems" : ["http://terminology.hl7.org/CodeSystem/observation-category"],
      "oids" : ["2.16.840.1.113883.4.642.3.403"],
      "sources" : ["2.16.840.1.113883.4.642.3.403"],
      "uses" : {
      },
      "StructureDefinition-dk-core-observation.html" : "Danish Core Observation Profiles"
    },
    {
      "url" : "http://hl7.org/fhir/ValueSet/observation-codes",
      "version" : "4.0.1",
      "status" : "draft",
      "name" : "LOINCCodes",
      "title" : "LOINC Codes",
      "description" : "This value set includes all LOINC codes",
      "systems" : ["http://loinc.org"],
      "oids" : ["2.16.840.1.113883.4.642.3.396"],
      "sources" : ["2.16.840.1.113883.4.642.3.396"],
      "uses" : {
      },
      "StructureDefinition-dk-core-observation.html" : "Danish Core Observation Profiles"
    },
    {
      "url" : "http://hl7.org/fhir/ValueSet/observation-interpretation",
      "version" : "4.0.1",
      "status" : "active",
      "name" : "ObservationInterpretationCodes",
      "title" : "Observation Interpretation Codes",
      "description" : "A categorical assessment, providing a rough qualitative interpretation of the observation value,    such as “normal”/ “abnormal”,”low” / “high”, “better” / “worse”, “susceptible” / “resistant”, “expected”/ “not expected”.    The value set is intended to be for ANY use where coded representation of an interpretation is needed.   \r\n   \r\n   Notes:\r\n   \r\n   This is being communicated in v2.x in OBX-8 (Observation Interpretation), in v3 in ObservationInterpretation (CWE) in R1 (Representative Realm) and in FHIR in    Observation.interpretation. Historically these values come from the laboratory domain, and these codes are extensively    used. The value set binding is extensible, so codes outside the value set that are needed for interpretation concepts    (i.e. particular meanings) that are not included in the value set can be used, and these new codes may also be added to    the value set and published in a future version.",
      "systems" : [
        "http://terminology.hl7.org/CodeSystem/v3-ObservationInterpretation"
      ],
      "oids" : ["2.16.840.1.113883.4.642.3.399"],
      "sources" : ["2.16.840.1.113883.4.642.3.399"],
      "uses" : {
      },
      "StructureDefinition-dk-core-observation.html" : "Danish Core Observation Profiles"
    },
    {
      "url" : "http://hl7.org/fhir/ValueSet/observation-methods",
      "version" : "4.0.1",
      "status" : "draft",
      "name" : "ObservationMethods",
      "title" : "Observation Methods",
      "description" : "Observation Method codes from [SNOMED CT](http://snomed.info/sct) where concept is-a 272394005 (Technique (qualifier value)) or is-a 129264002 (Action (qualifier value)) or is-a 386053000 (Evaluation procedure(procedure))",
      "systems" : ["http://snomed.info/sct"],
      "oids" : ["2.16.840.1.113883.4.642.3.395"],
      "sources" : ["2.16.840.1.113883.4.642.3.395"],
      "uses" : {
      },
      "StructureDefinition-dk-core-observation.html" : "Danish Core Observation Profiles"
    },
    {
      "url" : "http://hl7.org/fhir/ValueSet/observation-status",
      "version" : "4.0.1",
      "status" : "active",
      "name" : "ObservationStatus",
      "title" : "ObservationStatus",
      "description" : "Codes providing the status of an observation.",
      "systems" : ["http://hl7.org/fhir/observation-status"],
      "oids" : ["2.16.840.1.113883.4.642.3.400"],
      "sources" : ["2.16.840.1.113883.4.642.3.400"],
      "uses" : {
      },
      "StructureDefinition-dk-core-observation.html" : "Danish Core Observation Profiles"
    },
    {
      "url" : "http://hl7.org/fhir/ValueSet/patient-contactrelationship",
      "version" : "4.0.1",
      "status" : "active",
      "name" : "PatientContactRelationship",
      "title" : "Patient Contact Relationship ",
      "description" : "The nature of the relationship between the patient and the contact person.",
      "systems" : ["http://terminology.hl7.org/CodeSystem/v2-0131"],
      "oids" : ["2.16.840.1.113883.4.642.3.1130"],
      "sources" : ["2.16.840.1.113883.4.642.3.1130"],
      "uses" : {
      },
      "StructureDefinition-dk-core-patient.html" : "Danish Core Patient Profile"
    },
    {
      "url" : "http://hl7.org/fhir/ValueSet/quantity-comparator",
      "version" : "4.0.1",
      "status" : "active",
      "name" : "QuantityComparator",
      "title" : "QuantityComparator",
      "description" : "How the Quantity should be understood and represented.",
      "systems" : ["http://hl7.org/fhir/quantity-comparator"],
      "oids" : ["2.16.840.1.113883.4.642.3.59"],
      "sources" : ["2.16.840.1.113883.4.642.3.59"],
      "uses" : {
      },
      "StructureDefinition-dk-core-observation.html" : "Danish Core Observation Profiles"
    },
    {
      "url" : "http://hl7.org/fhir/ValueSet/referencerange-appliesto",
      "version" : "4.0.1",
      "status" : "draft",
      "name" : "ObservationReferenceRangeAppliesToCodes",
      "title" : "Observation Reference Range Applies To Codes",
      "description" : "This value set defines a set of codes that can be used to indicate the particular target population the reference range applies to.",
      "systems" : [
        "http://terminology.hl7.org/CodeSystem/v3-Race",
        "http://snomed.info/sct"
      ],
      "oids" : ["2.16.840.1.113883.4.642.3.407"],
      "sources" : ["2.16.840.1.113883.4.642.3.407"],
      "uses" : {
      },
      "StructureDefinition-dk-core-observation.html" : "Danish Core Observation Profiles"
    },
    {
      "url" : "http://hl7.org/fhir/ValueSet/referencerange-meaning",
      "version" : "4.0.1",
      "status" : "draft",
      "name" : "ObservationReferenceRangeMeaningCodes",
      "title" : "Observation Reference Range Meaning Codes",
      "description" : "This value set defines a set of codes that can be used to indicate the meaning/use of a reference range for a particular target population.",
      "systems" : [
        "http://terminology.hl7.org/CodeSystem/referencerange-meaning"
      ],
      "oids" : ["2.16.840.1.113883.4.642.3.397"],
      "sources" : ["2.16.840.1.113883.4.642.3.397"],
      "uses" : {
      },
      "StructureDefinition-dk-core-observation.html" : "Danish Core Observation Profiles"
    },
    {
      "url" : "http://hl7.org/fhir/ValueSet/resource-types",
      "version" : "5.0.0",
      "status" : "active",
      "name" : "ResourceType",
      "title" : "Resource Types",
      "description" : "Concrete FHIR Resource Types",
      "systems" : ["http://hl7.org/fhir/fhir-types"],
      "oids" : ["2.16.840.1.113883.4.642.3.27"],
      "sources" : ["2.16.840.1.113883.4.642.3.27"],
      "uses" : {
      },
      "StructureDefinition-dk-core-patient.html" : "Danish Core Patient Profile"
    },
    {
      "url" : "http://terminology.hl7.org/ValueSet/v2-2.7-0360",
      "version" : "0360",
      "status" : "active",
      "name" : "v2.0360.2.7",
      "title" : "v2 table 0360, Version 2.7",
      "description" : "FHIR Value set/code system definition for HL7 v2 table 0360 ver 2.9 ( Degree/License/Certificate)",
      "systems" : ["http://terminology.hl7.org/CodeSystem/v2-0360|2.7"],
      "uses" : {
      },
      "StructureDefinition-dk-core-practitioner.html" : "Danish Core Practitioner Profile"
    }
  ]
}
