<?xml version="1.0" encoding="UTF-8"?>

<ValueSet xmlns="http://hl7.org/fhir">
  <id value="extended-patient-contactrelationship"/>
  <text>
    <status value="generated"/><div xmlns="http://www.w3.org/1999/xhtml"><p class="res-header-id"><b>Generated Narrative: ValueSet extended-patient-contactrelationship</b></p><a name="extended-patient-contactrelationship"> </a><a name="hcextended-patient-contactrelationship"> </a><p>This value set includes codes based on the following rules:</p><ul><li>Import all the codes that are contained in <a href="http://hl7.org/fhir/R4/valueset-patient-contactrelationship.html">Patient Contact Relationship </a></li><li>Import all the codes that are contained in <a href="ValueSet-dk-core-RelatedPersonRelationshipTypes.html">DK Related Person Relationship Types</a></li></ul></div>
  </text>
  <url value="http://hl7.dk/fhir/core/ValueSet/extended-patient-contactrelationship"/>
  <version value="3.5.0"/>
  <name value="extended-patient-contactrelationship"/>
  <title value="DK Extended Patient Contact Relationship"/>
  <status value="active"/>
  <experimental value="false"/>
  <date value="2025-12-19T17:27:08+01:00"/>
  <publisher value="HL7 Denmark"/>
  <contact>
    <name value="HL7 Denmark"/>
    <telecom>
      <system value="url"/>
      <value value="http://www.hl7.dk"/>
    </telecom>
    <telecom>
      <system value="email"/>
      <value value="dk-affiliate@hl7.dk"/>
    </telecom>
  </contact>
  <description value="DK Extended Patient Contact Relationship"/>
  <jurisdiction>
    <coding>
      <system value="urn:iso:std:iso:3166"/>
      <code value="DK"/>
      <display value="Denmark"/>
    </coding>
  </jurisdiction>
  <compose>
    <include>
      <valueSet value="http://hl7.org/fhir/ValueSet/patient-contactrelationship"/>
    </include>
    <include>
      <valueSet value="http://hl7.dk/fhir/core/ValueSet/dk-core-RelatedPersonRelationshipTypes"/>
    </include>
  </compose>
</ValueSet>